School Name,Board Name,Municipality,School Level,School Language,Grade6Reading,LowIncome_pct,NoDegree_pct,Density_2021,Grade6Reading_pct,Grade6Writing_pct,Grade6Math_pct,Grade3Reading_pct,Grade3Math_pct,Grade6Reading_3yr_change,Grade6Math_3yr_change,SpecialEd_pct,Enrolment,City,Latitude,Longitude,EquityRisk
Anna McCrea Public School,Algoma DSB,sault ste marie,Elementary,English,92.0,0.0,0.0,324.6,92%,100%,62%,73%,67%,19.0,12.0,20,280,Sault Ste Marie,46.50593,-84.2873,False
Ben R McMullin Public School,Algoma DSB,sault ste marie,Elementary,English,60.0,15.0,10.0,324.6,60%,53%,27%,69%,56%,-3.0,-5.0,30,170,Sault Ste Marie,46.52455,-84.298,False
Blind River Public School,Algoma DSB,blind river,Elementary,English,75.0,20.0,10.0,6.7,75%,67%,17%,50%,56%,0.0,-28.0,25,190,Blind River,46.18454,-82.9576,False
Boreal French Immersion Public School,Algoma DSB,sault ste marie,Elementary,English,87.0,10.0,0.0,324.6,87%,94%,61%,N/D,51%,2.0,2.0,10,445,Sault Ste Marie,46.52447,-84.3107,False
Central Algoma Public School,Algoma DSB,johnson,Elementary,English,72.0,25.0,20.0,6.3,72%,64%,28%,29%,24%,-20.0,-32.0,10,170,Desbarats,46.34875,-83.9253,False
Central Avenue Public School,Algoma DSB,elliot lake,Elementary,English,85.0,20.0,10.0,16.3,85%,65%,55%,53%,53%,16.0,43.0,20,165,Elliot Lake,46.3904,-82.6588,False
Chapleau Public School,Algoma DSB,chapleau,Elementary,English,77.0,0.0,0.0,147.1,77%,62%,38%,N/R,N/R,37.0,28.0,20,100,Chapleau,47.84496,-83.4033,False
East View Public School,Algoma DSB,sault ste marie,Elementary,English,47.0,10.0,5.0,324.6,47%,43%,11%,38%,12%,-29.0,0.0,30,305,Sault Ste Marie,46.51668,-84.28,True
Esten Park Public School,Algoma DSB,elliot lake,Elementary,English,82.0,20.0,10.0,16.3,82%,76%,18%,48%,24%,-8.0,-2.0,5,160,Elliot Lake,46.37191,-82.6198,False
Francis H Clergue Public School,Algoma DSB,sault ste marie,Elementary,English,90.0,9.0,2.0,324.6,90%,85%,56%,N/D,59%,3.0,28.0,13,535,Sault Ste Marie,46.51862,-84.3096,False
Grand View Public School,Algoma DSB,sault ste marie,Elementary,English,69.0,0.0,0.0,324.6,69%,72%,31%,68%,68%,-23.0,-2.0,10,315,Sault Ste Marie,46.50955,-84.2659,False
Greenwood Public School,Algoma DSB,sault ste marie,Elementary,English,47.0,10.0,0.0,324.6,47%,41%,28%,75%,58%,-5.0,-6.0,20,270,Sault Ste Marie,46.56732,-84.3528,True
H M Robbins Public School,Algoma DSB,sault ste marie,Elementary,English,47.0,15.0,10.0,324.6,47%,37%,16%,74%,42%,-23.0,8.0,30,205,Sault Ste Marie,46.5328,-84.3895,True
Isabel Fletcher Public School,Algoma DSB,sault ste marie,Elementary,English,72.0,10.0,0.0,324.6,72%,66%,31%,64%,45%,-11.0,-14.0,35,210,Sault Ste Marie,46.55114,-84.3789,False
Kiwedin Public School,Algoma DSB,sault ste marie,Elementary,English,59.0,15.0,0.0,324.6,59%,63%,19%,45%,30%,-15.0,14.0,25,190,Sault Ste Marie,46.54201,-84.3351,True
Mountain View Public School,Algoma DSB,sault ste marie,Elementary,English,71.0,10.0,0.0,324.6,71%,52%,29%,24%,38%,9.0,4.0,20,230,Goulais River,46.77124,-84.3616,False
Northern Heights Public School,Algoma DSB,sault ste marie,Elementary,English,61.0,15.0,0.0,324.6,61%,52%,22%,76%,52%,-8.0,-3.0,30,230,Sault Ste Marie,46.53072,-84.329,False
Parkland Public School,Algoma DSB,sault ste marie,Elementary,English,73.0,10.0,0.0,324.6,73%,45%,27%,29%,7%,3.0,27.0,30,125,Sault Ste Marie,46.51456,-84.2582,False
Pinewood Public School,Algoma DSB,sault ste marie,Elementary,English,50.0,10.0,10.0,324.6,50%,39%,11%,47%,28%,-43.0,-16.0,20,245,Sault Ste Marie,46.52417,-84.2477,True
Queen Elizabeth Public School,Algoma DSB,sault ste marie,Elementary,English,86.0,10.0,0.0,324.6,86%,81%,51%,71%,60%,14.0,15.0,20,290,Sault Ste Marie,46.50658,-84.3041,False
R M Moore Public School,Algoma DSB,sault ste marie,Elementary,English,94.0,5.0,0.0,324.6,94%,84%,72%,75%,75%,2.0,8.0,20,280,Sault Ste Marie,46.52177,-84.4441,False
River View Public School,Algoma DSB,sault ste marie,Elementary,English,74.0,15.0,5.0,324.6,74%,63%,40%,31%,21%,-2.0,22.0,25,205,Sault Ste Marie,46.51751,-84.299,False
Sir James Dunn Public School,Algoma DSB,middlesex,Elementary,English,60.0,10.0,0.0,150.9,60%,40%,10%,N/R,N/R,3.0,10.0,20,85,Wawa,47.99693,-84.7728,False
St Joseph Island Central Public School,Algoma DSB,st joseph,Elementary,English,92.0,10.0,0.0,11.2,92%,85%,54%,93%,100%,9.0,54.0,10,135,Richards Landing,46.28922,-84.0347,False
Tarentorus Public School,Algoma DSB,sault ste marie,Elementary,English,68.0,5.0,0.0,324.6,68%,62%,53%,79%,63%,-18.0,-4.0,15,315,Sault Ste Marie,46.54554,-84.3085,False
Thessalon Public School,Algoma DSB,thessalon,Elementary,English,71.0,15.0,0.0,287.5,71%,57%,24%,73%,40%,-8.0,-9.0,30,155,Thessalon,46.2604,-83.559,False
Archbishop O'Sullivan Catholic School,Algonquin and Lakeshore CDSB,kingston,Elementary,English,72.0,10.0,0.0,293.4,72%,81%,59%,96%,88%,-18.0,0.0,20,240,Kingston,44.2496,-76.5849,False
Cathedrale Catholic School,Algonquin and Lakeshore CDSB,kingston,Elementary,English,78.0,5.0,0.0,293.4,78%,74%,28%,83%,66%,-15.0,-12.0,15,355,Kingston,44.23167,-76.491,False
Georges Vanier Catholic School,Algonquin and Lakeshore CDSB,belleville,Elementary,English,81.0,10.0,5.0,222.8,81%,75%,39%,74%,50%,-10.0,2.0,20,320,Belleville,44.18404,-77.4013,False
Holy Name Catholic School,Algonquin and Lakeshore CDSB,kingston,Elementary,English,76.0,0.0,0.0,293.4,76%,62%,29%,83%,78%,9.0,2.0,20,140,Kingston,44.30068,-76.4242,False
Holy Name of Mary Catholic School,Algonquin and Lakeshore CDSB,tyendinaga,Elementary,English,100.0,0.0,5.0,14.5,100%,91%,55%,58%,67%,31.0,47.0,15,140,Marysville,44.22671,-77.1368,False
Holy Rosary Catholic School,Algonquin and Lakeshore CDSB,belleville,Elementary,English,83.0,10.0,0.0,222.8,83%,75%,38%,57%,52%,23.0,25.0,20,210,Belleville,44.17815,-77.3845,False
J J O'Neill Catholic School,Algonquin and Lakeshore CDSB,greater napanee,Elementary,English,81.0,5.0,0.0,36.5,81%,66%,35%,54%,58%,18.0,20.0,20,260,Napanee,44.24701,-76.9636,False
Our Lady of Fatima Catholic School,Algonquin and Lakeshore CDSB,belleville,Elementary,English,82.0,15.0,10.0,222.8,82%,71%,24%,41%,27%,15.0,-9.0,25,160,Belleville,44.16552,-77.4014,False
Our Lady of Lourdes Catholic School,Algonquin and Lakeshore CDSB,kingston,Elementary,English,71.0,10.0,0.0,293.4,71%,81%,29%,78%,50%,-18.0,0.0,20,220,Kingston,44.22013,-76.5708,False
Our Lady of Mercy Catholic School,Algonquin and Lakeshore CDSB,bancroft,Elementary,English,94.0,15.0,5.0,17.9,94%,94%,56%,93%,74%,11.0,39.0,10,220,Bancroft,45.05601,-77.8624,False
Our Lady of Mount Carmel Catholic School,Algonquin and Lakeshore CDSB,loyalist,Elementary,English,90.0,5.0,1.0,52.4,90%,78%,45%,66%,57%,6.0,19.0,17,570,Amherstview,44.2236,-76.6407,False
Sacred Heart Catholic School,Algonquin and Lakeshore CDSB,marmora and lake,Elementary,English,93.0,10.0,0.0,7.9,93%,79%,21%,77%,77%,20.0,3.0,30,135,Marmora,44.48104,-77.6787,False
Sacred Heart Catholic School,Algonquin and Lakeshore CDSB,quinte west,Elementary,English,92.0,0.0,5.0,94.0,92%,75%,42%,11%,17%,17.0,0.0,15,155,Batawa,44.17001,-77.5964,False
St Carthagh Catholic School,Algonquin and Lakeshore CDSB,tweed,Elementary,English,80.0,10.0,0.0,6.6,80%,73%,27%,40%,30%,0.0,-33.0,30,120,Tweed,44.47874,-77.317,False
St Francis of Assisi Catholic School,Algonquin and Lakeshore CDSB,kingston,Elementary,English,67.0,30.0,15.0,293.4,67%,50%,22%,31%,0%,-19.0,-5.0,25,265,Kingston,44.26086,-76.4907,False
St Gregory Catholic School,Algonquin and Lakeshore CDSB,prince edward,Elementary,English,53.0,5.0,5.0,24.4,53%,67%,17%,53%,58%,-24.0,-12.0,20,220,Picton,44.00879,-77.1326,True
St Joseph Catholic School,Algonquin and Lakeshore CDSB,belleville,Elementary,English,93.0,5.0,0.0,222.8,93%,93%,55%,87%,68%,1.0,5.0,20,385,Belleville,44.16896,-77.3584,False
St Marguerite Bourgeoys Catholic School,Algonquin and Lakeshore CDSB,kingston,Elementary,English,80.0,10.0,0.0,293.4,80%,80%,41%,91%,64%,7.0,10.0,15,435,Kingston,44.25374,-76.5534,False
St Martha Catholic School,Algonquin and Lakeshore CDSB,kingston,Elementary,English,97.0,0.0,0.0,293.4,97%,87%,58%,79%,74%,9.0,9.0,20,325,Kingston,44.26573,-76.4467,False
St Mary Catholic School,Algonquin and Lakeshore CDSB,quinte west,Elementary,English,85.0,10.0,5.0,94.0,85%,78%,27%,45%,43%,0.0,-9.0,15,350,Trenton,44.10885,-77.5662,False
St Mary Catholic School,Algonquin and Lakeshore CDSB,tyendinaga,Elementary,English,90.0,5.0,0.0,14.5,90%,100%,40%,54%,54%,13.0,25.0,10,125,Shannonville,44.3069,-77.2217,False
St Michael Catholic School,Algonquin and Lakeshore CDSB,belleville,Elementary,English,78.0,12.0,4.0,222.8,78%,74%,36%,70%,59%,2.0,28.0,11,540,Belleville,44.16771,-77.3821,False
St Patrick Catholic School,Algonquin and Lakeshore CDSB,south frontenac,Elementary,English,65.0,10.0,0.0,21.3,65%,70%,25%,60%,60%,-23.0,-3.0,25,250,Harrowsmith,44.39978,-76.67,False
St Paul Catholic School,Algonquin and Lakeshore CDSB,kingston,Elementary,English,92.0,10.0,0.0,293.4,92%,100%,77%,60%,65%,0.0,19.0,20,160,Kingston,44.24963,-76.5241,False
St Peter Catholic School,Algonquin and Lakeshore CDSB,quinte west,Elementary,English,72.0,5.0,0.0,94.0,72%,81%,20%,63%,38%,-1.0,-18.0,10,425,Trenton,44.09989,-77.579,False
St Thomas More Catholic School,Algonquin and Lakeshore CDSB,kingston,Elementary,English,64.0,20.0,0.0,293.4,64%,57%,36%,68%,58%,-10.0,-6.0,10,245,Kingston,44.23513,-76.524,False
St. John XXIII Catholic School,Algonquin and Lakeshore CDSB,kingston,Elementary,English,91.0,5.0,0.0,293.4,91%,95%,64%,77%,37%,-9.0,3.0,15,275,Kingston,44.24649,-76.6039,False
St. Teresa of Calcutta Catholic School,Algonquin and Lakeshore CDSB,kingston,Elementary,English,92.0,0.0,0.0,293.4,92%,81%,44%,74%,57%,-1.0,-13.0,10,445,Kingston,44.25586,-76.5982,False
Anne Hathaway Public School,Avon Maitland DSB,stratford,Elementary,English,78.0,10.0,5.0,1107.0,78%,88%,24%,49%,41%,-14.0,-23.0,10,385,Stratford,43.3579,-80.972,False
Avon Public School,Avon Maitland DSB,stratford,Elementary,English,86.0,10.0,0.0,1107.0,86%,80%,68%,67%,57%,0.0,17.0,10,455,Stratford,43.37444,-80.9979,False
Bedford Public School,Avon Maitland DSB,stratford,Elementary,English,80.0,5.0,5.0,1107.0,80%,91%,65%,74%,67%,-2.0,15.0,10,485,Stratford,43.3824,-80.9722,False
Bluewater Coast Elementary Public School,Avon Maitland DSB,bluewater,Elementary,English,83.0,5.0,5.0,18.1,83%,92%,50%,65%,65%,-17.0,-20.0,10,160,Hensall,43.43146,-81.5015,False
Central Perth Elementary School,Avon Maitland DSB,perth east,Elementary,English,85.0,10.0,10.0,17.7,85%,75%,40%,83%,50%,-3.0,-7.0,10,190,Sebringville,43.46305,-81.0266,False
Clinton Public School,Avon Maitland DSB,central huron,Elementary,English,69.0,10.0,10.0,17.4,69%,62%,35%,88%,76%,-23.0,-19.0,10,245,Clinton,43.61488,-81.532,False
Downie Central Public School,Avon Maitland DSB,perth south,Elementary,English,86.0,10.0,0.0,9.6,86%,93%,71%,83%,83%,15.0,23.0,10,150,St Pauls,43.32748,-81.0775,False
Elma Township Public School,Avon Maitland DSB,north perth,Elementary,English,83.0,10.0,30.0,31.5,83%,79%,62%,81%,71%,2.0,-5.0,10,340,Atwood,43.65629,-81.0259,False
Exeter Elementary School,Avon Maitland DSB,south huron,Elementary,English,88.0,10.0,5.0,23.7,88%,85%,55%,69%,63%,-7.0,5.0,5,395,Exeter,43.35124,-81.4776,False
Goderich Public School,Avon Maitland DSB,goderich,Elementary,English,82.0,10.0,0.0,923.1,82%,80%,53%,80%,79%,-9.0,3.0,10,485,Goderich,43.73468,-81.7164,False
Hamlet Public School,Avon Maitland DSB,stratford,Elementary,English,81.0,5.0,5.0,1107.0,81%,59%,46%,73%,52%,9.0,7.0,10,235,Stratford,43.3645,-80.9909,False
Howick Central Public School,Avon Maitland DSB,howick,Elementary,English,85.0,15.0,30.0,14.1,85%,65%,20%,52%,36%,8.0,6.0,10,315,Gorrie,43.88372,-81.054,False
Hullett Central Public School,Avon Maitland DSB,central huron,Elementary,English,65.0,10.0,5.0,17.4,65%,50%,32%,82%,86%,-12.0,9.0,15,245,Londesborough,43.69759,-81.4775,False
Huron Centennial Public School,Avon Maitland DSB,bluewater,Elementary,English,70.0,10.0,5.0,18.1,70%,59%,32%,66%,63%,-17.0,-34.0,5,405,Brucefield,43.50722,-81.5155,False
Listowel Eastdale Public School,Avon Maitland DSB,north perth,Elementary,English,88.0,0.0,15.0,31.5,88%,83%,64%,83%,79%,-1.0,15.0,10,345,Listowel,43.72679,-80.9496,False
Little Falls Public School,Avon Maitland DSB,st marys,Elementary,English,93.0,0.0,0.0,593.8,93%,86%,72%,64%,71%,4.0,5.0,10,450,St Marys,43.25111,-81.1319,False
Maitland River Elementary Public School,Avon Maitland DSB,north huron,Elementary,English,73.0,15.0,10.0,28.2,73%,58%,50%,83%,78%,8.0,23.0,15,415,Wingham,43.88225,-81.3033,False
Milverton Public School,Avon Maitland DSB,perth east,Elementary,English,86.0,10.0,40.0,17.7,86%,76%,62%,88%,83%,5.0,12.0,10,295,Milverton,43.56293,-80.915,False
Mornington Central Public School,Avon Maitland DSB,perth east,Elementary,English,54.0,15.0,50.0,17.7,54%,54%,23%,40%,33%,-18.0,12.0,10,185,Newton,43.61469,-80.8846,True
North Easthope Public School,Avon Maitland DSB,perth east,Elementary,English,90.0,0.0,10.0,17.7,90%,80%,40%,79%,57%,28.0,-6.0,10,170,Stratford,43.42512,-80.864,False
North Perth Westfield Elementary School,Avon Maitland DSB,north perth,Elementary,English,60.0,8.0,16.0,31.5,60%,54%,27%,42%,39%,-25.0,-14.0,9,740,Listowel,43.74007,-80.9644,False
North Woods Elementary School,Avon Maitland DSB,huron east,Elementary,English,86.0,10.0,20.0,14.2,86%,71%,36%,44%,56%,1.0,-2.0,10,160,Ethel,43.71417,-81.145,False
Romeo Public School,Avon Maitland DSB,stratford,Elementary,English,65.0,10.0,0.0,1107.0,65%,76%,41%,50%,50%,-35.0,-9.0,10,150,Stratford,43.36905,-80.9779,False
Seaforth Public School,Avon Maitland DSB,huron east,Elementary,English,86.0,5.0,0.0,14.2,86%,81%,52%,85%,96%,5.0,8.0,10,310,Seaforth,43.55481,-81.3889,False
Shakespeare Public School,Avon Maitland DSB,stratford,Elementary,English,73.0,10.0,0.0,1107.0,73%,77%,14%,56%,50%,-3.0,-39.0,10,205,Stratford,43.36207,-80.9829,False
South Perth Centennial Public School,Avon Maitland DSB,perth south,Elementary,English,95.0,0.0,0.0,9.6,95%,90%,65%,67%,72%,-5.0,22.0,5,190,St Marys,43.26794,-81.193,False
Sprucedale Public School,Avon Maitland DSB,perth east,Elementary,English,94.0,5.0,0.0,17.7,94%,81%,62%,80%,80%,12.0,21.0,10,180,Shakespeare,43.36809,-80.8394,False
Stephen Central Public School,Avon Maitland DSB,south huron,Elementary,English,100.0,10.0,10.0,23.7,100%,94%,41%,86%,50%,0.0,3.0,10,135,Dashwood,43.29587,-81.5989,False
Upper Thames Elementary School,Avon Maitland DSB,west perth,Elementary,English,80.0,6.0,5.0,15.6,80%,74%,46%,56%,49%,-4.0,6.0,9,615,Mitchell,43.4736,-81.1857,False
Alexandra Community School,Bluewater DSB,owen sound,Elementary,English,50.0,10.0,0.0,892.6,50%,47%,23%,62%,65%,-32.0,-12.0,25,335,Owen Sound,44.57298,-80.9294,True
Arran Tara Elementary School,Bluewater DSB,arran-elderslie,Elementary,English,73.0,10.0,10.0,15.1,73%,66%,22%,45%,39%,3.0,1.0,15,405,Tara,44.48145,-81.1525,False
Beaver Valley Community School,Bluewater DSB,the blue mountains,Elementary,English,85.0,8.0,2.0,33.0,85%,77%,59%,87%,85%,-5.0,8.0,13,625,Thornbury,44.55342,-80.4621,False
Beavercrest Community School,Bluewater DSB,grey highlands,Elementary,English,92.0,10.0,5.0,11.9,92%,81%,47%,82%,86%,0.0,15.0,10,315,Markdale,44.3194,-80.64357,False
Chesley District Community School,Bluewater DSB,arran-elderslie,Elementary,English,80.0,15.0,20.0,15.1,80%,71%,27%,65%,62%,24.0,2.0,20,345,Chesley,44.30696,-81.0976,False
Dawnview Public School,Bluewater DSB,hanover,Elementary,English,100.0,10.0,10.0,814.6,100%,95%,64%,70%,65%,23.0,14.0,20,200,Hanover,44.14548,-81.0209,False
East Ridge Community School,Bluewater DSB,owen sound,Elementary,English,78.0,10.0,6.0,892.6,78%,82%,34%,63%,59%,1.0,-3.0,21,790,Owen Sound,44.56713,-80.9161,False
Egremont Community School,Bluewater DSB,southgate,Elementary,English,63.0,20.0,30.0,13.6,63%,63%,42%,83%,54%,-2.0,20.0,20,230,Holstein,44.06142,-80.7596,False
Elgin Market Public School,Bluewater DSB,kincardine,Elementary,English,97.0,0.0,0.0,22.8,97%,83%,56%,80%,76%,10.0,29.0,10,295,Kincardine,44.16484,-81.6435,False
G C Huston Public School,Bluewater DSB,saugeen shores,Elementary,English,66.0,5.0,0.0,93.5,66%,64%,35%,61%,49%,11.0,6.0,20,370,Southampton,44.49686,-81.3679,False
Georgian Bay Community School,Bluewater DSB,meaford,Elementary,English,58.0,10.0,7.0,19.5,58%,51%,28%,55%,44%,-24.0,-8.0,23,770,Meaford,44.59316,-80.58322,True
Hanover Heights Community School,Bluewater DSB,hanover,Elementary,English,85.0,10.0,5.0,814.6,85%,75%,38%,47%,36%,7.0,-2.0,20,385,Hanover,44.15626,-81.0223,False
Highpoint Community Elementary School,Bluewater DSB,southgate,Elementary,English,73.0,10.0,25.0,13.6,73%,70%,30%,55%,42%,-13.0,-22.0,15,480,Dundalk,44.16386,-80.3986,False
Hillcrest Central School,Bluewater DSB,south bruce,Elementary,English,73.0,10.0,20.0,12.1,73%,82%,18%,62%,62%,-2.0,-20.0,15,145,Teeswater,43.99987,-81.2903,False
Hillcrest Elementary School,Bluewater DSB,owen sound,Elementary,English,51.0,15.0,10.0,892.6,51%,51%,32%,49%,49%,-21.0,7.0,20,495,Owen Sound,44.56251,-80.9505,True
Holland-Chatsworth Central School,Bluewater DSB,chatsworth,Elementary,English,62.0,10.0,10.0,11.9,62%,72%,28%,44%,39%,-25.0,-14.0,15,305,Holland Centre,44.41398,-80.8287,False
Huron Heights Public School,Bluewater DSB,kincardine,Elementary,English,92.0,5.0,5.0,22.8,92%,84%,58%,69%,61%,2.0,22.0,30,300,Kincardine,44.16912,-81.6201,False
Keppel-Sarawak Elementary School,Bluewater DSB,owen sound,Elementary,English,82.0,10.0,5.0,892.6,82%,76%,41%,75%,66%,-12.0,-15.0,10,425,Owen Sound,44.58898,-80.9544,False
Macphail Memorial Elementary School,Bluewater DSB,grey highlands,Elementary,English,84.0,9.0,18.0,11.9,84%,76%,33%,48%,42%,17.0,21.0,14,585,Flesherton,44.2585,-80.5487,False
Mildmay-Carrick Central School,Bluewater DSB,south bruce,Elementary,English,70.0,10.0,0.0,12.1,70%,61%,39%,56%,62%,-24.0,-17.0,10,175,Mildmay,44.0374,-81.1117,False
Normanby Community School,Bluewater DSB,west grey,Elementary,English,73.0,10.0,20.0,15.0,73%,74%,39%,42%,21%,6.0,11.0,20,200,Ayton,44.05811,-80.9276,False
Northport Elementary School,Bluewater DSB,saugeen shores,Elementary,English,76.0,5.0,0.0,93.5,76%,69%,47%,73%,68%,-20.0,-25.0,5,480,Port Elgin,44.44679,-81.3837,False
Osprey Central School,Bluewater DSB,grey highlands,Elementary,English,72.0,10.0,30.0,11.9,72%,66%,24%,86%,67%,7.0,3.0,20,400,Maxwell,44.31534,-80.37,False
Paisley Central School,Bluewater DSB,arran-elderslie,Elementary,English,91.0,20.0,10.0,15.1,91%,73%,18%,70%,60%,5.0,-25.0,15,170,Paisley,44.29813,-81.2736,False
Port Elgin-Saugeen Central School,Bluewater DSB,saugeen shores,Elementary,English,75.0,9.0,2.0,93.5,75%,73%,51%,68%,60%,0.0,16.0,9,635,Port Elgin,44.43482,-81.3942,False
Ripley-Huron Community - Junior Campus School,Bluewater DSB,arran-elderslie,Elementary,English,89.0,5.0,0.0,15.1,89%,70%,38%,62%,53%,2.0,-14.0,10,305,Ripley,44.07316,-81.5823,False
Spruce Ridge Community School,Bluewater DSB,west grey,Elementary,English,44.0,15.0,5.0,15.0,44%,52%,26%,42%,36%,-30.0,-14.0,20,360,Durham,44.17444,-80.8128,True
Sullivan Community School,Bluewater DSB,chatsworth,Elementary,English,75.0,15.0,20.0,11.9,75%,67%,33%,71%,47%,-12.0,0.0,20,165,Chatsworth,44.40274,-80.9897,False
Walkerton District Community School,Bluewater DSB,brockton,Elementary,English,58.0,10.0,5.0,17.3,58%,62%,29%,73%,43%,-12.0,1.0,20,385,Walkerton,44.11726,-81.1476,True
Blessed Sacrament School,Brant Haldimand Norfolk CDSB,brant,Elementary,English,81.0,0.0,0.0,132.3,81%,74%,41%,63%,60%,13.0,20.0,20,265,Burford,43.10081,-80.443,False
Blessed Sacrament School,Brant Haldimand Norfolk CDSB,brant,Elementary,English,81.0,0.0,0.0,48.3,81%,74%,41%,63%,60%,13.0,20.0,20,265,Burford,43.10081,-80.443,False
Christ the King School,Brant Haldimand Norfolk CDSB,brantford,Elementary,English,78.0,20.0,0.0,1061.2,78%,87%,43%,79%,63%,-10.0,12.0,20,220,Brantford,43.14795,-80.2832,False
Holy Cross School,Brant Haldimand Norfolk CDSB,brantford,Elementary,English,68.0,20.0,10.0,1061.2,68%,73%,5%,52%,36%,5.0,-7.0,15,300,Brantford,43.14676,-80.2419,False
Holy Family School,Brant Haldimand Norfolk CDSB,brant,Elementary,English,83.0,5.0,0.0,132.3,83%,83%,65%,79%,71%,-11.0,34.0,10,225,Paris,43.20659,-80.3899,False
Holy Family School,Brant Haldimand Norfolk CDSB,brant,Elementary,English,83.0,5.0,0.0,48.3,83%,83%,65%,79%,71%,-11.0,34.0,10,225,Paris,43.20659,-80.3899,False
Madonna Della Libera Catholic Elementary School,Brant Haldimand Norfolk CDSB,brantford,Elementary,English,50.0,20.0,10.0,1061.2,50%,58%,21%,65%,51%,-37.0,-16.0,10,340,BRANTFORD,43.1212,-80.2496,True
Notre Dame Catholic Catholic Elementary School,Brant Haldimand Norfolk CDSB,haldimand county,Elementary,English,91.0,0.0,5.0,39.4,91%,95%,73%,90%,67%,-9.0,-11.0,10,365,Caledonia,43.06181,-79.9638,False
Notre Dame School,Brant Haldimand Norfolk CDSB,brantford,Elementary,English,76.0,10.0,0.0,1061.2,76%,76%,28%,86%,72%,-1.0,-3.0,20,330,Brantford,43.18154,-80.236,False
Our Lady of Providence Catholic Elementary School,Brant Haldimand Norfolk CDSB,brantford,Elementary,English,79.0,0.0,0.0,1061.2,79%,76%,31%,84%,71%,-8.0,-21.0,5,290,Brantford,43.17546,-80.2852,False
Resurrection School,Brant Haldimand Norfolk CDSB,brantford,Elementary,English,69.0,10.0,5.0,1061.2,69%,69%,15%,N/R,N/R,-2.0,-9.0,15,125,Brantford,43.18063,-80.258,False
Sacred Heart Catholic Elementary School,Brant Haldimand Norfolk CDSB,brant,Elementary,English,93.0,4.0,2.0,132.3,93%,84%,45%,65%,57%,4.0,8.0,7,635,PARIS,43.22801,-80.4171,False
Sacred Heart Catholic Elementary School,Brant Haldimand Norfolk CDSB,brant,Elementary,English,93.0,4.0,2.0,48.3,93%,84%,45%,65%,57%,4.0,8.0,7,635,PARIS,43.22801,-80.4171,False
Sacred Heart School,Brant Haldimand Norfolk CDSB,norfolk county,Elementary,English,95.0,5.0,40.0,42.2,95%,100%,70%,92%,83%,14.0,37.0,10,160,Langton,42.74055,-80.5818,False
St. Basil Catholic Elementary School,Brant Haldimand Norfolk CDSB,brantford,Elementary,English,86.0,8.0,3.0,1061.2,86%,89%,58%,60%,51%,-6.0,16.0,8,655,Brantford,43.11262,-80.2969,False
St. Bernard of Clairvaux School,Brant Haldimand Norfolk CDSB,norfolk county,Elementary,English,92.0,0.0,0.0,42.2,92%,81%,52%,83%,62%,14.0,26.0,5,300,Waterford,42.9263,-80.2931,False
St. Frances Cabrini School,Brant Haldimand Norfolk CDSB,norfolk county,Elementary,English,82.0,10.0,5.0,42.2,82%,82%,53%,86%,86%,7.0,28.0,10,320,Delhi,42.85253,-80.4887,False
St. Gabriel Catholic Catholic Elementary School,Brant Haldimand Norfolk CDSB,brantford,Elementary,English,94.0,5.0,0.0,1061.2,94%,92%,43%,79%,67%,14.0,-15.0,10,485,Brantford,43.12416,-80.2943,False
St. Joseph's School,Brant Haldimand Norfolk CDSB,norfolk county,Elementary,English,87.0,11.0,5.0,42.2,87%,79%,49%,78%,64%,-6.0,-5.0,13,590,Simcoe,42.83245,-80.2952,False
St. Leo School,Brant Haldimand Norfolk CDSB,brantford,Elementary,English,68.0,5.0,0.0,1061.2,68%,73%,29%,69%,62%,-29.0,-12.0,10,380,Brantford,43.18406,-80.2685,False
St. Mary's School,Brant Haldimand Norfolk CDSB,haldimand county,Elementary,English,89.0,10.0,0.0,39.4,89%,74%,26%,48%,33%,14.0,14.0,10,200,Hagersville,42.9571,-80.0572,False
St. Michael's C School,Brant Haldimand Norfolk CDSB,norfolk county,Elementary,English,82.0,10.0,0.0,42.2,82%,91%,55%,N/R,N/R,-18.0,12.0,10,90,SIMCOE,42.76425,-80.3869,False
St. Michael's School,Brant Haldimand Norfolk CDSB,haldimand county,Elementary,English,87.0,10.0,5.0,39.4,87%,73%,17%,71%,52%,0.0,-5.0,10,220,Dunnville,42.90629,-79.6201,False
St. Patrick School,Brant Haldimand Norfolk CDSB,brantford,Elementary,English,86.0,10.0,0.0,1061.2,86%,71%,50%,80%,60%,-2.0,38.0,10,135,Brantford,43.1699,-80.2592,False
St. Patrick's School,Brant Haldimand Norfolk CDSB,haldimand county,Elementary,English,73.0,5.0,0.0,39.4,73%,76%,18%,83%,71%,-20.0,-26.0,10,395,Caledonia,43.07555,-79.9473,False
St. Peter School,Brant Haldimand Norfolk CDSB,brantford,Elementary,English,95.0,5.0,10.0,1061.2,95%,86%,59%,89%,61%,-5.0,0.0,10,180,Brantford,43.14332,-80.2197,False
St. Pius X Catholic Elementary School,Brant Haldimand Norfolk CDSB,brantford,Elementary,English,85.0,10.0,5.0,1061.2,85%,77%,46%,62%,67%,2.0,9.0,10,295,Brantford,43.16488,-80.2723,False
St. Stephen's School,Brant Haldimand Norfolk CDSB,haldimand county,Elementary,English,82.0,5.0,5.0,39.4,82%,64%,18%,42%,37%,-12.0,-10.0,15,165,Cayuga,42.94849,-79.8579,False
St. Theresa School,Brant Haldimand Norfolk CDSB,brantford,Elementary,English,84.0,10.0,0.0,1061.2,84%,68%,53%,65%,76%,-5.0,11.0,10,205,Brantford,43.13095,-80.3284,False
Ecole Immaculee-Conception Separate School,Bruce-Grey CDSB,south bruce,Elementary,English,96.0,10.0,10.0,12.1,96%,100%,81%,85%,82%,5.0,19.0,10,320,Formosa,44.06793,-81.2104,False
Holy Family Separate School,Bruce-Grey CDSB,hanover,Elementary,English,92.0,10.0,5.0,814.6,92%,96%,48%,74%,74%,2.0,35.0,10,325,Hanover,44.14849,-81.0259,False
Mary Immaculate Community School,Bruce-Grey CDSB,brockton,Elementary,English,80.0,15.0,5.0,17.3,80%,87%,47%,50%,80%,-3.0,14.0,10,140,Chepstow,44.15323,-81.2792,False
Notre Dame Catholic School,Bruce-Grey CDSB,owen sound,Elementary,English,74.0,11.0,6.0,892.6,74%,75%,53%,43%,43%,-11.0,7.0,18,560,Owen Sound,44.58869,-80.9224,False
Sacred Heart School,Bruce-Grey CDSB,south bruce,Elementary,English,87.0,15.0,0.0,12.1,87%,87%,67%,73%,60%,0.0,47.0,10,180,Mildmay,44.04037,-81.117,False
St Anthony's Separate School,Bruce-Grey CDSB,kincardine,Elementary,English,86.0,5.0,5.0,22.8,86%,71%,36%,64%,31%,5.0,-2.0,10,500,Kincardine,44.17023,-81.6228,False
St Joseph's School,Bruce-Grey CDSB,saugeen shores,Elementary,English,100.0,10.0,0.0,93.5,100%,94%,62%,79%,57%,9.0,44.0,10,255,PORT ELGIN,44.43693,-81.3926,False
St Peter's & St Paul's Separate School,Bruce-Grey CDSB,west grey,Elementary,English,100.0,10.0,10.0,15.0,100%,93%,79%,93%,86%,36.0,65.0,10,180,Durham,44.18514,-80.8221,False
St Teresa of Calcutta Catholic School,Bruce-Grey CDSB,brockton,Elementary,English,90.0,10.0,5.0,17.3,90%,90%,63%,73%,59%,8.0,31.0,10,335,Walkerton,44.11552,-81.1478,False
Bishop Macdonell Separate School,CDSB of Eastern Ontario,cornwall,Elementary,English,66.0,30.0,10.0,777.9,66%,58%,12%,38%,16%,14.0,2.0,25,380,Cornwall,45.0218,-74.724,False
Holy Cross School,CDSB of Eastern Ontario,north grenville,Elementary,English,87.0,3.0,0.0,51.0,87%,86%,57%,74%,61%,-6.0,6.0,12,540,Kemptville,45.0125,-75.6543,False
Holy Name of Mary Separate School,CDSB of Eastern Ontario,mississippi mills,Elementary,English,82.0,0.0,0.0,28.8,82%,80%,60%,72%,61%,-5.0,14.0,10,385,Almonte,45.2309,-76.1834,False
Iona Academy,CDSB of Eastern Ontario,south glengarry,Elementary,English,91.0,10.0,5.0,22.0,91%,96%,43%,70%,48%,-9.0,-2.0,15,210,Williamstown,45.2141,-74.5961,False
J L Jordan Separate School,CDSB of Eastern Ontario,brockville,Elementary,English,93.0,10.0,0.0,1057.8,93%,73%,40%,80%,24%,-7.0,-16.0,10,160,Brockville,44.60939,-75.6797,False
Our Lady of Good Counsel Separate School,CDSB of Eastern Ontario,south stormont,Elementary,English,85.0,5.0,0.0,30.3,85%,85%,46%,62%,65%,-7.0,-22.0,10,255,Ingleside,45.0034,-74.9915,False
Sacred Heart School,CDSB of Eastern Ontario,cornwall,Elementary,English,53.0,15.0,10.0,777.9,53%,63%,14%,40%,17%,-23.0,6.0,20,450,Cornwall,45.03578,-74.7434,True
Sacred Heart of Jesus Separate School,CDSB of Eastern Ontario,lanark,Elementary,English,64.0,10.0,0.0,25.4,64%,55%,45%,N/R,N/R,-13.0,37.0,30,70,Lanark,45.0189,-76.3693,False
St Andrew's Separate School,CDSB of Eastern Ontario,cornwall,Elementary,English,81.0,5.0,5.0,777.9,81%,67%,38%,85%,65%,-6.0,21.0,30,200,St. Andrew's West,45.0965,-74.8003,False
St Anne's School,CDSB of Eastern Ontario,cornwall,Elementary,English,90.0,10.0,0.0,777.9,90%,90%,70%,83%,52%,9.0,51.0,15,265,Cornwall,45.0186,-74.7685,False
St Finnan's Catholic School,CDSB of Eastern Ontario,north glengarry,Elementary,English,100.0,15.0,0.0,15.8,100%,90%,60%,N/R,N/R,29.0,14.0,35,140,Alexandria,45.3051,-74.632,False
St Francis Xavier Separate School,CDSB of Eastern Ontario,brockville,Elementary,English,69.0,10.0,10.0,1057.8,69%,54%,46%,N/R,N/R,-21.0,-11.0,30,85,Brockville,44.5891,-75.6893,False
St Francis de Sales Separate School,CDSB of Eastern Ontario,smiths falls,Elementary,English,61.0,10.0,5.0,958.1,61%,52%,30%,56%,41%,-7.0,19.0,25,430,Smiths Falls,44.9017,-76.0181,False
St John Bosco Catholic School,CDSB of Eastern Ontario,brockville,Elementary,English,96.0,10.0,5.0,1057.8,96%,89%,62%,73%,68%,2.0,4.0,15,280,Brockville,44.60916,-75.7091,False
St John Elementary School,CDSB of Eastern Ontario,perth,Elementary,English,88.0,10.0,0.0,529.8,88%,73%,35%,64%,44%,7.0,-27.0,10,375,Perth,44.89587,-76.248,False
St John Elementary School,CDSB of Eastern Ontario,perth,Elementary,English,88.0,10.0,0.0,36.8,88%,73%,35%,64%,44%,7.0,-27.0,10,375,Perth,44.89587,-76.248,False
St Joseph's Separate School,CDSB of Eastern Ontario,elizabethtown-kitley,Elementary,English,77.0,5.0,0.0,17.2,77%,73%,27%,84%,63%,-9.0,-30.0,20,210,Toledo,44.74075,-75.9986,False
St Joseph's Separate School,CDSB of Eastern Ontario,gananoque,Elementary,English,94.0,10.0,0.0,768.4,94%,94%,41%,91%,85%,-4.0,-35.0,25,315,Gananoque,44.33423,-76.1634,False
St Jude's Catholic Elementary School,CDSB of Eastern Ontario,champlain,Elementary,English,71.0,10.0,5.0,41.9,71%,73%,36%,55%,55%,-17.0,3.0,20,270,Vankleek Hill,45.5308,-74.6455,False
St Mary's Separate School,CDSB of Eastern Ontario,carleton place,Elementary,English,70.0,0.0,0.0,1259.4,70%,63%,34%,,,-21.0,-15.0,30,275,Carleton Place,45.13478,-76.1463,False
St Mary's Separate School,CDSB of Eastern Ontario,north dundas,Elementary,English,79.0,0.0,5.0,22.5,79%,75%,21%,54%,26%,-12.0,3.0,15,230,Chesterville,45.1008,-75.2275,False
St Mary-St Cecilia Catholic School,CDSB of Eastern Ontario,south dundas,Elementary,English,84.0,10.0,0.0,21.2,84%,81%,42%,72%,68%,3.0,-12.0,20,250,Morrisburg,44.8957,-75.1876,False
St Patrick Catholic Elementary School,CDSB of Eastern Ontario,clarence-rockland,Elementary,English,83.0,0.0,5.0,89.1,83%,83%,39%,47%,39%,-3.0,0.0,15,330,Rockland,45.5415,-75.2992,False
St Peter's School,CDSB of Eastern Ontario,cornwall,Elementary,English,60.0,20.0,10.0,777.9,60%,69%,37%,70%,73%,-32.0,-13.0,25,245,Cornwall,45.03186,-74.6916,False
St. John Paul II Catholic School,CDSB of Eastern Ontario,clarence-rockland,Elementary,English,91.0,5.0,5.0,89.1,91%,100%,52%,61%,39%,-1.0,16.0,25,240,Hammond,45.44042,-75.2195,False
St. Mark Catholic School,CDSB of Eastern Ontario,prescott,Elementary,English,69.0,15.0,0.0,826.0,69%,69%,24%,41%,36%,1.0,-1.0,25,350,Prescott,44.72303,-75.5147,False
St. Mother Teresa Catholic School,CDSB of Eastern Ontario,russell,Elementary,English,91.0,1.0,1.0,98.6,91%,94%,75%,84%,52%,6.0,22.0,15,535,Russell,45.26345,-75.3612,False
Académie La Pinède,CS Viamonde,orillia,Elementary,French,93.0,0.0,5.0,1171.1,93 %,71 %,50 %,29%,57%,-2.0,18.0,10,105,Borden,44.28685,-79.8849,False
Académie de la Moraine,CS Viamonde,richmond hill,Elementary,French,100.0,5.0,5.0,2004.4,100 %,82 %,47 %,65%,60%,0.0,-15.0,5,135,Richmond Hill,43.94962,-79.45641,False
Académie de la Tamise,CS Viamonde,london,Elementary,French,100.0,10.0,10.0,1004.3,100 %,89 %,69 %,65%,70%,0.0,4.0,10,230,London,42.99746,-81.2035,False
École élémentaire Antonine Maillet,CS Viamonde,oshawa,Elementary,French,100.0,10.0,0.0,1203.6,100 %,100 %,78 %,100%,100%,0.0,23.0,10,200,Oshawa,43.90018,-78.8899,False
École élémentaire Carrefour des Jeunes,CS Viamonde,brampton,Elementary,French,100.0,10.0,5.0,2469.0,100 %,90 %,54 %,94%,91%,0.0,15.0,5,370,Brampton,43.70714,-79.7719,False
École élémentaire Charles-Sauriol,CS Viamonde,toronto,Elementary,French,100.0,5.0,5.0,4427.8,100 %,100 %,98 %,96%,94%,0.0,11.0,5,385,Toronto,43.66801,-79.4557,False
École élémentaire Charles-Sauriol,CS Viamonde,toronto,Elementary,French,100.0,5.0,5.0,4427.8,100 %,100 %,98 %,96%,94%,0.0,11.0,5,385,Toronto,43.66801,-79.4557,False
École élémentaire Dyane-Adam,CS Viamonde,milton,Elementary,French,100.0,5.0,0.0,365.5,100 %,100 %,83 %,100%,95%,0.0,-9.0,5,135,Milton,43.51839,-79.8787,False
École élémentaire Franco-Niagara,CS Viamonde,welland,Elementary,French,100.0,15.0,0.0,686.9,100 %,47 %,60 %,83%,56%,0.0,51.0,15,115,Welland,42.97948,-79.2344,False
École élémentaire Félix-Leclerc,CS Viamonde,toronto,Elementary,French,95.0,15.0,10.0,4427.8,95 %,95 %,81 %,96%,62%,-5.0,14.0,0,165,Etobicoke,43.6899,-79.5615,False
École élémentaire Félix-Leclerc,CS Viamonde,toronto,Elementary,French,95.0,15.0,10.0,4427.8,95 %,95 %,81 %,96%,62%,-5.0,14.0,0,165,Etobicoke,43.6899,-79.5615,False
École élémentaire Gabrielle-Roy,CS Viamonde,toronto,Elementary,French,100.0,20.0,0.0,4427.8,100 %,98 %,74 %,100%,92%,0.0,20.0,10,280,Toronto,43.65656,-79.3721,False
École élémentaire Gabrielle-Roy,CS Viamonde,toronto,Elementary,French,100.0,20.0,0.0,4427.8,100 %,98 %,74 %,100%,92%,0.0,20.0,10,280,Toronto,43.65656,-79.3721,False
École élémentaire Horizon Jeunesse,CS Viamonde,mississauga,Elementary,French,100.0,10.0,5.0,2452.5,100 %,100 %,100 %,86%,79%,8.0,12.0,5,225,Mississauga,43.51673,-79.6448,False
École élémentaire Jeanne-Lajoie,CS Viamonde,toronto,Elementary,French,100.0,15.0,5.0,4427.8,100 %,98 %,88 %,100%,96%,2.0,18.0,10,360,North York,43.73463,-79.3214,False
École élémentaire Jeanne-Lajoie,CS Viamonde,toronto,Elementary,French,100.0,15.0,5.0,4427.8,100 %,98 %,88 %,100%,96%,2.0,18.0,10,360,North York,43.73463,-79.3214,False
École élémentaire L'Envolée,CS Viamonde,windsor,Elementary,French,90.0,15.0,10.0,1572.8,90 %,65 %,40 %,56%,44%,-4.0,-7.0,5,170,Windsor,42.31121,-83.0075,False
École élémentaire L'Héritage,CS Viamonde,st catharines,Elementary,French,100.0,10.0,5.0,1422.1,100 %,86 %,79 %,N/R,N/R,14.0,36.0,10,155,St. Catharines,43.19588,-79.2492,False
École élémentaire L'Odyssée,CS Viamonde,guelph,Elementary,French,91.0,10.0,5.0,1644.1,91 %,45 %,18 %,85%,62%,-9.0,-70.0,5,150,Guelph,43.56805,-80.262,False
École élémentaire La Fontaine,CS Viamonde,vaughan,Elementary,French,100.0,5.0,0.0,1185.9,100 %,83 %,58 %,100%,94%,0.0,-14.0,10,140,Kleinburg,43.83457,-79.62107,False
École élémentaire La Mosaïque,CS Viamonde,toronto,Elementary,French,97.0,7.0,2.0,4427.8,97 %,84 %,81 %,100%,89%,-3.0,11.0,7,520,East York,43.68714,-79.3303,False
École élémentaire La Mosaïque,CS Viamonde,toronto,Elementary,French,97.0,7.0,2.0,4427.8,97 %,84 %,81 %,100%,89%,-3.0,11.0,7,520,East York,43.68714,-79.3303,False
École élémentaire La Pommeraie,CS Viamonde,london,Elementary,French,100.0,10.0,0.0,1004.3,100 %,82 %,58 %,82%,82%,2.0,9.0,5,385,London,42.93211,-81.3054,False
École élémentaire La Source,CS Viamonde,barrie,Elementary,French,97.0,5.0,0.0,1493.1,97 %,72 %,67 %,83%,83%,-3.0,16.0,10,240,Barrie,44.35183,-79.6435,False
École élémentaire LaMarsh,CS Viamonde,niagara falls,Elementary,French,95.0,10.0,5.0,449.1,95 %,75 %,75 %,84%,37%,3.0,13.0,5,200,Niagara Falls,43.10604,-79.0992,False
École élémentaire Laure-Rièse,CS Viamonde,toronto,Elementary,French,100.0,20.0,10.0,4427.8,100 %,96 %,78 %,100%,100%,0.0,6.0,0,185,Scarborough,43.82256,-79.27711,False
École élémentaire Laure-Rièse,CS Viamonde,toronto,Elementary,French,100.0,20.0,10.0,4427.8,100 %,96 %,78 %,100%,100%,0.0,6.0,0,185,Scarborough,43.82256,-79.27711,False
École élémentaire Le Flambeau,CS Viamonde,mississauga,Elementary,French,97.0,10.0,0.0,2452.5,97 %,88 %,62 %,100%,91%,-3.0,-10.0,10,315,Mississauga,43.63222,-79.7153,False
École élémentaire Les Rapides,CS Viamonde,sarnia,Elementary,French,100.0,5.0,0.0,439.6,100 %,91 %,82 %,93%,100%,0.0,11.0,10,155,Sarnia,42.99869,-82.3667,False
École élémentaire Louise-Charron,CS Viamonde,windsor,Elementary,French,100.0,15.0,5.0,1572.8,100 %,63 %,47 %,N/R,N/R,0.0,-53.0,5,115,Windsor,42.25373,-83.0332,False
École élémentaire Marie-Curie,CS Viamonde,london,Elementary,French,97.0,10.0,5.0,1004.3,97 %,81 %,45 %,96%,93%,-3.0,-30.0,10,235,London,42.9748,-81.3282,False
École élémentaire Mathieu-da-Costa,CS Viamonde,toronto,Elementary,French,100.0,15.0,10.0,4427.8,100 %,96 %,96 %,100%,100%,17.0,88.0,10,150,North York,43.71809,-79.4755,False
École élémentaire Mathieu-da-Costa,CS Viamonde,toronto,Elementary,French,100.0,15.0,10.0,4427.8,100 %,96 %,96 %,100%,100%,17.0,88.0,10,150,North York,43.71809,-79.4755,False
École élémentaire Micheline-Saint-Cyr,CS Viamonde,toronto,Elementary,French,100.0,10.0,0.0,4427.8,100 %,100 %,93 %,88%,75%,0.0,15.0,5,200,Etobicoke,43.58995,-79.544,False
École élémentaire Micheline-Saint-Cyr,CS Viamonde,toronto,Elementary,French,100.0,10.0,0.0,4427.8,100 %,100 %,93 %,88%,75%,0.0,15.0,5,200,Etobicoke,43.58995,-79.544,False
École élémentaire Nouvel Horizon,CS Viamonde,welland,Elementary,French,100.0,10.0,0.0,686.9,100 %,64 %,62 %,71%,64%,0.0,-11.0,5,165,Welland,43.02148,-79.2768,False
École élémentaire Patricia-Picknell,CS Viamonde,oakville,Elementary,French,100.0,10.0,0.0,1538.5,100 %,100 %,86 %,100%,82%,0.0,11.0,10,105,Oakville,43.41587,-79.6968,False
École élémentaire Paul-Demers,CS Viamonde,toronto,Elementary,French,100.0,15.0,0.0,4427.8,100 %,94 %,88 %,93%,96%,0.0,18.0,10,175,North York,43.79168,-79.3673,False
École élémentaire Paul-Demers,CS Viamonde,toronto,Elementary,French,100.0,15.0,0.0,4427.8,100 %,94 %,88 %,93%,96%,0.0,18.0,10,175,North York,43.79168,-79.3673,False
École élémentaire Pavillon de la jeunesse,CS Viamonde,hamilton,Elementary,French,100.0,20.0,15.0,509.1,100 %,72 %,48 %,71%,62%,14.0,14.0,10,265,Hamilton,43.22656,-79.8241,False
École élémentaire Pavillon de la jeunesse,CS Viamonde,hamilton,Elementary,French,100.0,20.0,15.0,509.1,100 %,72 %,48 %,71%,62%,14.0,14.0,10,265,Hamilton,43.22656,-79.8241,False
École élémentaire Pavillon de la jeunesse,CS Viamonde,hamilton,Elementary,French,100.0,20.0,15.0,43.2,100 %,72 %,48 %,71%,62%,14.0,14.0,10,265,Hamilton,43.22656,-79.8241,False
École élémentaire Pierre-Elliott-Trudeau,CS Viamonde,toronto,Elementary,French,98.0,10.0,0.0,4427.8,98 %,84 %,78 %,83%,80%,10.0,13.0,5,380,Toronto,43.65212,-79.4143,False
École élémentaire Pierre-Elliott-Trudeau,CS Viamonde,toronto,Elementary,French,98.0,10.0,0.0,4427.8,98 %,84 %,78 %,83%,80%,10.0,13.0,5,380,Toronto,43.65212,-79.4143,False
École élémentaire Renaissance,CS Viamonde,burlington,Elementary,French,100.0,5.0,0.0,1004.4,100 %,90 %,83 %,100%,94%,3.0,15.0,10,225,Burlington,43.32084,-79.8075,False
École élémentaire Ronald-Marion,CS Viamonde,pickering,Elementary,French,100.0,10.0,0.0,429.2,100 %,95 %,84 %,94%,79%,2.0,14.0,0,330,Pickering,43.86064,-79.0787,False
École élémentaire Saint-Joseph,CS Viamonde,penetanguishene,Elementary,French,96.0,5.0,0.0,396.4,96 %,65 %,70 %,83%,67%,-4.0,32.0,10,235,Penetanguishene,44.7657,-79.936,False
École élémentaire Viola-Léger,CS Viamonde,clarington,Elementary,French,100.0,5.0,0.0,166.0,100 %,100 %,76 %,100%,100%,11.0,65.0,10,140,Bowmanville,43.90695,-78.681,False
École élémentaire des Quatre-Rivières,CS Viamonde,orangeville,Elementary,French,100.0,5.0,0.0,1989.5,100 %,82 %,47 %,83%,50%,14.0,-3.0,10,170,Orangeville,43.90215,-80.1073,False
École élémentaire du Chêne,CS Viamonde,oakville,Elementary,French,100.0,10.0,0.0,1538.5,100 %,100 %,100 %,95%,85%,0.0,12.0,0,190,OAKVILLE,43.46057,-79.6935,False
ÉÉC Ange-Gabriel,CS catholique MonAvenir,mississauga,Elementary,French,100.0,5.0,5.0,2452.5,100 %,94 %,79 %,86%,71%,0.0,-2.0,0,225,Mississauga,43.62,-79.75,False
ÉÉC Cardinal-Léger,CS catholique MonAvenir,kitchener,Elementary,French,97.0,10.0,0.0,1877.6,97 %,75 %,50 %,85%,79%,0.0,3.0,10,255,Kitchener,43.40742,-80.4826,False
ÉÉC Corpus-Christi,CS catholique MonAvenir,oshawa,Elementary,French,97.0,5.0,5.0,1203.6,97 %,87 %,54 %,77%,53%,-1.0,-2.0,0,295,Oshawa,43.88232,-78.8698,False
ÉÉC Frère-André,CS catholique MonAvenir,barrie,Elementary,French,91.0,10.0,0.0,1493.1,91 %,69 %,32 %,76%,61%,-2.0,-8.0,15,325,Barrie,44.41354,-79.6828,False
ÉÉC Georges-Étienne-Cartier,CS catholique MonAvenir,toronto,Elementary,French,100.0,10.0,0.0,4427.8,100 %,88 %,74 %,93%,80%,5.0,15.0,10,315,Toronto,43.67796,-79.3194,False
ÉÉC Georges-Étienne-Cartier,CS catholique MonAvenir,toronto,Elementary,French,100.0,10.0,0.0,4427.8,100 %,88 %,74 %,93%,80%,5.0,15.0,10,315,Toronto,43.67796,-79.3194,False
ÉÉC Immaculée-Conception,CS catholique MonAvenir,st catharines,Elementary,French,100.0,15.0,5.0,1422.1,100 %,92 %,54 %,93%,79%,0.0,-4.0,20,140,St Catharines,43.16401,-79.2412,False
ÉÉC Jean-Béliveau,CS catholique MonAvenir,east gwillimbury,Elementary,French,96.0,10.0,0.0,141.4,96 %,87 %,65 %,94%,84%,-4.0,42.0,10,200,East Gwillimbury,44.10282,-79.4668,False
ÉÉC Jean-Paul II,CS catholique MonAvenir,whitby,Elementary,French,100.0,5.0,0.0,944.1,100 %,91 %,62 %,91%,70%,4.0,26.0,10,195,Whitby,43.87759,-78.9252,False
ÉÉC Le-Petit-Prince,CS catholique MonAvenir,vaughan,Elementary,French,100.0,10.0,0.0,1185.9,100 %,96 %,75 %,97%,82%,0.0,-1.0,5,275,Vaughan,43.85,-79.5246,False
ÉÉC Marguerite-Bourgeois-Borden,CS catholique MonAvenir,essa,Elementary,French,92.0,0.0,5.0,82.1,92 %,54 %,23 %,41%,35%,-8.0,-40.0,5,120,Borden,44.2863,-79.8833,False
ÉÉC Monseigneur-Jamot,CS catholique MonAvenir,peterborough,Elementary,French,81.0,10.0,0.0,39.1,81 %,52 %,26 %,67%,57%,-16.0,-30.0,10,255,Peterborough,44.29177,-78.3207,False
ÉÉC Monseigneur-Jamot,CS catholique MonAvenir,peterborough,Elementary,French,81.0,10.0,0.0,1291.8,81 %,52 %,26 %,67%,57%,-16.0,-30.0,10,255,Peterborough,44.29177,-78.3207,False
ÉÉC Monseigneur-de-Laval,CS catholique MonAvenir,hamilton,Elementary,French,94.0,5.0,5.0,509.1,94 %,73 %,39 %,82%,65%,-4.0,7.0,5,425,Hamilton,43.2342,-79.8917,False
ÉÉC Monseigneur-de-Laval,CS catholique MonAvenir,hamilton,Elementary,French,94.0,5.0,5.0,509.1,94 %,73 %,39 %,82%,65%,-4.0,7.0,5,425,Hamilton,43.2342,-79.8917,False
ÉÉC Monseigneur-de-Laval,CS catholique MonAvenir,hamilton,Elementary,French,94.0,5.0,5.0,43.2,94 %,73 %,39 %,82%,65%,-4.0,7.0,5,425,Hamilton,43.2342,-79.8917,False
ÉÉC Notre-Dame,CS catholique MonAvenir,hamilton,Elementary,French,97.0,25.0,15.0,509.1,97 %,66 %,31 %,59%,55%,12.0,-16.0,10,215,Hamilton,43.2419,-79.8361,False
ÉÉC Notre-Dame,CS catholique MonAvenir,hamilton,Elementary,French,97.0,25.0,15.0,509.1,97 %,66 %,31 %,59%,55%,12.0,-16.0,10,215,Hamilton,43.2419,-79.8361,False
ÉÉC Notre-Dame,CS catholique MonAvenir,hamilton,Elementary,French,97.0,25.0,15.0,43.2,97 %,66 %,31 %,59%,55%,12.0,-16.0,10,215,Hamilton,43.2419,-79.8361,False
ÉÉC Notre-Dame-de-Grâce,CS catholique MonAvenir,toronto,Elementary,French,100.0,10.0,5.0,4427.8,100 %,82 %,91 %,97%,62%,0.0,26.0,5,215,Etobicoke,43.67967,-79.5593,False
ÉÉC Notre-Dame-de-Grâce,CS catholique MonAvenir,toronto,Elementary,French,100.0,10.0,5.0,4427.8,100 %,82 %,91 %,97%,62%,0.0,26.0,5,215,Etobicoke,43.67967,-79.5593,False
ÉÉC Notre-Dame-de-la-Huronie,CS catholique MonAvenir,collingwood,Elementary,French,71.0,10.0,0.0,748.3,71 %,47 %,35 %,65%,59%,-20.0,8.0,0,130,Collingwood,44.48358,-80.2119,False
ÉÉC Notre-Dame-de-la-Jeunesse-Ajax,CS catholique MonAvenir,ajax,Elementary,French,100.0,5.0,5.0,1900.6,100 %,81 %,71 %,100%,91%,5.0,9.0,10,225,Ajax,43.85487,-79.0359,False
ÉÉC Notre-Dame-de-la-Jeunesse-Niagara.F,CS catholique MonAvenir,niagara falls,Elementary,French,100.0,10.0,0.0,449.1,100 %,88 %,56 %,N/R,N/R,17.0,14.0,20,130,Niagara Falls,43.0684,-79.1026,False
ÉÉC Pape-François,CS catholique MonAvenir,whitchurch-stouffville,Elementary,French,100.0,5.0,0.0,241.6,100 %,96 %,77 %,100%,100%,0.0,22.0,10,245,Stouffville,43.9678,-79.2545,False
ÉÉC René-Lamoureux,CS catholique MonAvenir,mississauga,Elementary,French,95.0,10.0,5.0,2452.5,95 %,86 %,82 %,95%,95%,-5.0,26.0,10,155,Mississauga,43.60624,-79.6297,False
ÉÉC Saint-François-d'Assise,CS catholique MonAvenir,welland,Elementary,French,95.0,10.0,0.0,686.9,95 %,58 %,37 %,100%,94%,6.0,5.0,20,115,Welland,42.9808,-79.2313,False
ÉÉC Saint-Jean,CS catholique MonAvenir,aurora,Elementary,French,100.0,10.0,5.0,1241.1,100 %,96 %,74 %,96%,88%,0.0,2.0,5,150,Aurora,44.0065,-79.4633,False
ÉÉC Saint-Jean-Baptiste,CS catholique MonAvenir,mississauga,Elementary,French,98.0,10.0,5.0,2452.5,98 %,93 %,81 %,93%,83%,1.0,44.0,10,260,Mississauga,43.5428,-79.6671,False
ÉÉC Saint-Jean-Bosco,CS catholique MonAvenir,caledon,Elementary,French,96.0,0.0,0.0,111.2,96 %,65 %,69 %,96%,74%,5.0,-5.0,5,185,Caledon,43.75088,-79.8176,False
ÉÉC Saint-Jean-de-Lalande,CS catholique MonAvenir,toronto,Elementary,French,94.0,15.0,10.0,4427.8,94 %,81 %,50 %,100%,81%,-6.0,-7.0,5,145,Toronto,43.80499,-79.2639,False
ÉÉC Saint-Jean-de-Lalande,CS catholique MonAvenir,toronto,Elementary,French,94.0,15.0,10.0,4427.8,94 %,81 %,50 %,100%,81%,-6.0,-7.0,5,145,Toronto,43.80499,-79.2639,False
ÉÉC Saint-Joseph,CS catholique MonAvenir,port colborne,Elementary,French,100.0,10.0,0.0,164.2,100 %,85 %,69 %,84%,63%,0.0,24.0,5,115,Port Colborne,42.89329,-79.2351,False
ÉÉC Saint-Michel,CS catholique MonAvenir,toronto,Elementary,French,97.0,10.0,10.0,4427.8,97 %,79 %,72 %,75%,64%,-3.0,27.0,10,220,TORONTO,43.77756,-79.1573,False
ÉÉC Saint-Michel,CS catholique MonAvenir,toronto,Elementary,French,97.0,10.0,10.0,4427.8,97 %,79 %,72 %,75%,64%,-3.0,27.0,10,220,TORONTO,43.77756,-79.1573,False
ÉÉC Saint-Nicolas,CS catholique MonAvenir,milton,Elementary,French,100.0,5.0,0.0,365.5,100 %,80 %,60 %,95%,77%,8.0,14.0,10,100,MILTON,43.52873,-79.8776,False
ÉÉC Saint-Noël-Chabanel-Cambridge,CS catholique MonAvenir,cambridge,Elementary,French,98.0,10.0,0.0,1225.5,98 %,88 %,67 %,77%,69%,-2.0,-1.0,5,280,Cambridge,43.4042,-80.3401,False
ÉÉC Saint-Noël-Chabanel-Toronto,CS catholique MonAvenir,toronto,Elementary,French,100.0,15.0,15.0,4427.8,100 %,95 %,84 %,88%,75%,0.0,-16.0,5,160,Etobicoke,43.72447,-79.4946,False
ÉÉC Saint-Noël-Chabanel-Toronto,CS catholique MonAvenir,toronto,Elementary,French,100.0,15.0,15.0,4427.8,100 %,95 %,84 %,88%,75%,0.0,-16.0,5,160,Etobicoke,43.72447,-79.4946,False
ÉÉC Saint-Philippe,CS catholique MonAvenir,burlington,Elementary,French,100.0,0.0,0.0,1004.4,100 %,67 %,78 %,82%,76%,0.0,14.0,5,145,Burlington,43.3233,-79.8241,False
ÉÉC Saint-René-Goupil,CS catholique MonAvenir,guelph,Elementary,French,100.0,5.0,5.0,1644.1,100 %,74 %,65 %,79%,79%,8.0,25.0,10,195,Guelph,43.52225,-80.2435,False
ÉÉC Sainte-Anne,CS catholique MonAvenir,milton,Elementary,French,100.0,10.0,0.0,365.5,100 %,90 %,77 %,92%,72%,0.0,9.0,10,230,Milton,43.51934,-79.8434,False
ÉÉC Sainte-Jeanne-d'Arc,CS catholique MonAvenir,brampton,Elementary,French,100.0,10.0,10.0,2469.0,100 %,89 %,74 %,100%,86%,0.0,19.0,10,260,Brampton,43.71064,-79.7365,False
ÉÉC Sainte-Madeleine,CS catholique MonAvenir,toronto,Elementary,French,100.0,10.0,10.0,4427.8,100 %,78 %,68 %,95%,67%,0.0,24.0,5,220,Toronto,43.7626,-79.3227,False
ÉÉC Sainte-Madeleine,CS catholique MonAvenir,toronto,Elementary,French,100.0,10.0,10.0,4427.8,100 %,78 %,68 %,95%,67%,0.0,24.0,5,220,Toronto,43.7626,-79.3227,False
ÉÉC Sainte-Marguerite-Bourgeoys-Brantfrd,CS catholique MonAvenir,brantford,Elementary,French,92.0,10.0,0.0,1061.2,92 %,60 %,32 %,86%,55%,-2.0,20.0,10,185,Brantford,43.1249,-80.2694,False
ÉÉC Sainte-Marguerite-Bourgeoys-Markham,CS catholique MonAvenir,markham,Elementary,French,100.0,5.0,0.0,1604.8,100 %,100 %,97 %,100%,100%,0.0,11.0,10,195,Markham,43.86404,-79.3583,False
ÉÉC Sainte-Marguerite-d'Youville,CS catholique MonAvenir,toronto,Elementary,French,100.0,5.0,0.0,4427.8,100 %,90 %,68 %,94%,88%,0.0,6.0,5,310,Toronto,43.63589,-79.5059,False
ÉÉC Sainte-Marguerite-d'Youville,CS catholique MonAvenir,toronto,Elementary,French,100.0,5.0,0.0,4427.8,100 %,90 %,68 %,94%,88%,0.0,6.0,5,310,Toronto,43.63589,-79.5059,False
ÉÉC Sainte-Marie-Oakville,CS catholique MonAvenir,oakville,Elementary,French,98.0,10.0,0.0,1538.5,98 %,98 %,69 %,98%,94%,0.0,6.0,10,325,Oakville,43.442,-79.6864,False
ÉÉC Samuel-de-Champlain,CS catholique MonAvenir,orillia,Elementary,French,94.0,5.0,5.0,1171.1,94 %,71 %,53 %,74%,68%,-6.0,24.0,10,115,Orillia,44.61549,-79.4364,False
ÉÉC du Sacré-Coeur-Toronto,CS catholique MonAvenir,toronto,Elementary,French,95.0,15.0,0.0,4427.8,95 %,85 %,40 %,100%,80%,-5.0,-3.0,5,130,Toronto,43.66741,-79.4248,False
ÉÉC du Sacré-Coeur-Toronto,CS catholique MonAvenir,toronto,Elementary,French,95.0,15.0,0.0,4427.8,95 %,85 %,40 %,100%,80%,-5.0,-3.0,5,130,Toronto,43.66741,-79.4248,False
ÉÉC du Sacré-Coeur-Welland,CS catholique MonAvenir,welland,Elementary,French,100.0,10.0,0.0,686.9,100 %,84 %,72 %,71%,33%,0.0,2.0,10,220,Welland,42.995,-79.274,False
École publique Héritage,CS public du Nord-Est de l'Ontario,north bay,Elementary,French,91.0,5.0,5.0,166.9,91 %,48 %,46 %,61%,71%,-7.0,-12.0,10,350,North Bay,46.32845,-79.4372,False
École publique Le Coeur du Nord,CS public du Nord-Est de l'Ontario,kapuskasing,Elementary,French,100.0,10.0,0.0,95.9,100 %,95 %,47 %,81%,71%,0.0,12.0,15,255,Kapuskasing,49.4205,-82.4266,False
École publique Lionel-Gauthier,CS public du Nord-Est de l'Ontario,timmins,Elementary,French,100.0,10.0,10.0,13.9,100 %,71 %,64 %,86%,93%,0.0,31.0,10,210,Timmins,48.47749,-81.3802,False
École élémentaire publique Passeport Jeunesse,CS public du Nord-Est de l'Ontario,hearst,Elementary,French,94.0,0.0,0.0,48.9,94 %,81 %,38 %,89%,56%,-6.0,-37.0,15,175,Hearst,49.6839,-83.6658,False
École Saint-Raymond,CSDC Franco-Nord,north bay,Elementary,French,81.0,10.0,0.0,166.9,81 %,38 %,14 %,50%,64%,-4.0,-40.0,25,135,North Bay,46.28821,-79.443,False
École séparée Saint-Thomas-D'Aquin,CSDC Franco-Nord,east ferris,Elementary,French,100.0,0.0,0.0,32.6,100 %,58 %,38 %,73%,43%,4.0,3.0,15,260,Astorville,46.18594,-79.2784,False
École séparée Saint-Vincent,CSDC Franco-Nord,north bay,Elementary,French,100.0,10.0,0.0,166.9,100 %,45 %,27 %,42%,67%,6.0,-34.0,15,105,North Bay,46.31272,-79.4549,False
École séparée Sainte-Anne,CSDC Franco-Nord,mattawa,Elementary,French,91.0,20.0,0.0,513.1,91 %,36 %,18 %,30%,60%,-9.0,-15.0,10,95,Mattawa,46.3186,-78.7119,False
École élémentaire catholique Saints-Anges,CSDC Franco-Nord,north bay,Elementary,French,97.0,10.0,5.0,166.9,97 %,52 %,45 %,73%,76%,10.0,29.0,20,235,North Bay,46.3261,-79.4518,False
École élémentaire catholique Curé-Labrosse,CSDC de l'Est ontarien,east hawkesbury,Elementary,French,100.0,5.0,0.0,14.5,100 %,100 %,30 %,95%,95%,0.0,10.0,15,105,St-Eugène,45.49969,-74.471,False
École élémentaire catholique Du Rosaire,CSDC de l'Est ontarien,clarence-rockland,Elementary,French,100.0,0.0,10.0,89.1,100 %,90 %,100 %,N/R,N/R,0.0,62.0,20,70,St-Pascal-Baylon,45.49387,-75.1558,False
École élémentaire catholique Elda-Rouleau,CSDC de l'Est ontarien,north glengarry,Elementary,French,97.0,10.0,0.0,15.8,97 %,62 %,52 %,73%,57%,-3.0,-6.0,15,195,Alexandria,45.30914,-74.6283,False
École élémentaire catholique Embrun - Pav. Saint-Jean/Pav. La Croisée,CSDC de l'Est ontarien,russell,Elementary,French,100.0,3.0,0.0,98.6,100 %,89 %,48 %,86%,78%,0.0,26.0,14,595,Embrun,45.27658,-75.2725,False
École élémentaire catholique La Source,CSDC de l'Est ontarien,north stormont,Elementary,French,91.0,5.0,5.0,14.4,91 %,45 %,17 %,79%,71%,1.0,17.0,10,145,Moose Creek,45.26802,-74.9651,False
École élémentaire catholique Marie-Tanguay,CSDC de l'Est ontarien,cornwall,Elementary,French,100.0,15.0,5.0,777.9,100 %,69 %,41 %,83%,80%,2.0,3.0,15,380,Cornwall,45.03619,-74.6966,False
École élémentaire catholique Notre-Dame,CSDC de l'Est ontarien,cornwall,Elementary,French,100.0,10.0,10.0,777.9,100 %,55 %,39 %,79%,85%,12.0,6.0,10,270,Cornwall,45.03414,-74.7513,False
École élémentaire catholique Notre-Dame-du-Rosaire,CSDC de l'Est ontarien,north stormont,Elementary,French,100.0,0.0,5.0,14.4,100 %,67 %,58 %,18%,24%,0.0,-15.0,10,155,Crysler,45.21575,-75.152,False
École élémentaire catholique Paul VI,CSDC de l'Est ontarien,hawkesbury,Elementary,French,96.0,20.0,5.0,1009.7,96 %,61 %,35 %,56%,28%,-1.0,0.0,35,160,Hawkesbury,45.60937,-74.6028,False
École élémentaire catholique Sacré-Coeur,CSDC de l'Est ontarien,clarence-rockland,Elementary,French,100.0,5.0,5.0,89.1,100 %,96 %,100 %,92%,75%,5.0,35.0,10,170,Bourget,45.43703,-75.1578,False
École élémentaire catholique Saint-Jean-Baptiste,CSDC de l'Est ontarien,champlain,Elementary,French,100.0,0.0,0.0,41.9,100 %,96 %,96 %,87%,74%,0.0,15.0,10,215,L'Orignal,45.61745,-74.692,False
École élémentaire catholique Saint-Joseph (Russell),CSDC de l'Est ontarien,russell,Elementary,French,91.0,0.0,0.0,98.6,91 %,75 %,28 %,82%,71%,-7.0,-4.0,5,320,Russell,45.2655,-75.3636,False
École élémentaire catholique Saint-Mathieu,CSDC de l'Est ontarien,clarence-rockland,Elementary,French,100.0,0.0,0.0,89.1,100 %,81 %,44 %,58%,58%,8.0,6.0,15,190,Hammond,45.44007,-75.2387,False
École élémentaire catholique Sainte-Félicité,CSDC de l'Est ontarien,clarence-rockland,Elementary,French,85.0,5.0,0.0,89.1,85 %,65 %,20 %,82%,79%,-5.0,6.0,20,205,Clarence Creek,45.50916,-75.2186,False
École élémentaire catholique Sainte-Lucie,CSDC de l'Est ontarien,south stormont,Elementary,French,100.0,5.0,0.0,30.3,100 %,74 %,83 %,83%,83%,0.0,9.0,0,285,Long Sault,45.09181,-74.7906,False
École élémentaire catholique Sainte-Trinité,CSDC de l'Est ontarien,clarence-rockland,Elementary,French,98.0,4.0,2.0,89.1,98 %,79 %,48 %,91%,72%,1.0,1.0,12,700,Rockland,45.54776,-75.287,False
École élémentaire catholique de Casselman - Pav. St-Paul/Ste-Euphémie,CSDC de l'Est ontarien,casselman,Elementary,French,95.0,5.0,0.0,772.2,95 %,71 %,47 %,83%,62%,-3.0,6.0,25,490,Casselman,45.31706,-75.0828,False
École élémentaire catholique de l'Ange-Gardien,CSDC de l'Est ontarien,south glengarry,Elementary,French,100.0,5.0,0.0,22.0,100 %,93 %,53 %,82%,88%,0.0,-18.0,10,165,North Lancaster,45.24766,-74.5013,False
École catholique Franco-Supérieur,CSDC des Aurores boréales,thunder bay,Elementary,French,98.0,10.0,5.0,1.4,98 %,67 %,58 %,75%,64%,1.0,11.0,15,310,Thunder Bay,48.44072,-89.2147,False
École catholique Franco-Supérieur,CSDC des Aurores boréales,thunder bay,Elementary,French,98.0,10.0,5.0,332.1,98 %,67 %,58 %,75%,64%,1.0,11.0,15,310,Thunder Bay,48.44072,-89.2147,False
École catholique Franco-Supérieur,CSDC des Aurores boréales,thunder bay,Elementary,French,98.0,10.0,5.0,0.1,98 %,67 %,58 %,75%,64%,1.0,11.0,15,310,Thunder Bay,48.44072,-89.2147,False
École catholique André-Cary,CSDC des Grandes Rivières,kapuskasing,Elementary,French,100.0,10.0,5.0,95.9,100 %,70 %,52 %,71%,67%,4.0,4.0,10,170,Kapuskasing,49.42146,-82.4283,False
École catholique Anicet-Morin,CSDC des Grandes Rivières,timmins,Elementary,French,98.0,10.0,0.0,13.9,98 %,60 %,36 %,,,0.0,9.0,20,260,Timmins,48.47678,-81.3693,False
École catholique Assomption (Earlton),CSDC des Grandes Rivières,armstrong,Elementary,French,100.0,15.0,10.0,13.3,100 %,69 %,38 %,57%,61%,6.0,13.0,15,145,Earlton,47.71193,-79.827,False
École catholique Assomption (Kirkland Lake),CSDC des Grandes Rivières,kirkland lake,Elementary,French,88.0,15.0,5.0,29.7,88 %,25 %,31 %,50%,28%,6.0,17.0,5,140,Kirkland Lake,48.14827,-80.0278,False
École catholique Don-Bosco,CSDC des Grandes Rivières,timmins,Elementary,French,93.0,10.0,5.0,13.9,93 %,63 %,44 %,71%,58%,-1.0,18.0,15,260,Timmins,48.49922,-81.3472,False
École catholique Jacques-Cartier (Kapuskasing),CSDC des Grandes Rivières,kapuskasing,Elementary,French,89.0,10.0,0.0,95.9,89 %,56 %,17 %,72%,72%,-11.0,-36.0,10,175,Kapuskasing,49.40793,-82.4025,False
École catholique Nouveau Regard (Pavillon St-Joseph),CSDC des Grandes Rivières,cochrane,Elementary,French,100.0,10.0,5.0,0.6,100 %,56 %,33 %,48%,38%,0.0,-7.0,10,265,Cochrane,49.07082,-81.0142,False
École catholique Nouveau Regard (Pavillon St-Joseph),CSDC des Grandes Rivières,cochrane,Elementary,French,100.0,10.0,5.0,10.0,100 %,56 %,33 %,48%,38%,0.0,-7.0,10,265,Cochrane,49.07082,-81.0142,False
École catholique Sacré-Coeur (Timmins),CSDC des Grandes Rivières,timmins,Elementary,French,95.0,10.0,5.0,13.9,95 %,57 %,31 %,,,22.0,18.0,20,260,Timmins,48.48736,-81.3418,False
École catholique St-Gérard,CSDC des Grandes Rivières,timmins,Elementary,French,82.0,10.0,10.0,13.9,82 %,55 %,27 %,77%,54%,18.0,18.0,10,90,Timmins,48.46382,-81.3328,False
École catholique St-Jude,CSDC des Grandes Rivières,timmins,Elementary,French,100.0,10.0,0.0,13.9,100 %,69 %,56 %,75%,45%,0.0,29.0,10,170,Porcupine,48.49301,-81.1587,False
École catholique St-Louis (Hearst),CSDC des Grandes Rivières,hearst,Elementary,French,97.0,0.0,0.0,48.9,97 %,76 %,47 %,,,-3.0,-3.0,30,155,Hearst,49.68592,-83.6681,False
École catholique Sts-Martyrs-Canadiens,CSDC des Grandes Rivières,iroquois falls,Elementary,French,91.0,10.0,5.0,7.4,91 %,45 %,27 %,50%,36%,-9.0,-48.0,15,120,Iroquois Falls,48.75517,-80.6899,False
École élémentaire Académie catholique Ange-Gabriel,CSDC du Centre-Est de l'Ontario,brockville,Elementary,French,100.0,5.0,5.0,1057.8,100 %,88 %,62 %,83%,70%,0.0,2.0,10,220,Brockville,44.61215,-75.718,False
École élémentaire catholique Alain-Fortin,CSDC du Centre-Est de l'Ontario,ottawa,Elementary,French,100.0,5.0,0.0,364.9,100 %,95 %,76 %,96%,92%,0.0,19.0,10,415,Orléans,45.44742,-75.4743,False
École élémentaire catholique Alain-Fortin,CSDC du Centre-Est de l'Ontario,ottawa,Elementary,French,100.0,5.0,0.0,364.9,100 %,95 %,76 %,96%,92%,0.0,19.0,10,415,Orléans,45.44742,-75.4743,False
École élémentaire catholique Arc-en-ciel,CSDC du Centre-Est de l'Ontario,ottawa,Elementary,French,100.0,5.0,0.0,364.9,100 %,93 %,73 %,90%,83%,2.0,14.0,20,370,Orléans,45.47205,-75.4704,False
École élémentaire catholique Arc-en-ciel,CSDC du Centre-Est de l'Ontario,ottawa,Elementary,French,100.0,5.0,0.0,364.9,100 %,93 %,73 %,90%,83%,2.0,14.0,20,370,Orléans,45.47205,-75.4704,False
École élémentaire catholique Bernard-Grandmaître,CSDC du Centre-Est de l'Ontario,ottawa,Elementary,French,100.0,5.0,5.0,364.9,100 %,90 %,71 %,85%,77%,0.0,32.0,5,430,Ottawa,45.28494,-75.6821,False
École élémentaire catholique Bernard-Grandmaître,CSDC du Centre-Est de l'Ontario,ottawa,Elementary,French,100.0,5.0,5.0,364.9,100 %,90 %,71 %,85%,77%,0.0,32.0,5,430,Ottawa,45.28494,-75.6821,False
École élémentaire catholique De la Découverte,CSDC du Centre-Est de l'Ontario,ottawa,Elementary,French,93.0,0.0,0.0,364.9,93 %,76 %,56 %,86%,63%,-5.0,20.0,10,365,Cumberland,45.46363,-75.4672,False
École élémentaire catholique De la Découverte,CSDC du Centre-Est de l'Ontario,ottawa,Elementary,French,93.0,0.0,0.0,364.9,93 %,76 %,56 %,86%,63%,-5.0,20.0,10,365,Cumberland,45.46363,-75.4672,False
École élémentaire catholique Des  Voyageurs,CSDC du Centre-Est de l'Ontario,ottawa,Elementary,French,100.0,5.0,0.0,364.9,100 %,91 %,91 %,92%,90%,0.0,31.0,10,335,Orléans,45.47372,-75.5522,False
École élémentaire catholique Des  Voyageurs,CSDC du Centre-Est de l'Ontario,ottawa,Elementary,French,100.0,5.0,0.0,364.9,100 %,91 %,91 %,92%,90%,0.0,31.0,10,335,Orléans,45.47372,-75.5522,False
École élémentaire catholique Des Pins,CSDC du Centre-Est de l'Ontario,ottawa,Elementary,French,100.0,5.0,5.0,364.9,100 %,100 %,81 %,94%,88%,0.0,60.0,25,140,Gloucester,45.42192,-75.6053,False
École élémentaire catholique Des Pins,CSDC du Centre-Est de l'Ontario,ottawa,Elementary,French,100.0,5.0,5.0,364.9,100 %,100 %,81 %,94%,88%,0.0,60.0,25,140,Gloucester,45.42192,-75.6053,False
École élémentaire catholique Des Pionniers,CSDC du Centre-Est de l'Ontario,ottawa,Elementary,French,100.0,0.0,0.0,364.9,100 %,89 %,57 %,87%,81%,0.0,11.0,20,450,Orléans,45.47393,-75.4813,False
École élémentaire catholique Des Pionniers,CSDC du Centre-Est de l'Ontario,ottawa,Elementary,French,100.0,0.0,0.0,364.9,100 %,89 %,57 %,87%,81%,0.0,11.0,20,450,Orléans,45.47393,-75.4813,False
École élémentaire catholique Elisabeth-Bruyère,CSDC du Centre-Est de l'Ontario,ottawa,Elementary,French,99.0,0.0,0.0,364.9,99 %,82 %,47 %,85%,74%,-1.0,4.0,10,465,Kanata,45.28647,-75.8467,False
École élémentaire catholique Elisabeth-Bruyère,CSDC du Centre-Est de l'Ontario,ottawa,Elementary,French,99.0,0.0,0.0,364.9,99 %,82 %,47 %,85%,74%,-1.0,4.0,10,465,Kanata,45.28647,-75.8467,False
École élémentaire catholique George-Étienne-Cartier,CSDC du Centre-Est de l'Ontario,ottawa,Elementary,French,100.0,10.0,0.0,364.9,100 %,90 %,78 %,98%,93%,0.0,16.0,10,365,Ottawa,45.36354,-75.6721,False
École élémentaire catholique George-Étienne-Cartier,CSDC du Centre-Est de l'Ontario,ottawa,Elementary,French,100.0,10.0,0.0,364.9,100 %,90 %,78 %,98%,93%,0.0,16.0,10,365,Ottawa,45.36354,-75.6721,False
École élémentaire catholique Horizon-Jeunesse,CSDC du Centre-Est de l'Ontario,ottawa,Elementary,French,97.0,30.0,10.0,364.9,97 %,75 %,39 %,93%,85%,1.0,3.0,15,370,Vanier,45.43245,-75.6601,False
École élémentaire catholique Horizon-Jeunesse,CSDC du Centre-Est de l'Ontario,ottawa,Elementary,French,97.0,30.0,10.0,364.9,97 %,75 %,39 %,93%,85%,1.0,3.0,15,370,Vanier,45.43245,-75.6601,False
École élémentaire catholique J.-L.-Couroux,CSDC du Centre-Est de l'Ontario,carleton place,Elementary,French,83.0,0.0,0.0,1259.4,83 %,70 %,48 %,91%,78%,-17.0,-20.0,20,265,Carleton Place,45.1294,-76.1288,False
École élémentaire catholique Jean-Robert-Gauthier,CSDC du Centre-Est de l'Ontario,ottawa,Elementary,French,100.0,10.0,0.0,364.9,100 %,98 %,76 %,97%,93%,0.0,6.0,15,250,Ottawa,45.27008,-75.7323,False
École élémentaire catholique Jean-Robert-Gauthier,CSDC du Centre-Est de l'Ontario,ottawa,Elementary,French,100.0,10.0,0.0,364.9,100 %,98 %,76 %,97%,93%,0.0,6.0,15,250,Ottawa,45.27008,-75.7323,False
École élémentaire catholique Jeanne-Lajoie,CSDC du Centre-Est de l'Ontario,pembroke,Elementary,French,100.0,5.0,1.0,1002.8,100 %,90 %,83 %,80%,69%,0.0,24.0,16,530,Pembroke,45.83531,-77.1507,False
École élémentaire catholique Jonathan-Pitre,CSDC du Centre-Est de l'Ontario,ottawa,Elementary,French,100.0,0.0,0.0,364.9,100 %,85 %,69 %,98%,78%,8.0,38.0,10,350,Gloucester,45.2716,-75.6801,False
École élémentaire catholique Jonathan-Pitre,CSDC du Centre-Est de l'Ontario,ottawa,Elementary,French,100.0,0.0,0.0,364.9,100 %,85 %,69 %,98%,78%,8.0,38.0,10,350,Gloucester,45.2716,-75.6801,False
École élémentaire catholique L'Envol,CSDC du Centre-Est de l'Ontario,quinte west,Elementary,French,100.0,10.0,0.0,94.0,100 %,75 %,81 %,86%,95%,0.0,69.0,20,175,Trenton,44.1099,-77.5524,False
École élémentaire catholique L'Étoile-de-l'Est,CSDC du Centre-Est de l'Ontario,ottawa,Elementary,French,100.0,5.0,0.0,364.9,100 %,98 %,88 %,94%,86%,0.0,8.0,5,395,Orléans,45.45754,-75.5319,False
École élémentaire catholique L'Étoile-de-l'Est,CSDC du Centre-Est de l'Ontario,ottawa,Elementary,French,100.0,5.0,0.0,364.9,100 %,98 %,88 %,94%,86%,0.0,8.0,5,395,Orléans,45.45754,-75.5319,False
École élémentaire catholique La Vérendrye,CSDC du Centre-Est de l'Ontario,ottawa,Elementary,French,100.0,10.0,0.0,364.9,100 %,95 %,86 %,98%,92%,0.0,10.0,10,495,Gloucester,45.46041,-75.5976,False
École élémentaire catholique La Vérendrye,CSDC du Centre-Est de l'Ontario,ottawa,Elementary,French,100.0,10.0,0.0,364.9,100 %,95 %,86 %,98%,92%,0.0,10.0,10,495,Gloucester,45.46041,-75.5976,False
École élémentaire catholique Laurier-Carrière,CSDC du Centre-Est de l'Ontario,ottawa,Elementary,French,98.0,10.0,10.0,364.9,98 %,71 %,51 %,91%,46%,4.0,5.0,10,400,Nepean,45.35244,-75.7125,False
École élémentaire catholique Laurier-Carrière,CSDC du Centre-Est de l'Ontario,ottawa,Elementary,French,98.0,10.0,10.0,364.9,98 %,71 %,51 %,91%,46%,4.0,5.0,10,400,Nepean,45.35244,-75.7125,False
École élémentaire catholique Marius-Barbeau,CSDC du Centre-Est de l'Ontario,ottawa,Elementary,French,97.0,25.0,10.0,364.9,97 %,70 %,36 %,75%,50%,-3.0,-38.0,15,275,Ottawa,45.37166,-75.6566,False
École élémentaire catholique Marius-Barbeau,CSDC du Centre-Est de l'Ontario,ottawa,Elementary,French,97.0,25.0,10.0,364.9,97 %,70 %,36 %,75%,50%,-3.0,-38.0,15,275,Ottawa,45.37166,-75.6566,False
École élémentaire catholique Mgr-Rémi-Gaulin,CSDC du Centre-Est de l'Ontario,kingston,Elementary,French,97.0,5.0,0.0,293.4,97 %,91 %,76 %,93%,88%,-3.0,36.0,5,275,Kingston,44.26959,-76.4863,False
École élémentaire catholique Montfort,CSDC du Centre-Est de l'Ontario,ottawa,Elementary,French,95.0,21.0,10.0,364.9,95 %,88 %,55 %,87%,76%,-1.0,20.0,11,640,Ottawa,45.44163,-75.6336,False
École élémentaire catholique Montfort,CSDC du Centre-Est de l'Ontario,ottawa,Elementary,French,95.0,21.0,10.0,364.9,95 %,88 %,55 %,87%,76%,-1.0,20.0,11,640,Ottawa,45.44163,-75.6336,False
École élémentaire catholique Notre-Dame,CSDC du Centre-Est de l'Ontario,north grenville,Elementary,French,100.0,0.0,0.0,51.0,100 %,67 %,67 %,88%,81%,6.0,43.0,20,125,Kemptville,45.00714,-75.6387,False
École élémentaire catholique Notre-Dame-des-Champs,CSDC du Centre-Est de l'Ontario,ottawa,Elementary,French,100.0,0.0,0.0,364.9,100 %,86 %,39 %,87%,76%,0.0,-23.0,10,465,Ottawa,45.43287,-75.5095,False
École élémentaire catholique Notre-Dame-des-Champs,CSDC du Centre-Est de l'Ontario,ottawa,Elementary,French,100.0,0.0,0.0,364.9,100 %,86 %,39 %,87%,76%,0.0,-23.0,10,465,Ottawa,45.43287,-75.5095,False
École élémentaire catholique Notre-Place,CSDC du Centre-Est de l'Ontario,ottawa,Elementary,French,100.0,6.0,3.0,364.9,100 %,89 %,56 %,96%,85%,0.0,6.0,13,545,Orleans,45.44741,-75.4844,False
École élémentaire catholique Notre-Place,CSDC du Centre-Est de l'Ontario,ottawa,Elementary,French,100.0,6.0,3.0,364.9,100 %,89 %,56 %,96%,85%,0.0,6.0,13,545,Orleans,45.44741,-75.4844,False
École élémentaire catholique Pierre-Elliott-Trudeau,CSDC du Centre-Est de l'Ontario,ottawa,Elementary,French,100.0,5.0,5.0,364.9,100 %,88 %,73 %,82%,63%,0.0,27.0,10,355,Nepean,45.2853,-75.7445,False
École élémentaire catholique Pierre-Elliott-Trudeau,CSDC du Centre-Est de l'Ontario,ottawa,Elementary,French,100.0,5.0,5.0,364.9,100 %,88 %,73 %,82%,63%,0.0,27.0,10,355,Nepean,45.2853,-75.7445,False
École élémentaire catholique Reine-des-Bois,CSDC du Centre-Est de l'Ontario,ottawa,Elementary,French,97.0,5.0,0.0,364.9,97 %,93 %,48 %,86%,82%,-3.0,9.0,20,215,Orléans,45.47197,-75.5096,False
École élémentaire catholique Reine-des-Bois,CSDC du Centre-Est de l'Ontario,ottawa,Elementary,French,97.0,5.0,0.0,364.9,97 %,93 %,48 %,86%,82%,-3.0,9.0,20,215,Orléans,45.47197,-75.5096,False
École élémentaire catholique Roger-Saint-Denis,CSDC du Centre-Est de l'Ontario,ottawa,Elementary,French,100.0,5.0,0.0,364.9,100 %,100 %,77 %,97%,78%,0.0,2.0,15,245,Kanata,45.31128,-75.8823,False
École élémentaire catholique Roger-Saint-Denis,CSDC du Centre-Est de l'Ontario,ottawa,Elementary,French,100.0,5.0,0.0,364.9,100 %,100 %,77 %,97%,78%,0.0,2.0,15,245,Kanata,45.31128,-75.8823,False
École élémentaire catholique Saint-François-d'Assise,CSDC du Centre-Est de l'Ontario,ottawa,Elementary,French,100.0,20.0,5.0,364.9,100 %,95 %,65 %,93%,67%,0.0,-3.0,10,340,Ottawa,45.40242,-75.7237,False
École élémentaire catholique Saint-François-d'Assise,CSDC du Centre-Est de l'Ontario,ottawa,Elementary,French,100.0,20.0,5.0,364.9,100 %,95 %,65 %,93%,67%,0.0,-3.0,10,340,Ottawa,45.40242,-75.7237,False
École élémentaire catholique Saint-Guillaume,CSDC du Centre-Est de l'Ontario,ottawa,Elementary,French,100.0,0.0,0.0,364.9,100 %,100 %,78 %,96%,100%,0.0,3.0,15,215,Vars,45.35568,-75.3537,False
École élémentaire catholique Saint-Guillaume,CSDC du Centre-Est de l'Ontario,ottawa,Elementary,French,100.0,0.0,0.0,364.9,100 %,100 %,78 %,96%,100%,0.0,3.0,15,215,Vars,45.35568,-75.3537,False
École élémentaire catholique Saint-Jean-Paul II,CSDC du Centre-Est de l'Ontario,ottawa,Elementary,French,98.0,0.0,0.0,364.9,98 %,92 %,79 %,90%,86%,0.0,25.0,5,490,Stittsville,45.2693,-75.9045,False
École élémentaire catholique Saint-Jean-Paul II,CSDC du Centre-Est de l'Ontario,ottawa,Elementary,French,98.0,0.0,0.0,364.9,98 %,92 %,79 %,90%,86%,0.0,25.0,5,490,Stittsville,45.2693,-75.9045,False
École élémentaire catholique Saint-Joseph d'Orléans,CSDC du Centre-Est de l'Ontario,ottawa,Elementary,French,100.0,0.0,0.0,364.9,100 %,91 %,55 %,89%,84%,0.0,-6.0,15,345,Orléans,45.46574,-75.5214,False
École élémentaire catholique Saint-Joseph d'Orléans,CSDC du Centre-Est de l'Ontario,ottawa,Elementary,French,100.0,0.0,0.0,364.9,100 %,91 %,55 %,89%,84%,0.0,-6.0,15,345,Orléans,45.46574,-75.5214,False
École élémentaire catholique Saint-Rémi,CSDC du Centre-Est de l'Ontario,ottawa,Elementary,French,98.0,0.0,0.0,364.9,98 %,81 %,61 %,91%,84%,0.0,-5.0,20,360,KANATA,45.3278,-75.9235,False
École élémentaire catholique Saint-Rémi,CSDC du Centre-Est de l'Ontario,ottawa,Elementary,French,98.0,0.0,0.0,364.9,98 %,81 %,61 %,91%,84%,0.0,-5.0,20,360,KANATA,45.3278,-75.9235,False
École élémentaire catholique Sainte-Anne,CSDC du Centre-Est de l'Ontario,ottawa,Elementary,French,92.0,25.0,10.0,364.9,92 %,63 %,32 %,83%,57%,-8.0,-9.0,25,280,Ottawa,45.43258,-75.682,False
École élémentaire catholique Sainte-Anne,CSDC du Centre-Est de l'Ontario,ottawa,Elementary,French,92.0,25.0,10.0,364.9,92 %,63 %,32 %,83%,57%,-8.0,-9.0,25,280,Ottawa,45.43258,-75.682,False
École élémentaire catholique Sainte-Bernadette,CSDC du Centre-Est de l'Ontario,ottawa,Elementary,French,100.0,5.0,5.0,364.9,100 %,85 %,63 %,77%,60%,7.0,9.0,5,415,Gloucester,45.35191,-75.6232,False
École élémentaire catholique Sainte-Bernadette,CSDC du Centre-Est de l'Ontario,ottawa,Elementary,French,100.0,5.0,5.0,364.9,100 %,85 %,63 %,77%,60%,7.0,9.0,5,415,Gloucester,45.35191,-75.6232,False
École élémentaire catholique Sainte-Geneviève,CSDC du Centre-Est de l'Ontario,ottawa,Elementary,French,89.0,11.0,6.0,364.9,89 %,76 %,44 %,89%,67%,-10.0,-21.0,15,620,Ottawa,45.38983,-75.6313,False
École élémentaire catholique Sainte-Geneviève,CSDC du Centre-Est de l'Ontario,ottawa,Elementary,French,89.0,11.0,6.0,364.9,89 %,76 %,44 %,89%,67%,-10.0,-21.0,15,620,Ottawa,45.38983,-75.6313,False
École élémentaire catholique Sainte-Kateri,CSDC du Centre-Est de l'Ontario,ottawa,Elementary,French,95.0,5.0,0.0,364.9,95 %,81 %,46 %,92%,82%,-5.0,-14.0,10,480,Ottawa,45.24559,-75.7367,False
École élémentaire catholique Sainte-Kateri,CSDC du Centre-Est de l'Ontario,ottawa,Elementary,French,95.0,5.0,0.0,364.9,95 %,81 %,46 %,92%,82%,-5.0,-14.0,10,480,Ottawa,45.24559,-75.7367,False
École élémentaire catholique Sainte-Marguerite-Bourgeoys,CSDC du Centre-Est de l'Ontario,merrickville-wolford,Elementary,French,100.0,0.0,0.0,14.6,100 %,73 %,53 %,85%,69%,0.0,-30.0,20,95,Merrickville,44.91404,-75.8414,False
École élémentaire catholique Sainte-Marie,CSDC du Centre-Est de l'Ontario,ottawa,Elementary,French,96.0,10.0,5.0,364.9,96 %,85 %,63 %,100%,100%,-4.0,5.0,5,210,Gloucester,45.43201,-75.5663,False
École élémentaire catholique Sainte-Marie,CSDC du Centre-Est de l'Ontario,ottawa,Elementary,French,96.0,10.0,5.0,364.9,96 %,85 %,63 %,100%,100%,-4.0,5.0,5,210,Gloucester,45.43201,-75.5663,False
École élémentaire catholique Sainte-Thérèse-d'Avila,CSDC du Centre-Est de l'Ontario,ottawa,Elementary,French,100.0,5.0,0.0,364.9,100 %,94 %,71 %,100%,100%,6.0,15.0,20,160,Marionville,45.18171,-75.3553,False
École élémentaire catholique Sainte-Thérèse-d'Avila,CSDC du Centre-Est de l'Ontario,ottawa,Elementary,French,100.0,5.0,0.0,364.9,100 %,94 %,71 %,100%,100%,6.0,15.0,20,160,Marionville,45.18171,-75.3553,False
École élémentaire catholique Terre-des-Jeunes,CSDC du Centre-Est de l'Ontario,ottawa,Elementary,French,100.0,10.0,5.0,364.9,100 %,86 %,62 %,85%,74%,0.0,15.0,15,430,Ottawa,45.35221,-75.7681,False
École élémentaire catholique Terre-des-Jeunes,CSDC du Centre-Est de l'Ontario,ottawa,Elementary,French,100.0,10.0,5.0,364.9,100 %,86 %,62 %,85%,74%,0.0,15.0,15,430,Ottawa,45.35221,-75.7681,False
École élémentaire catholique d'enseignement personnalisé La Source,CSDC du Centre-Est de l'Ontario,ottawa,Elementary,French,100.0,0.0,0.0,364.9,100 %,98 %,83 %,100%,98%,0.0,12.0,10,450,Orléans,45.47227,-75.5089,False
École élémentaire catholique d'enseignement personnalisé La Source,CSDC du Centre-Est de l'Ontario,ottawa,Elementary,French,100.0,0.0,0.0,364.9,100 %,98 %,83 %,100%,98%,0.0,12.0,10,450,Orléans,45.47227,-75.5089,False
École élémentaire catholique d'enseignement personnalisé Lamoureux,CSDC du Centre-Est de l'Ontario,ottawa,Elementary,French,100.0,10.0,5.0,364.9,100 %,91 %,73 %,83%,74%,0.0,-7.0,10,400,Ottawa,45.37266,-75.6713,False
École élémentaire catholique d'enseignement personnalisé Lamoureux,CSDC du Centre-Est de l'Ontario,ottawa,Elementary,French,100.0,10.0,5.0,364.9,100 %,91 %,73 %,83%,74%,0.0,-7.0,10,400,Ottawa,45.37266,-75.6713,False
École élémentaire catholique d'enseignement personnalisé Édouard-Bond,CSDC du Centre-Est de l'Ontario,ottawa,Elementary,French,100.0,10.0,0.0,364.9,100 %,95 %,78 %,91%,81%,3.0,10.0,10,425,Ottawa,45.36326,-75.7767,False
École élémentaire catholique d'enseignement personnalisé Édouard-Bond,CSDC du Centre-Est de l'Ontario,ottawa,Elementary,French,100.0,10.0,0.0,364.9,100 %,95 %,78 %,91%,81%,3.0,10.0,10,425,Ottawa,45.36326,-75.7767,False
École élémentaire Notre-Dame-du-Sault,CSDC du Nouvel-Ontario,sault ste marie,Elementary,French,95.0,10.0,5.0,324.6,95 %,71 %,52 %,66%,52%,-1.0,2.0,15,220,Sault Ste. Marie,46.53269,-84.3358,False
École élémentaire Sacré-Coeur,CSDC du Nouvel-Ontario,chapleau,Elementary,French,100.0,0.0,0.0,147.1,100 %,45 %,45 %,80%,80%,17.0,20.0,10,95,Chapleau,47.84527,-83.3921,False
École élémentaire Saint-Joseph,CSDC du Nouvel-Ontario,blind river,Elementary,French,100.0,20.0,0.0,6.7,100 %,62 %,54 %,78%,72%,0.0,4.0,15,165,Blind River,46.18605,-82.9519,False
École élémentaire Saint-Joseph,CSDC du Nouvel-Ontario,middlesex,Elementary,French,100.0,10.0,5.0,150.9,100 %,75 %,38 %,6%,6%,7.0,11.0,10,155,Wawa,47.99216,-84.7776,False
École élémentaire Saint-Thomas,CSDC du Nouvel-Ontario,markstay-warren,Elementary,French,100.0,10.0,5.0,5.4,100 %,30 %,0 %,N/R,N/R,0.0,0.0,SP,SP,Warren,46.44176,-80.3029,False
École élémentaire catholique La Renaissance,CSDC du Nouvel-Ontario,espanola,Elementary,French,100.0,5.0,10.0,64.0,100 %,50 %,31 %,33%,50%,0.0,9.0,20,185,Espanola,46.260253,-81.772933,False
École élémentaire catholique Frère André,Conseil scolaire catholique Providence,london,Elementary,French,100.0,10.0,0.0,1004.3,100 %,89 %,70 %,100%,84%,0.0,17.0,10,445,London,42.96323,-81.2789,False
École élémentaire catholique Georges P Vanier,Conseil scolaire catholique Providence,windsor,Elementary,French,88.0,10.0,0.0,1572.8,88 %,72 %,53 %,70%,60%,-6.0,-3.0,10,385,Windsor,42.32452,-82.9593,False
École élémentaire catholique Monseigneur Augustin Caron,Conseil scolaire catholique Providence,lasalle,Elementary,French,98.0,0.0,0.0,503.7,98 %,61 %,41 %,92%,84%,0.0,2.0,10,490,LaSalle,42.20613,-83.0765,False
École élémentaire catholique Monseigneur Jean Noël,Conseil scolaire catholique Providence,windsor,Elementary,French,91.0,10.0,5.0,1572.8,91 %,58 %,45 %,85%,74%,-6.0,2.0,15,340,Windsor,42.25885,-83.0346,False
École élémentaire catholique Pavillon des Jeunes,Conseil scolaire catholique Providence,lakeshore,Elementary,French,100.0,0.0,5.0,76.4,100 %,71 %,53 %,64%,49%,8.0,23.0,15,445,Belle Riviere,42.28787,-82.7335,False
École élémentaire catholique Saint-Ambroise,Conseil scolaire catholique Providence,lakeshore,Elementary,French,100.0,5.0,5.0,76.4,100 %,50 %,25 %,100%,100%,0.0,-25.0,20,120,St. Joachim,42.27229,-82.63581,False
École élémentaire catholique Saint-Antoine,Conseil scolaire catholique Providence,tecumseh,Elementary,French,100.0,0.0,0.0,246.3,100 %,62 %,69 %,92%,100%,9.0,28.0,20,220,Tecumseh,42.30149,-82.8844,False
École élémentaire catholique Saint-Edmond,Conseil scolaire catholique Providence,windsor,Elementary,French,100.0,20.0,10.0,1572.8,100 %,74 %,35 %,96%,86%,12.0,-9.0,10,295,Windsor,42.28933,-83.0473,False
École élémentaire catholique Saint-Jean-Baptiste,Conseil scolaire catholique Providence,amherstburg,Elementary,French,100.0,0.0,0.0,128.0,100 %,71 %,50 %,79%,67%,9.0,-1.0,20,315,Amherstburg,42.09782,-83.0985,False
École élémentaire catholique Saint-Jean-de-Brébeuf,Conseil scolaire catholique Providence,london,Elementary,French,100.0,10.0,10.0,1004.3,100 %,76 %,59 %,72%,62%,9.0,28.0,10,460,London,42.95817,-81.1761,False
École élémentaire catholique Saint-Michel,Conseil scolaire catholique Providence,leamington,Elementary,French,98.0,5.0,20.0,113.6,98 %,43 %,33 %,50%,50%,14.0,-4.0,15,350,Leamington,42.04378,-82.5942,False
École élémentaire catholique Saint-Philippe,Conseil scolaire catholique Providence,chatham-kent,Elementary,French,100.0,5.0,15.0,42.3,100 %,73 %,45 %,40%,10%,17.0,20.0,20,115,Grande Pointe,42.46257,-82.3183,False
École élémentaire catholique Saint-Philippe,Conseil scolaire catholique Providence,chatham-kent,Elementary,French,100.0,5.0,15.0,42.4,100 %,73 %,45 %,40%,10%,17.0,20.0,20,115,Grande Pointe,42.46257,-82.3183,False
École élémentaire catholique Saint-Thomas-d'Aquin,Conseil scolaire catholique Providence,sarnia,Elementary,French,88.0,5.0,0.0,439.6,88 %,30 %,30 %,90%,70%,-4.0,3.0,20,205,Sarnia,42.99956,-82.3767,False
École élémentaire catholique Sainte-Catherine,Conseil scolaire catholique Providence,chatham-kent,Elementary,French,85.0,10.0,5.0,42.3,85 %,54 %,38 %,60%,33%,1.0,1.0,30,220,Pain Court,42.39183,-82.2917,False
École élémentaire catholique Sainte-Catherine,Conseil scolaire catholique Providence,chatham-kent,Elementary,French,85.0,10.0,5.0,42.4,85 %,54 %,38 %,60%,33%,1.0,1.0,30,220,Pain Court,42.39183,-82.2917,False
École élémentaire catholique Sainte-Marguerite-Bourgeoys,Conseil scolaire catholique Providence,woodstock,Elementary,French,95.0,5.0,0.0,827.2,95 %,82 %,35 %,88%,79%,0.0,-11.0,5,320,Woodstock,43.14222,-80.7516,False
École élémentaire catholique Sainte-Marie,Conseil scolaire catholique Providence,chatham-kent,Elementary,French,100.0,5.0,0.0,42.3,100 %,76 %,55 %,78%,78%,0.0,13.0,20,325,Chatham,42.40038,-82.2282,False
École élémentaire catholique Sainte-Marie,Conseil scolaire catholique Providence,chatham-kent,Elementary,French,100.0,5.0,0.0,42.4,100 %,76 %,55 %,78%,78%,0.0,13.0,20,325,Chatham,42.40038,-82.2282,False
École élémentaire catholique Sainte-Thérèse,Conseil scolaire catholique Providence,windsor,Elementary,French,90.0,10.0,10.0,1572.8,90 %,68 %,44 %,67%,74%,-8.0,-20.0,15,435,Windsor,42.30812,-82.96,False
École élémentaire catholique Sainte-Ursule,Conseil scolaire catholique Providence,essex,Elementary,French,100.0,0.0,5.0,229.3,100 %,68 %,47 %,75%,85%,12.0,3.0,15,205,McGregor,42.1449,-82.9682,False
École élémentaire catholique Sainte-Ursule,Conseil scolaire catholique Providence,essex,Elementary,French,100.0,0.0,5.0,76.4,100 %,68 %,47 %,75%,85%,12.0,3.0,15,205,McGregor,42.1449,-82.9682,False
École élémentaire catholique St-Dominique-Savio,Conseil scolaire catholique Providence,owen sound,Elementary,French,94.0,10.0,5.0,892.6,94 %,88 %,56 %,29%,33%,9.0,33.0,10,170,Owen Sound,44.56424,-80.9251,False
École élémentaire catholique Ste-Jeanne-d'Arc,Conseil scolaire catholique Providence,london,Elementary,French,97.0,15.0,10.0,1004.3,97 %,79 %,59 %,92%,59%,0.0,17.0,5,370,London,43.02523,-81.2024,False
École élémentaire catholique Ste-Marguerite-d'Youville,Conseil scolaire catholique Providence,tecumseh,Elementary,French,82.0,0.0,0.0,246.3,82 %,57 %,43 %,79%,85%,-18.0,-33.0,15,400,Tecumseh,42.32098,-82.8742,False
École élémentaire publique Carrefour Jeunesse,CÉP de l'Est de l'Ontario,clarence-rockland,Elementary,French,98.0,0.0,0.0,89.1,98 %,83 %,61 %,90%,90%,2.0,23.0,5,405,Rockland,45.54392,-75.2882,False
École élémentaire publique Charlotte Lemieux,CÉP de l'Est de l'Ontario,ottawa,Elementary,French,100.0,20.0,10.0,364.9,100 %,91 %,61 %,98%,92%,0.0,18.0,10,495,Ottawa,45.36288,-75.7631,False
École élémentaire publique Charlotte Lemieux,CÉP de l'Est de l'Ontario,ottawa,Elementary,French,100.0,20.0,10.0,364.9,100 %,91 %,61 %,98%,92%,0.0,18.0,10,495,Ottawa,45.36288,-75.7631,False
École élémentaire publique Cité Jeunesse,CÉP de l'Est de l'Ontario,quinte west,Elementary,French,100.0,10.0,5.0,94.0,100 %,71 %,56 %,93%,90%,0.0,4.0,5,250,Trenton,44.11389,-77.5547,False
École élémentaire publique De la Rivière Castor,CÉP de l'Est de l'Ontario,russell,Elementary,French,92.0,0.0,0.0,98.6,92 %,76 %,40 %,73%,56%,-8.0,-10.0,5,285,Embrun,45.27611,-75.2882,False
École élémentaire publique Des Sentiers,CÉP de l'Est de l'Ontario,ottawa,Elementary,French,99.0,5.0,5.0,364.9,99 %,86 %,69 %,74%,66%,-1.0,-11.0,5,480,Orléans,45.4595,-75.4612,False
École élémentaire publique Des Sentiers,CÉP de l'Est de l'Ontario,ottawa,Elementary,French,99.0,5.0,5.0,364.9,99 %,86 %,69 %,74%,66%,-1.0,-11.0,5,480,Orléans,45.4595,-75.4612,False
École élémentaire publique Francojeunesse,CÉP de l'Est de l'Ontario,ottawa,Elementary,French,100.0,15.0,0.0,364.9,100 %,87 %,80 %,94%,72%,1.0,6.0,5,490,Ottawa,45.42798,-75.6796,False
École élémentaire publique Francojeunesse,CÉP de l'Est de l'Ontario,ottawa,Elementary,French,100.0,15.0,0.0,364.9,100 %,87 %,80 %,94%,72%,1.0,6.0,5,490,Ottawa,45.42798,-75.6796,False
École élémentaire publique Gabrielle-Roy,CÉP de l'Est de l'Ontario,ottawa,Elementary,French,97.0,20.0,10.0,364.9,97 %,66 %,39 %,69%,52%,5.0,8.0,10,445,Gloucester,45.34868,-75.6347,False
École élémentaire publique Gabrielle-Roy,CÉP de l'Est de l'Ontario,ottawa,Elementary,French,97.0,20.0,10.0,364.9,97 %,66 %,39 %,69%,52%,5.0,8.0,10,445,Gloucester,45.34868,-75.6347,False
École élémentaire publique Grande-Ourse,CÉP de l'Est de l'Ontario,ottawa,Elementary,French,100.0,5.0,0.0,364.9,100 %,93 %,84 %,93%,93%,0.0,14.0,12,535,Kanata,45.3485,-75.9367,False
École élémentaire publique Grande-Ourse,CÉP de l'Est de l'Ontario,ottawa,Elementary,French,100.0,5.0,0.0,364.9,100 %,93 %,84 %,93%,93%,0.0,14.0,12,535,Kanata,45.3485,-75.9367,False
École élémentaire publique Jeanne-Sauvé,CÉP de l'Est de l'Ontario,ottawa,Elementary,French,98.0,0.0,0.0,364.9,98 %,84 %,66 %,89%,70%,-2.0,32.0,5,490,Orléans,45.46539,-75.4853,False
École élémentaire publique Jeanne-Sauvé,CÉP de l'Est de l'Ontario,ottawa,Elementary,French,98.0,0.0,0.0,364.9,98 %,84 %,66 %,89%,70%,-2.0,32.0,5,490,Orléans,45.46539,-75.4853,False
École élémentaire publique L'Académie de la Seigneurie,CÉP de l'Est de l'Ontario,casselman,Elementary,French,100.0,0.0,0.0,772.2,100 %,90 %,72 %,92%,80%,0.0,3.0,20,290,Casselman,45.30454,-75.09,False
École élémentaire publique L'Odyssée,CÉP de l'Est de l'Ontario,ottawa,Elementary,French,100.0,5.0,5.0,364.9,100 %,81 %,46 %,91%,80%,7.0,7.0,15,465,Orléans,45.46841,-75.536,False
École élémentaire publique L'Odyssée,CÉP de l'Est de l'Ontario,ottawa,Elementary,French,100.0,5.0,5.0,364.9,100 %,81 %,46 %,91%,80%,7.0,7.0,15,465,Orléans,45.46841,-75.536,False
École élémentaire publique L'Équinoxe,CÉP de l'Est de l'Ontario,pembroke,Elementary,French,95.0,5.0,0.0,1002.8,95 %,73 %,73 %,73%,64%,-5.0,4.0,10,265,PEMBROKE,45.82381,-77.1216,False
École élémentaire publique Le Prélude,CÉP de l'Est de l'Ontario,ottawa,Elementary,French,100.0,5.0,2.0,364.9,100 %,86 %,63 %,82%,65%,0.0,-2.0,9,500,Orléans,45.43751,-75.5301,False
École élémentaire publique Le Prélude,CÉP de l'Est de l'Ontario,ottawa,Elementary,French,100.0,5.0,2.0,364.9,100 %,86 %,63 %,82%,65%,0.0,-2.0,9,500,Orléans,45.43751,-75.5301,False
École élémentaire publique Louise-Arbour,CÉP de l'Est de l'Ontario,ottawa,Elementary,French,100.0,5.0,0.0,364.9,100 %,100 %,71 %,89%,76%,0.0,29.0,0,300,Ottawa,45.3992,-75.7151,False
École élémentaire publique Louise-Arbour,CÉP de l'Est de l'Ontario,ottawa,Elementary,French,100.0,5.0,0.0,364.9,100 %,100 %,71 %,89%,76%,0.0,29.0,0,300,Ottawa,45.3992,-75.7151,False
École élémentaire publique Madeleine-de-Roybon,CÉP de l'Est de l'Ontario,kingston,Elementary,French,97.0,10.0,0.0,293.4,97 %,89 %,80 %,94%,84%,0.0,8.0,5,470,Kingston,44.24234,-76.5259,False
École élémentaire publique Mamawi,CÉP de l'Est de l'Ontario,ottawa,Elementary,French,96.0,10.0,10.0,364.9,96 %,79 %,58 %,83%,83%,0.0,26.0,15,245,Nepean,45.33672,-75.7881,False
École élémentaire publique Mamawi,CÉP de l'Est de l'Ontario,ottawa,Elementary,French,96.0,10.0,10.0,364.9,96 %,79 %,58 %,83%,83%,0.0,26.0,15,245,Nepean,45.33672,-75.7881,False
École élémentaire publique Marie-Curie,CÉP de l'Est de l'Ontario,ottawa,Elementary,French,96.0,25.0,15.0,364.9,96 %,74 %,41 %,78%,61%,-4.0,14.0,10,260,Ottawa,45.38023115,-75.65430627,False
École élémentaire publique Marie-Curie,CÉP de l'Est de l'Ontario,ottawa,Elementary,French,96.0,25.0,15.0,364.9,96 %,74 %,41 %,78%,61%,-4.0,14.0,10,260,Ottawa,45.38023115,-75.65430627,False
École élémentaire publique Maurice-Lapointe,CÉP de l'Est de l'Ontario,ottawa,Elementary,French,100.0,5.0,2.0,364.9,100 %,90 %,73 %,85%,80%,0.0,13.0,9,695,KANATA,45.27875,-75.8587,False
École élémentaire publique Maurice-Lapointe,CÉP de l'Est de l'Ontario,ottawa,Elementary,French,100.0,5.0,2.0,364.9,100 %,90 %,73 %,85%,80%,0.0,13.0,9,695,KANATA,45.27875,-75.8587,False
École élémentaire publique Mauril-Bélanger,CÉP de l'Est de l'Ontario,ottawa,Elementary,French,100.0,20.0,10.0,364.9,100 %,67 %,65 %,47%,41%,8.0,45.0,15,185,Vanier,45.43266,-75.6673,False
École élémentaire publique Mauril-Bélanger,CÉP de l'Est de l'Ontario,ottawa,Elementary,French,100.0,20.0,10.0,364.9,100 %,67 %,65 %,47%,41%,8.0,45.0,15,185,Vanier,45.43266,-75.6673,False
École élémentaire publique Michaëlle-Jean,CÉP de l'Est de l'Ontario,ottawa,Elementary,French,91.0,7.0,3.0,364.9,91 %,84 %,53 %,89%,77%,-8.0,-10.0,7,695,Barrhaven,45.2882,-75.7263,False
École élémentaire publique Michaëlle-Jean,CÉP de l'Est de l'Ontario,ottawa,Elementary,French,91.0,7.0,3.0,364.9,91 %,84 %,53 %,89%,77%,-8.0,-10.0,7,695,Barrhaven,45.2882,-75.7263,False
École élémentaire publique Michel-Dupuis,CÉP de l'Est de l'Ontario,ottawa,Elementary,French,98.0,10.0,0.0,364.9,98 %,88 %,63 %,88%,86%,-2.0,22.0,5,445,Ottawa,45.26721,-75.6932,False
École élémentaire publique Michel-Dupuis,CÉP de l'Est de l'Ontario,ottawa,Elementary,French,98.0,10.0,0.0,364.9,98 %,88 %,63 %,88%,86%,-2.0,22.0,5,445,Ottawa,45.26721,-75.6932,False
École élémentaire publique Nouvel Horizon,CÉP de l'Est de l'Ontario,hawkesbury,Elementary,French,96.0,20.0,5.0,1009.7,96 %,67 %,35 %,92%,63%,2.0,3.0,15,330,Hawkesbury,45.60632,-74.6013,False
École élémentaire publique Rivière-Rideau,CÉP de l'Est de l'Ontario,north grenville,Elementary,French,95.0,0.0,0.0,51.0,95 %,73 %,36 %,70%,83%,1.0,-5.0,10,200,Kemptville,45.00848,-75.6377,False
École élémentaire publique Rose des Vents,CÉP de l'Est de l'Ontario,cornwall,Elementary,French,100.0,14.0,5.0,777.9,100 %,86 %,63 %,97%,81%,0.0,-6.0,6,545,Cornwall,45.03157,-74.6936,False
École élémentaire publique Séraphin-Marion,CÉP de l'Est de l'Ontario,ottawa,Elementary,French,97.0,15.0,10.0,364.9,97 %,83 %,87 %,94%,84%,-3.0,42.0,10,345,Ottawa,45.4527,-75.5922,False
École élémentaire publique Séraphin-Marion,CÉP de l'Est de l'Ontario,ottawa,Elementary,French,97.0,15.0,10.0,364.9,97 %,83 %,87 %,94%,84%,-3.0,42.0,10,345,Ottawa,45.4527,-75.5922,False
École élémentaire publique Terre des Jeunes,CÉP de l'Est de l'Ontario,north glengarry,Elementary,French,100.0,10.0,5.0,15.8,100 %,70 %,60 %,94%,82%,0.0,27.0,20,140,Alexandria,45.306,-74.6314,False
École élémentaire publique Trille des Bois,CÉP de l'Est de l'Ontario,ottawa,Elementary,French,97.0,17.0,5.0,364.9,97 %,92 %,58 %,92%,74%,-3.0,-9.0,10,620,Vanier,45.4397,-75.6706,False
École élémentaire publique Trille des Bois,CÉP de l'Est de l'Ontario,ottawa,Elementary,French,97.0,17.0,5.0,364.9,97 %,92 %,58 %,92%,74%,-3.0,-9.0,10,620,Vanier,45.4397,-75.6706,False
A K Wigg Public School,DSB Niagara,pelham,Elementary,English,97.0,0.0,0.0,144.0,97%,97%,82%,93%,86%,3.0,9.0,10,315,Fonthill,43.03803,-79.2939,False
Applewood Public School,DSB Niagara,st catharines,Elementary,English,93.0,10.0,10.0,1422.1,93%,100%,100%,93%,100%,0.0,47.0,10,180,St Catharines,43.14727,-79.2028,False
Burleigh Hill Public School,DSB Niagara,st catharines,Elementary,English,100.0,10.0,0.0,1422.1,100%,100%,68%,95%,100%,7.0,25.0,15,200,St Catharines,43.13334,-79.2181,False
Caistor Central Public School,DSB Niagara,west lincoln,Elementary,English,100.0,5.0,0.0,39.9,100%,100%,71%,72%,94%,0.0,7.0,15,220,Caistor Centre,43.0752,-79.6525,False
Carleton Public School,DSB Niagara,st catharines,Elementary,English,88.0,15.0,5.0,1422.1,88%,94%,65%,79%,57%,2.0,8.0,20,265,St Catharines,43.18614,-79.213,False
Central Public School,DSB Niagara,grimsby,Elementary,English,94.0,4.0,1.0,420.4,94%,98%,77%,84%,75%,-4.0,11.0,14,595,Grimsby,43.19614,-79.5667,False
Cherrywood Acres Public School,DSB Niagara,niagara falls,Elementary,English,85.0,10.0,0.0,449.1,85%,81%,35%,88%,73%,3.0,-17.0,10,280,Niagara Falls,43.10616,-79.1063,False
Connaught Public School,DSB Niagara,st catharines,Elementary,English,90.0,20.0,5.0,1422.1,90%,97%,81%,94%,85%,17.0,19.0,15,390,St Catharines,43.16449,-79.2288,False
Crossroads Public School,DSB Niagara,niagara-on-the-lake,Elementary,English,90.0,10.0,0.0,145.3,90%,90%,80%,87%,84%,2.0,35.0,10,425,Niagara on the Lake,43.2164,-79.1303,False
DSBN Academy,DSB Niagara,st catharines,Elementary,English,95.0,20.0,5.0,1422.1,95%,96%,82%,,,0.0,15.0,20,210,St. Catharines,43.1384,-79.2573,False
Dalewood Public School,DSB Niagara,st catharines,Elementary,English,91.0,10.0,0.0,1422.1,91%,84%,75%,98%,95%,-7.0,12.0,10,410,St Catharines,43.20193,-79.2398,False
DeWitt Carter Public School,DSB Niagara,port colborne,Elementary,English,93.0,20.0,0.0,164.2,93%,89%,48%,79%,79%,-7.0,13.0,20,265,Port Colborne,42.8905,-79.2445,False
Diamond Trail Public School,DSB Niagara,welland,Elementary,English,95.0,14.0,6.0,686.9,95%,93%,52%,84%,62%,16.0,16.0,22,515,Welland,42.97307,-79.2355,False
E I McCulley Public School,DSB Niagara,st catharines,Elementary,English,87.0,15.0,10.0,1422.1,87%,84%,26%,86%,69%,4.0,-18.0,20,255,St Catharines,43.18333,-79.2084,False
Edith Cavell Public School,DSB Niagara,st catharines,Elementary,English,88.0,20.0,10.0,1422.1,88%,100%,89%,75%,71%,-4.0,27.0,30,235,St Catharines,43.14763,-79.2496,False
Ferndale Public School,DSB Niagara,st catharines,Elementary,English,97.0,20.0,5.0,1422.1,97%,97%,84%,96%,100%,7.0,31.0,20,380,St Catharines,43.15037,-79.2117,False
Fitch Street Public School,DSB Niagara,welland,Elementary,English,88.0,10.0,0.0,686.9,88%,88%,58%,98%,88%,-9.0,-5.0,15,495,Welland,42.9952,-79.2623,False
Forestview Public School,DSB Niagara,niagara falls,Elementary,English,92.0,8.0,2.0,449.1,92%,93%,83%,85%,75%,0.0,10.0,16,725,Niagara Falls,43.08316,-79.1375,False
Gainsborough Central Public School,DSB Niagara,west lincoln,Elementary,English,84.0,0.0,0.0,39.9,84%,95%,68%,83%,89%,1.0,11.0,10,185,St Anns,43.04189,-79.5,False
Garrison Road Public School,DSB Niagara,fort erie,Elementary,English,90.0,10.0,0.0,197.9,90%,90%,56%,91%,73%,8.0,11.0,20,485,Fort Erie,42.90534,-78.9569,False
Glendale Public School,DSB Niagara,welland,Elementary,English,90.0,15.0,0.0,686.9,90%,100%,75%,86%,72%,-10.0,31.0,20,240,Welland,43.00777,-79.2554,False
Glynn A Green Public School,DSB Niagara,pelham,Elementary,English,95.0,5.0,0.0,144.0,95%,98%,68%,96%,87%,-1.0,-13.0,10,435,Fonthill,43.03973,-79.2846,False
Gordon Public School,DSB Niagara,welland,Elementary,English,88.0,10.0,0.0,686.9,88%,90%,64%,73%,76%,-7.0,-2.0,14,540,Welland,43.00448,-79.2788,False
Gracefield Public School,DSB Niagara,st catharines,Elementary,English,100.0,5.0,0.0,1422.1,100%,100%,88%,93%,87%,5.0,13.0,10,150,St Catharines,43.1955,-79.2815,False
Grand Avenue Public School,DSB Niagara,grimsby,Elementary,English,86.0,0.0,5.0,420.4,86%,100%,50%,89%,89%,-6.0,12.0,10,215,Grimsby,43.19201,-79.5271,False
Grapeview Public School,DSB Niagara,st catharines,Elementary,English,98.0,10.0,0.0,1422.1,98%,90%,75%,84%,87%,11.0,28.0,10,400,St Catharines,43.1646,-79.2756,False
Greendale Public School,DSB Niagara,niagara falls,Elementary,English,92.0,5.0,0.0,449.1,92%,90%,69%,80%,63%,-4.0,-14.0,15,400,Niagara Falls,43.09423,-79.1225,False
Harriet Tubman Public School,DSB Niagara,st catharines,Elementary,English,78.0,20.0,5.0,1422.1,78%,80%,44%,76%,63%,8.0,12.0,17,655,St. Catharines,43.16866,-79.2484,False
Heximer Avenue Public School,DSB Niagara,niagara falls,Elementary,English,100.0,20.0,0.0,449.1,100%,100%,96%,95%,95%,11.0,46.0,10,295,Niagara Falls,43.0773,-79.1005,False
Jacob Beam Public School,DSB Niagara,lincoln,Elementary,English,98.0,0.0,0.0,158.0,98%,98%,79%,89%,84%,2.0,15.0,10,385,Beamsville,43.1656,-79.4792,False
James Morden Public School,DSB Niagara,niagara falls,Elementary,English,80.0,18.0,4.0,449.1,80%,85%,55%,81%,74%,-7.0,23.0,15,540,Niagara Falls,43.07239,-79.1093,False
Jeanne Sauve Public School,DSB Niagara,st catharines,Elementary,English,94.0,13.0,4.0,1422.1,94%,83%,72%,82%,72%,-4.0,3.0,8,555,St. Catharines,43.16133,-79.2111,False
John Brant Public School,DSB Niagara,fort erie,Elementary,English,97.0,8.0,2.0,197.9,97%,94%,75%,95%,89%,1.0,16.0,8,665,Ridgeway,42.87863,-79.0522,False
John Marshall Public School,DSB Niagara,niagara falls,Elementary,English,100.0,10.0,5.0,449.1,100%,94%,76%,N/R,N/R,6.0,23.0,15,250,Niagara Falls,43.11665,-79.1026,False
Kate S Durdan Public School,DSB Niagara,st catharines,Elementary,English,100.0,16.0,3.0,1422.1,100%,98%,89%,96%,94%,8.0,16.0,10,530,Niagara Falls,43.0754,-79.137,False
Lakeview Public School,DSB Niagara,grimsby,Elementary,English,89.0,5.0,0.0,420.4,89%,82%,66%,89%,83%,-2.0,3.0,10,415,Grimsby,43.201,-79.5616,False
Lincoln Centennial Public School,DSB Niagara,st catharines,Elementary,English,88.0,25.0,10.0,1422.1,88%,85%,62%,100%,91%,10.0,18.0,15,350,St Catharines,43.18672,-79.2335,False
Lockview Public School,DSB Niagara,st catharines,Elementary,English,95.0,10.0,0.0,1422.1,95%,92%,76%,92%,89%,1.0,18.0,10,415,St Catharines,43.1995,-79.2117,False
Martha Cullimore Public School,DSB Niagara,niagara falls,Elementary,English,97.0,5.0,0.0,449.1,97%,97%,84%,88%,58%,7.0,23.0,15,280,Niagara Falls,43.1267,-79.1059,False
McKay Public School,DSB Niagara,port colborne,Elementary,English,87.0,10.0,0.0,164.2,87%,85%,48%,88%,71%,-3.0,-11.0,20,495,Port Colborne,42.89113,-79.2578,False
Nelles Public School,DSB Niagara,grimsby,Elementary,English,100.0,0.0,0.0,420.4,100%,100%,85%,97%,90%,8.0,4.0,10,290,Grimsby,43.1883,-79.5512,False
Oakridge Public School,DSB Niagara,st catharines,Elementary,English,100.0,20.0,0.0,1422.1,100%,97%,85%,97%,89%,9.0,19.0,15,475,St Catharines,43.13692,-79.243,False
Oakwood Public School,DSB Niagara,port colborne,Elementary,English,100.0,10.0,0.0,164.2,100%,100%,74%,93%,87%,5.0,21.0,20,235,Port Colborne,42.90109,-79.2632,False
Ontario Public School,DSB Niagara,thorold,Elementary,English,97.0,10.0,0.0,285.9,97%,90%,87%,90%,94%,-3.0,12.0,15,405,Thorold,43.09308,-79.1986,False
Orchard Park Public School,DSB Niagara,niagara falls,Elementary,English,100.0,5.0,0.0,449.1,100%,100%,79%,100%,91%,0.0,7.0,20,335,Niagara Falls,43.11919,-79.1127,False
Park Public School,DSB Niagara,grimsby,Elementary,English,94.0,0.0,0.0,420.4,94%,100%,72%,92%,100%,2.0,5.0,10,110,Grimsby,43.1862,-79.5346,False
Parnall Public School,DSB Niagara,st catharines,Elementary,English,96.0,5.0,0.0,1422.1,96%,96%,82%,79%,74%,-4.0,8.0,10,330,St Catharines,43.1946,-79.2428,False
Peace Bridge Public School,DSB Niagara,fort erie,Elementary,English,84.0,20.0,5.0,197.9,84%,80%,39%,81%,69%,10.0,-7.0,20,445,Fort Erie,42.91472,-78.925,False
Pine Grove Public School,DSB Niagara,st catharines,Elementary,English,100.0,10.0,0.0,1422.1,100%,82%,88%,97%,92%,2.0,14.0,15,380,St Catharines,43.2035,-79.2518,False
Plymouth Public School,DSB Niagara,welland,Elementary,English,97.0,20.0,5.0,686.9,97%,100%,90%,97%,100%,9.0,67.0,25,420,Welland,42.9828,-79.245,False
Port Weller Public School,DSB Niagara,st catharines,Elementary,English,97.0,5.0,5.0,1422.1,97%,89%,51%,76%,64%,-3.0,-1.0,20,295,St Catharines,43.2139,-79.2147,False
Power Glen School,DSB Niagara,st catharines,Elementary,English,94.0,5.0,0.0,1422.1,94%,97%,80%,91%,89%,2.0,19.0,10,355,St Catharines,43.1301,-79.2658,False
Prince Philip Public School,DSB Niagara,st catharines,Elementary,English,88.0,0.0,0.0,1422.1,88%,92%,68%,88%,90%,-1.0,3.0,15,455,St Catharines,43.2066,-79.2311,False
Prince Philip Public School,DSB Niagara,niagara falls,Elementary,English,98.0,10.0,4.0,449.1,98%,98%,86%,84%,76%,3.0,22.0,7,510,Niagara Falls,43.1268,-79.1109,False
Prince of Wales Public School,DSB Niagara,st catharines,Elementary,English,75.0,20.0,0.0,1422.1,75%,88%,50%,76%,76%,-15.0,26.0,20,285,St Catharines,43.1775,-79.222,False
Prince of Wales Public School,DSB Niagara,thorold,Elementary,English,89.0,15.0,5.0,285.9,89%,97%,61%,81%,76%,3.0,1.0,20,285,Thorold,43.12244,-79.2026,False
Princess Elizabeth Public School,DSB Niagara,welland,Elementary,English,76.0,10.0,0.0,686.9,76%,85%,39%,87%,70%,-14.0,-2.0,20,485,Welland,42.98509,-79.2326,False
Princess Margaret Public School,DSB Niagara,niagara falls,Elementary,English,91.0,16.0,5.0,449.1,91%,94%,74%,88%,88%,18.0,44.0,14,525,Niagara Falls,43.08499,-79.1049,False
Quaker Road Public School,DSB Niagara,welland,Elementary,English,84.0,10.0,1.0,686.9,84%,90%,39%,91%,82%,3.0,-5.0,17,630,Welland,43.0216,-79.2616,False
Richmond Street Public School,DSB Niagara,thorold,Elementary,English,81.0,9.0,1.0,285.9,81%,79%,51%,89%,67%,-7.0,0.0,11,560,Thorold,43.11686,-79.2144,False
River View Public School,DSB Niagara,niagara falls,Elementary,English,91.0,5.0,0.0,449.1,91%,87%,58%,86%,83%,17.0,29.0,15,405,Niagara Falls,43.05524,-79.0424,False
Ross Public School,DSB Niagara,welland,Elementary,English,80.0,10.0,0.0,686.9,80%,92%,36%,78%,67%,-20.0,6.0,20,255,Welland,43.0006,-79.2522,False
Senator Gibson Public School,DSB Niagara,lincoln,Elementary,English,91.0,0.0,0.0,158.0,91%,88%,58%,64%,64%,4.0,-1.0,15,490,Beamsville,43.17094,-79.4727,False
Simcoe Street Public School,DSB Niagara,niagara falls,Elementary,English,100.0,25.0,10.0,449.1,100%,100%,100%,85%,93%,32.0,84.0,10,260,Niagara Falls,43.10222,-79.072,False
Smith Public School,DSB Niagara,grimsby,Elementary,English,98.0,5.0,5.0,420.4,98%,98%,82%,96%,92%,8.0,12.0,5,355,Grimsby,43.20636,-79.6141,False
Smithville Public School,DSB Niagara,west lincoln,Elementary,English,100.0,0.0,0.0,39.9,100%,98%,58%,89%,86%,21.0,20.0,15,455,Smithville,43.09885,-79.5442,False
St Davids Public School,DSB Niagara,niagara-on-the-lake,Elementary,English,95.0,5.0,0.0,145.3,95%,100%,88%,100%,97%,1.0,0.0,10,415,St Davids,43.1587,-79.1068,False
Steele Street Public School,DSB Niagara,port colborne,Elementary,English,100.0,10.0,0.0,164.2,100%,85%,65%,100%,93%,13.0,-2.0,10,190,Port Colborne,42.8852,-79.2605,False
Stevensville Public School,DSB Niagara,fort erie,Elementary,English,97.0,0.0,0.0,197.9,97%,94%,81%,91%,78%,7.0,15.0,15,325,Stevensville,42.9437,-79.0477,False
Twenty Valley Public School,DSB Niagara,west lincoln,Elementary,English,98.0,2.0,0.0,39.9,98%,98%,80%,90%,86%,3.0,16.0,11,510,Vineland,43.15851,-79.3919,False
Valley Way Public School,DSB Niagara,niagara falls,Elementary,English,84.0,15.0,10.0,449.1,84%,80%,54%,78%,70%,8.0,18.0,10,305,Niagara Falls,43.10193,-79.0821,False
Victoria Public School,DSB Niagara,niagara falls,Elementary,English,92.0,10.0,5.0,449.1,92%,92%,38%,54%,60%,-8.0,-29.0,5,145,Niagara Falls,43.12898,-79.09,False
Wellington Heights Public School,DSB Niagara,pelham,Elementary,English,86.0,0.0,0.0,144.0,86%,75%,41%,93%,80%,-11.0,-21.0,10,380,Fenwick,43.02813,-79.3564,False
Westdale Public School,DSB Niagara,st catharines,Elementary,English,96.0,20.0,5.0,1422.1,96%,100%,79%,89%,94%,12.0,27.0,20,260,St Catharines,43.13943,-79.2618,False
Westmount Public School,DSB Niagara,thorold,Elementary,English,92.0,10.0,10.0,285.9,92%,92%,33%,94%,100%,-2.0,-5.0,10,220,Thorold,43.12625,-79.2115,False
William Hamilton Merritt Public School,DSB Niagara,st catharines,Elementary,English,82.0,10.0,5.0,1422.1,82%,95%,68%,80%,80%,-3.0,13.0,15,285,St Catharines,43.18828,-79.2566,False
Woodland Public School,DSB Niagara,lincoln,Elementary,English,88.0,5.0,0.0,158.0,88%,94%,71%,73%,82%,-5.0,21.0,5,115,St Catharines,43.1756,-79.3091,False
Bertha Shaw Public School,DSB Ontario North East,timmins,Elementary,English,88.0,5.0,5.0,13.9,88%,78%,62%,N/D,68%,7.0,10.0,5,230,South Porcupine,48.48284,-81.2095,False
Cochrane Public School,DSB Ontario North East,cochrane,Elementary,English,70.0,10.0,5.0,0.6,70%,65%,24%,24%,20%,16.0,18.0,20,370,Cochrane,49.07481,-81.0189,False
Cochrane Public School,DSB Ontario North East,cochrane,Elementary,English,70.0,10.0,5.0,10.0,70%,65%,24%,24%,20%,16.0,18.0,20,370,Cochrane,49.07481,-81.0189,False
Diamond Jubilee Public School,DSB Ontario North East,kapuskasing,Elementary,English,65.0,10.0,5.0,95.9,65%,65%,6%,11%,22%,5.0,-34.0,35,155,Kapuskasing,49.42065,-82.4345,False
Englehart Public School,DSB Ontario North East,englehart,Elementary,English,96.0,15.0,5.0,494.2,96%,92%,62%,62%,54%,31.0,54.0,25,235,Englehart,47.82139,-79.8706,False
Federal Public School,DSB Ontario North East,kirkland lake,Elementary,English,18.0,15.0,5.0,29.7,18%,32%,9%,35%,13%,-61.0,-2.0,25,165,Kirkland Lake,48.16018,-80.0299,True
Golden Avenue Public School,DSB Ontario North East,timmins,Elementary,English,67.0,10.0,0.0,13.9,67%,56%,12%,47%,47%,-3.0,2.0,35,145,South Porcupine,48.47741,-81.2118,False
Iroquois Falls Public School,DSB Ontario North East,iroquois falls,Elementary,English,40.0,10.0,0.0,7.4,40%,40%,5%,40%,25%,-33.0,-18.0,30,125,Iroquois Falls,48.76252,-80.6898,True
Joseph H Kennedy Public School,DSB Ontario North East,black river-matheson,Elementary,English,88.0,20.0,25.0,2.2,88%,75%,31%,N/R,50%,38.0,19.0,25,125,Matheson,48.53562,-80.4633,False
Pinecrest Public School,DSB Ontario North East,timmins,Elementary,English,49.0,10.0,10.0,13.9,49%,57%,11%,32%,16%,-20.0,-4.0,35,205,Timmins,48.48786,-81.3175,True
Schumacher Public School,DSB Ontario North East,timmins,Elementary,English,43.0,20.0,15.0,13.9,43%,29%,0%,29%,36%,-21.0,-18.0,50,165,Schumacher,48.47474,-81.2969,True
Timmins Centennial Public School,DSB Ontario North East,timmins,Elementary,English,78.0,10.0,5.0,13.9,78%,88%,35%,N/D,47%,4.0,6.0,10,410,Timmins,48.46426,-81.3376,False
W Earle Miller Public School,DSB Ontario North East,timmins,Elementary,English,83.0,10.0,0.0,13.9,83%,75%,29%,52%,46%,0.0,-4.0,20,380,Timmins,48.49205,-81.3416,False
All Saints Catholic School,Dufferin-Peel CDSB,mississauga,Elementary,English,91.0,5.0,0.0,2452.5,91%,85%,47%,75%,54%,-9.0,-16.0,20,370,Mississauga,43.53156,-79.7106,False
Bishop Francis Allen Catholic School,Dufferin-Peel CDSB,brampton,Elementary,English,56.0,10.0,5.0,2469.0,56%,67%,19%,57%,46%,-18.0,-14.0,10,345,Brampton,43.66624,-79.7462,True
Blessed Michael J. McGivney Catholic Elementary School,Dufferin-Peel CDSB,brampton,Elementary,English,79.0,5.0,5.0,2469.0,79%,87%,31%,77%,27%,3.0,13.0,10,305,Brampton,43.7529,-79.7679,False
Canadian Martyrs School,Dufferin-Peel CDSB,mississauga,Elementary,English,73.0,15.0,0.0,2452.5,73%,84%,31%,79%,68%,-17.0,-23.0,15,365,Mississauga,43.59904,-79.6219,False
Christ The King Catholic School,Dufferin-Peel CDSB,mississauga,Elementary,English,96.0,10.0,0.0,2452.5,96%,81%,48%,59%,45%,30.0,20.0,15,270,Mississauga,43.52396,-79.695,False
Corpus Christi School,Dufferin-Peel CDSB,mississauga,Elementary,English,94.0,20.0,0.0,2452.5,94%,89%,50%,68%,58%,8.0,9.0,15,265,Mississauga,43.5848,-79.6522,False
Divine Mercy School,Dufferin-Peel CDSB,mississauga,Elementary,English,87.0,15.0,0.0,2452.5,87%,83%,53%,80%,61%,3.0,-15.0,20,345,Mississauga,43.55954,-79.7238,False
Father C W Sullivan Catholic School,Dufferin-Peel CDSB,brampton,Elementary,English,92.0,5.0,10.0,2469.0,92%,92%,48%,87%,100%,24.0,30.0,10,285,Brampton,43.70595,-79.7466,False
Father Clair Tipping School,Dufferin-Peel CDSB,brampton,Elementary,English,76.0,5.0,10.0,2469.0,76%,82%,18%,78%,39%,3.0,-15.0,20,155,Brampton,43.76465,-79.7314,False
Father Daniel Zanon Elementary School,Dufferin-Peel CDSB,mississauga,Elementary,English,93.0,15.0,10.0,2452.5,93%,89%,70%,88%,82%,-3.0,3.0,15,270,Mississauga,43.57306,-79.6309,False
Father Francis McSpiritt Catholic Elementary School,Dufferin-Peel CDSB,brampton,Elementary,English,83.0,5.0,10.0,2469.0,83%,91%,43%,58%,36%,-2.0,-7.0,10,390,Brampton,43.7751,-79.6981,False
Georges Vanier Catholic School,Dufferin-Peel CDSB,brampton,Elementary,English,85.0,10.0,10.0,2469.0,85%,95%,45%,64%,68%,-5.0,11.0,10,250,Brampton,43.72731,-79.7111,False
Good Shepherd Catholic Elementary School,Dufferin-Peel CDSB,brampton,Elementary,English,89.0,5.0,10.0,2469.0,89%,85%,59%,71%,53%,4.0,14.0,20,265,Brampton,43.75604,-79.7463,False
Guardian Angels Catholic Elementary School,Dufferin-Peel CDSB,brampton,Elementary,English,86.0,5.0,0.0,2469.0,86%,78%,44%,69%,49%,7.0,23.0,10,305,Brampton,43.6868,-79.8196,False
Holy Cross School,Dufferin-Peel CDSB,mississauga,Elementary,English,76.0,10.0,10.0,2452.5,76%,73%,9%,62%,52%,-2.0,-13.0,10,405,Mississauga,43.72491,-79.6363,False
Holy Family School,Dufferin-Peel CDSB,caledon,Elementary,English,98.0,5.0,0.0,111.2,98%,100%,50%,65%,48%,6.0,14.0,5,380,Bolton,43.87366,-79.7261,False
Holy Spirit Catholic Elementary School,Dufferin-Peel CDSB,brampton,Elementary,English,92.0,0.0,10.0,2469.0,92%,84%,24%,74%,63%,-4.0,-18.0,15,210,Brampton,43.78429,-79.7292,False
Lester B Pearson Catholic School,Dufferin-Peel CDSB,brampton,Elementary,English,73.0,10.0,5.0,2469.0,73%,78%,41%,58%,38%,-16.0,-4.0,15,440,Brampton,43.72301,-79.7293,False
Mary Fix Catholic School,Dufferin-Peel CDSB,mississauga,Elementary,English,91.0,0.0,5.0,2452.5,91%,95%,45%,84%,74%,7.0,21.0,20,240,Mississauga,43.56702,-79.6239,False
Metropolitan Andrei Catholic School,Dufferin-Peel CDSB,mississauga,Elementary,English,89.0,10.0,10.0,2452.5,89%,86%,43%,76%,69%,-1.0,10.0,15,490,Mississauga,43.59246,-79.613,False
Our Lady of Fatima School,Dufferin-Peel CDSB,brampton,Elementary,English,77.0,10.0,0.0,2469.0,77%,73%,36%,53%,47%,7.0,26.0,15,220,Brampton,43.68807,-79.7775,False
Our Lady of Good Voyage Catholic School,Dufferin-Peel CDSB,mississauga,Elementary,English,100.0,10.0,0.0,2452.5,100%,90%,70%,N/R,N/R,8.0,12.0,20,120,Mississauga,43.5914,-79.7108,False
Our Lady of Lourdes Catholic Elementary School,Dufferin-Peel CDSB,brampton,Elementary,English,100.0,0.0,5.0,2469.0,100%,100%,79%,82%,73%,0.0,23.0,5,120,Brampton,43.79178,-79.7472,False
Our Lady of Mercy Elementary School,Dufferin-Peel CDSB,mississauga,Elementary,English,95.0,10.0,0.0,2452.5,95%,95%,69%,93%,87%,8.0,22.0,15,235,Mississauga,43.56934,-79.733,False
Our Lady of Peace School,Dufferin-Peel CDSB,brampton,Elementary,English,87.0,5.0,5.0,2469.0,87%,83%,53%,76%,53%,-2.0,12.0,15,340,Brampton,43.67388,-79.7848,False
Our Lady of Providence Elementary School,Dufferin-Peel CDSB,brampton,Elementary,English,89.0,5.0,10.0,2469.0,89%,89%,53%,72%,47%,0.0,-3.0,15,445,Brampton,43.7438,-79.7597,False
Pauline Vanier Catholic Elementary School,Dufferin-Peel CDSB,brampton,Elementary,English,90.0,10.0,0.0,2469.0,90%,95%,35%,88%,62%,0.0,-5.0,15,145,Brampton,43.64647,-79.7342,False
Queen of Heaven School,Dufferin-Peel CDSB,mississauga,Elementary,English,81.0,10.0,0.0,2452.5,81%,86%,86%,85%,68%,2.0,62.0,25,360,Mississauga,43.57798,-79.5666,False
Sacred Heart Separate School,Dufferin-Peel CDSB,brampton,Elementary,English,81.0,0.0,5.0,2469.0,81%,95%,71%,87%,74%,-12.0,30.0,15,270,Brampton,43.73354,-79.7987,False
San Lorenzo Ruiz Elementary School,Dufferin-Peel CDSB,mississauga,Elementary,English,88.0,10.0,0.0,2452.5,88%,85%,51%,75%,54%,-6.0,-7.0,10,290,Mississauga,43.61777,-79.6636,False
St Agnes Separate School,Dufferin-Peel CDSB,brampton,Elementary,English,80.0,5.0,5.0,2469.0,80%,77%,40%,66%,53%,-7.0,20.0,15,330,Brampton,43.72463,-79.7804,False
St Albert of Jerusalem Elementary School,Dufferin-Peel CDSB,mississauga,Elementary,English,87.0,5.0,0.0,2452.5,87%,83%,57%,74%,54%,-7.0,-6.0,15,420,Mississauga,43.58028,-79.7892,False
St Alfred School,Dufferin-Peel CDSB,mississauga,Elementary,English,72.0,15.0,10.0,2452.5,72%,90%,28%,55%,40%,-10.0,-3.0,20,370,Mississauga,43.61859,-79.5893,False
St Andrew School,Dufferin-Peel CDSB,orangeville,Elementary,English,75.0,5.0,2.0,1989.5,75%,80%,25%,67%,50%,-6.0,-8.0,8,555,Orangeville,43.91892,-80.1171,False
St Angela Merici Catholic Elementary School,Dufferin-Peel CDSB,brampton,Elementary,English,90.0,5.0,10.0,2469.0,90%,86%,48%,58%,32%,-3.0,5.0,20,320,Brampton,43.69536,-79.8106,False
St Anne Separate School,Dufferin-Peel CDSB,brampton,Elementary,English,77.0,10.0,5.0,2469.0,77%,85%,32%,77%,48%,-13.0,-9.0,10,425,Brampton,43.69927,-79.7632,False
St Anthony School,Dufferin-Peel CDSB,brampton,Elementary,English,71.0,5.0,0.0,2469.0,71%,77%,17%,76%,36%,-7.0,0.0,15,305,Brampton,43.73602,-79.7415,False
St Basil School,Dufferin-Peel CDSB,mississauga,Elementary,English,89.0,0.0,5.0,2452.5,89%,89%,57%,78%,61%,2.0,10.0,10,275,Mississauga,43.6232,-79.6126,False
St Benedict Elementary School,Dufferin-Peel CDSB,orangeville,Elementary,English,67.0,0.0,0.0,1989.5,67%,67%,31%,67%,63%,-15.0,9.0,20,500,Orangeville,43.93045,-80.116,False
St Bernadette Elementary School,Dufferin-Peel CDSB,mississauga,Elementary,English,62.0,10.0,0.0,2452.5,62%,70%,43%,59%,50%,-32.0,2.0,10,245,Mississauga,43.58163,-79.673,False
St Brigid School,Dufferin-Peel CDSB,brampton,Elementary,English,95.0,5.0,5.0,2469.0,95%,82%,64%,86%,77%,15.0,24.0,10,195,Brampton,43.65816,-79.7593,False
St Catherine of Siena School,Dufferin-Peel CDSB,mississauga,Elementary,English,78.0,20.0,10.0,2452.5,78%,69%,34%,65%,65%,-10.0,-16.0,10,445,Mississauga,43.57434,-79.6093,False
St Cecilia Elementary School,Dufferin-Peel CDSB,brampton,Elementary,English,82.0,10.0,0.0,2469.0,82%,82%,45%,94%,61%,4.0,-5.0,15,295,Brampton,43.70438,-79.78,False
St Christopher School,Dufferin-Peel CDSB,mississauga,Elementary,English,97.0,5.0,0.0,2452.5,97%,92%,77%,75%,68%,-1.0,3.0,20,430,Mississauga,43.52178,-79.6262,False
St Clare School,Dufferin-Peel CDSB,mississauga,Elementary,English,100.0,0.0,0.0,2452.5,100%,90%,63%,74%,74%,22.0,19.0,30,290,Mississauga,43.54534,-79.6961,False
St Cornelius School,Dufferin-Peel CDSB,caledon,Elementary,English,82.0,3.0,0.0,111.2,82%,77%,34%,68%,57%,-8.0,-3.0,14,535,Caledon East,43.89218,-79.8746,False
St David of Wales Separate School,Dufferin-Peel CDSB,mississauga,Elementary,English,75.0,10.0,5.0,2452.5,75%,88%,62%,77%,77%,-6.0,0.0,15,220,Mississauga,43.57482,-79.666,False
St Dominic Separate School,Dufferin-Peel CDSB,mississauga,Elementary,English,85.0,5.0,0.0,2452.5,85%,85%,50%,75%,75%,-10.0,-15.0,15,285,Mississauga,43.57334,-79.5794,False
St Edith Stein Elementary School,Dufferin-Peel CDSB,mississauga,Elementary,English,81.0,5.0,0.0,2452.5,81%,81%,73%,77%,80%,-4.0,8.0,20,265,Mississauga,43.56624,-79.7586,False
St Edmund Separate School,Dufferin-Peel CDSB,mississauga,Elementary,English,100.0,0.0,0.0,2452.5,100%,100%,87%,95%,88%,4.0,12.0,5,390,Mississauga,43.59861,-79.5767,False
St Elizabeth Seton School,Dufferin-Peel CDSB,mississauga,Elementary,English,76.0,10.0,0.0,2452.5,76%,85%,27%,89%,66%,-16.0,-23.0,15,320,Mississauga,43.57746,-79.7406,False
St Faustina Elementary School,Dufferin-Peel CDSB,mississauga,Elementary,English,81.0,5.0,5.0,2452.5,81%,96%,62%,86%,62%,-19.0,16.0,10,255,Mississauga,43.55689,-79.7504,False
St Francis Xavier Elementary School,Dufferin-Peel CDSB,brampton,Elementary,English,87.0,10.0,0.0,2469.0,87%,93%,35%,58%,51%,-2.0,2.0,10,475,Brampton,43.67445,-79.7381,False
St Francis of Assisi School,Dufferin-Peel CDSB,mississauga,Elementary,English,74.0,5.0,5.0,2452.5,74%,77%,44%,66%,58%,-16.0,-8.0,10,455,Mississauga,43.52637,-79.6717,False
St Gerard Separate School,Dufferin-Peel CDSB,mississauga,Elementary,English,67.0,10.0,10.0,2452.5,67%,67%,17%,92%,92%,-33.0,-40.0,15,230,Mississauga,43.55864,-79.6562,False
St Gregory School,Dufferin-Peel CDSB,mississauga,Elementary,English,96.0,7.0,3.0,2452.5,96%,96%,65%,90%,65%,3.0,13.0,10,515,Mississauga,43.60917,-79.7074,False
St Helen Separate School,Dufferin-Peel CDSB,mississauga,Elementary,English,95.0,5.0,0.0,2452.5,95%,95%,52%,92%,84%,34.0,13.0,15,250,Mississauga,43.50587,-79.6509,False
St Herbert School,Dufferin-Peel CDSB,mississauga,Elementary,English,81.0,5.0,0.0,2452.5,81%,96%,42%,75%,79%,7.0,13.0,20,265,Mississauga,43.58592,-79.6847,False
St Hilary Elementary School,Dufferin-Peel CDSB,mississauga,Elementary,English,95.0,10.0,5.0,2452.5,95%,80%,35%,68%,63%,28.0,-9.0,25,260,Mississauga,43.60373,-79.6607,False
St Isaac Jogues Elementary School,Dufferin-Peel CDSB,brampton,Elementary,English,61.0,10.0,10.0,2469.0,61%,63%,34%,68%,66%,-2.0,11.0,15,410,Brampton,43.73608,-79.7695,False
St Jean Brebeuf Separate School,Dufferin-Peel CDSB,brampton,Elementary,English,85.0,5.0,10.0,2469.0,85%,88%,61%,53%,34%,0.0,26.0,15,295,Brampton,43.73397,-79.7243,False
St Jerome Separate School,Dufferin-Peel CDSB,mississauga,Elementary,English,81.0,5.0,0.0,2452.5,81%,88%,46%,73%,55%,0.0,22.0,15,220,Mississauga,43.55912,-79.6302,False
St Joachim Separate School,Dufferin-Peel CDSB,brampton,Elementary,English,77.0,6.0,5.0,2469.0,77%,81%,38%,58%,48%,-7.0,-8.0,10,550,Brampton,43.71302,-79.7667,False
St John Bosco School,Dufferin-Peel CDSB,brampton,Elementary,English,88.0,10.0,5.0,2469.0,88%,85%,59%,73%,54%,23.0,37.0,10,260,Brampton,43.74193,-79.7327,False
St John Fisher Separate School,Dufferin-Peel CDSB,brampton,Elementary,English,76.0,10.0,5.0,2469.0,76%,76%,22%,63%,53%,4.0,3.0,20,445,Brampton,43.71031,-79.7116,False
St John of the Cross School,Dufferin-Peel CDSB,mississauga,Elementary,English,100.0,0.0,0.0,2452.5,100%,100%,71%,89%,75%,0.0,7.0,15,280,Mississauga,43.57904,-79.7678,False
St John the Baptist Elementary School,Dufferin-Peel CDSB,caledon,Elementary,English,95.0,0.0,5.0,111.2,95%,93%,50%,91%,85%,10.0,23.0,15,345,Bolton,43.87083,-79.7125,False
St Joseph School,Dufferin-Peel CDSB,brampton,Elementary,English,76.0,15.0,5.0,2469.0,76%,88%,29%,80%,50%,3.0,29.0,20,185,Brampton,43.67689,-79.7787,False
St Joseph Separate School,Dufferin-Peel CDSB,mississauga,Elementary,English,86.0,5.0,0.0,2452.5,86%,83%,39%,74%,53%,13.0,-4.0,10,310,Mississauga,43.58127,-79.7096,False
St Jude School,Dufferin-Peel CDSB,mississauga,Elementary,English,80.0,10.0,10.0,2452.5,80%,71%,34%,76%,71%,-10.0,0.0,5,255,Mississauga,43.61332,-79.6521,False
St Julia Catholic Elementary School,Dufferin-Peel CDSB,mississauga,Elementary,English,83.0,5.0,0.0,2452.5,83%,92%,61%,91%,73%,3.0,34.0,25,315,Mississauga,43.62032,-79.7236,False
St Kevin School,Dufferin-Peel CDSB,brampton,Elementary,English,95.0,10.0,5.0,2469.0,95%,91%,32%,55%,48%,0.0,-18.0,30,205,Brampton,43.66059,-79.7314,False
St Leonard School,Dufferin-Peel CDSB,brampton,Elementary,English,86.0,5.0,0.0,2469.0,86%,90%,29%,56%,48%,10.0,5.0,15,240,Brampton,43.72315,-79.7903,False
St Louis School,Dufferin-Peel CDSB,mississauga,Elementary,English,67.0,10.0,5.0,2452.5,67%,69%,31%,100%,90%,-21.0,-7.0,15,165,Mississauga,43.51577,-79.6454,False
St Luke Catholic Elementary School,Dufferin-Peel CDSB,mississauga,Elementary,English,76.0,5.0,0.0,2452.5,76%,73%,27%,89%,81%,-14.0,-21.0,10,355,Mississauga,43.54662,-79.6054,False
St Margaret of Scotland School,Dufferin-Peel CDSB,mississauga,Elementary,English,89.0,10.0,5.0,2452.5,89%,91%,58%,56%,47%,-7.0,-10.0,20,415,Mississauga,43.53604,-79.6759,False
St Marguerite Bourgeoys Separate School,Dufferin-Peel CDSB,brampton,Elementary,English,85.0,5.0,0.0,2469.0,85%,88%,35%,72%,60%,8.0,12.0,15,195,Brampton,43.72742,-79.7535,False
St Maria Goretti Elementary School,Dufferin-Peel CDSB,brampton,Elementary,English,74.0,5.0,5.0,2469.0,74%,74%,16%,72%,52%,-7.0,-13.0,15,280,Brampton,43.69618,-79.7886,False
St Mark Separate School,Dufferin-Peel CDSB,mississauga,Elementary,English,95.0,5.0,0.0,2452.5,95%,98%,74%,92%,84%,-5.0,-4.0,5,360,Mississauga,43.55134,-79.6796,False
St Mary Elementary School,Dufferin-Peel CDSB,brampton,Elementary,English,72.0,10.0,10.0,2469.0,72%,68%,24%,74%,52%,3.0,0.0,35,265,Brampton,43.68369,-79.7541,False
St Matthew Separate School,Dufferin-Peel CDSB,mississauga,Elementary,English,94.0,10.0,5.0,2452.5,94%,94%,47%,92%,85%,1.0,-21.0,15,285,Mississauga,43.59974,-79.6558,False
St Monica Elementary School,Dufferin-Peel CDSB,brampton,Elementary,English,78.0,5.0,10.0,2469.0,78%,84%,53%,86%,73%,-5.0,1.0,10,345,Brampton,43.66467,-79.7717,False
St Nicholas Elementary School,Dufferin-Peel CDSB,caledon,Elementary,English,77.0,5.0,0.0,111.2,77%,77%,48%,67%,61%,-6.0,17.0,20,445,Bolton,43.87136,-79.7591,False
St Patrick School,Dufferin-Peel CDSB,brampton,Elementary,English,58.0,0.0,10.0,2469.0,58%,68%,16%,73%,68%,-17.0,-29.0,10,220,Brampton,43.81737,-79.7264,True
St Peter Separate School,Dufferin-Peel CDSB,orangeville,Elementary,English,76.0,5.0,5.0,1989.5,76%,72%,42%,73%,62%,14.0,23.0,5,295,Orangeville,43.91204,-80.1035,False
St Philip Elementary School,Dufferin-Peel CDSB,mississauga,Elementary,English,83.0,10.0,10.0,2452.5,83%,90%,60%,76%,59%,-17.0,1.0,10,260,Mississauga,43.57872,-79.6323,False
St Pio of Pietrelcina Elementary School,Dufferin-Peel CDSB,mississauga,Elementary,English,90.0,10.0,5.0,2452.5,90%,95%,14%,76%,61%,-3.0,-42.0,10,385,Mississauga,43.60822,-79.6427,False
St Raphael School,Dufferin-Peel CDSB,mississauga,Elementary,English,86.0,15.0,10.0,2452.5,86%,91%,64%,80%,20%,-1.0,-9.0,10,220,Mississauga,43.72101,-79.6456,False
St Raymond Elementary School,Dufferin-Peel CDSB,mississauga,Elementary,English,82.0,10.0,5.0,2452.5,82%,79%,50%,42%,38%,-4.0,16.0,15,290,Mississauga,43.59489,-79.7016,False
St Richard School,Dufferin-Peel CDSB,mississauga,Elementary,English,89.0,5.0,0.0,2452.5,89%,86%,32%,88%,64%,1.0,8.0,25,275,Mississauga,43.59353,-79.7701,False
St Rita Elementary School,Dufferin-Peel CDSB,brampton,Elementary,English,76.0,5.0,0.0,2469.0,76%,80%,33%,78%,65%,-16.0,-9.0,10,415,Brampton,43.73722,-79.8244,False
St Rose of Lima Separate School,Dufferin-Peel CDSB,mississauga,Elementary,English,100.0,10.0,0.0,2452.5,100%,97%,82%,100%,88%,6.0,14.0,10,270,Mississauga,43.56093,-79.6985,False
St Sebastian Catholic Elementary School,Dufferin-Peel CDSB,mississauga,Elementary,English,72.0,5.0,0.0,2452.5,72%,73%,36%,79%,55%,-21.0,-16.0,10,360,Mississauga,43.5409,-79.7223,False
St Simon Stock Elementary School,Dufferin-Peel CDSB,mississauga,Elementary,English,90.0,5.0,0.0,2452.5,90%,97%,58%,85%,58%,-6.0,10.0,10,280,Mississauga,43.56558,-79.7701,False
St Sofia School,Dufferin-Peel CDSB,mississauga,Elementary,English,95.0,7.0,3.0,2452.5,95%,87%,71%,80%,87%,3.0,15.0,5,615,Mississauga,43.62159,-79.596,False
St Stephen Separate School,Dufferin-Peel CDSB,brampton,Elementary,English,90.0,0.0,0.0,2469.0,90%,100%,40%,81%,75%,6.0,2.0,10,240,Brampton,43.72801,-79.8152,False
St Teresa of Avila Separate School,Dufferin-Peel CDSB,mississauga,Elementary,English,91.0,10.0,5.0,2452.5,91%,88%,56%,79%,58%,5.0,11.0,20,370,Mississauga,43.59096,-79.7512,False
St Therese of the Child Jesus (Elementary) Separate School,Dufferin-Peel CDSB,mississauga,Elementary,English,87.0,5.0,0.0,2452.5,87%,92%,38%,92%,65%,-9.0,-15.0,15,360,Mississauga,43.57943,-79.7773,False
St Thomas More School,Dufferin-Peel CDSB,mississauga,Elementary,English,99.0,9.0,7.0,2452.5,99%,95%,67%,81%,59%,2.0,-4.0,14,550,Mississauga,43.60536,-79.6013,False
St Timothy School,Dufferin-Peel CDSB,mississauga,Elementary,English,96.0,7.0,5.0,2452.5,96%,92%,75%,90%,78%,4.0,36.0,18,530,Mississauga,43.57996,-79.5991,False
St Ursula Elementary School,Dufferin-Peel CDSB,brampton,Elementary,English,94.0,10.0,0.0,2469.0,94%,98%,51%,83%,52%,-2.0,-14.0,20,325,Brampton,43.68912,-79.7999,False
St Valentine Elementary School,Dufferin-Peel CDSB,mississauga,Elementary,English,93.0,7.0,4.0,2452.5,93%,90%,63%,76%,71%,8.0,-9.0,18,525,Mississauga,43.60067,-79.6894,False
St Veronica Elementary School,Dufferin-Peel CDSB,mississauga,Elementary,English,96.0,5.0,0.0,2452.5,96%,100%,68%,54%,54%,8.0,12.0,15,255,Mississauga,43.63113,-79.7178,False
St Vincent de Paul Separate School,Dufferin-Peel CDSB,mississauga,Elementary,English,73.0,5.0,0.0,2452.5,73%,53%,40%,88%,88%,-6.0,19.0,25,175,Mississauga,43.61312,-79.6213,False
St.  Aidan Catholic Elementary School,Dufferin-Peel CDSB,brampton,Elementary,English,85.0,5.0,0.0,2469.0,85%,88%,41%,81%,48%,8.0,13.0,20,415,Brampton,43.69632,-79.8371,False
St. Alphonsa Catholic Elementary School,Dufferin-Peel CDSB,brampton,Elementary,English,94.0,5.0,5.0,2469.0,94%,90%,68%,89%,63%,4.0,10.0,10,380,Brampton,43.63524,-79.7718,False
St. André Bessette Catholic Elementary School,Dufferin-Peel CDSB,brampton,Elementary,English,79.0,5.0,10.0,2469.0,79%,76%,31%,79%,61%,-6.0,3.0,15,425,Brampton,43.76573,-79.6746,False
St. Barbara Elementary School,Dufferin-Peel CDSB,mississauga,Elementary,English,94.0,5.0,0.0,2452.5,94%,95%,67%,81%,78%,-6.0,-1.0,15,370,Mississauga,43.62412,-79.7461,False
St. Bernard of Clairvaux Catholic Elementary School,Dufferin-Peel CDSB,mississauga,Elementary,English,86.0,10.0,5.0,2452.5,86%,91%,80%,80%,70%,-4.0,16.0,20,450,Mississauga,43.54816,-79.734,False
St. Bonaventure Catholic Elementary School,Dufferin-Peel CDSB,brampton,Elementary,English,83.0,5.0,0.0,2469.0,83%,80%,37%,72%,68%,5.0,-7.0,30,215,Brampton,43.68748,-79.8291,False
St. Charles Garnier School,Dufferin-Peel CDSB,mississauga,Elementary,English,92.0,15.0,5.0,2452.5,92%,92%,58%,84%,53%,7.0,23.0,10,200,Mississauga,43.60558,-79.6316,False
St. Daniel Comboni Catholic Elementary School,Dufferin-Peel CDSB,brampton,Elementary,English,85.0,7.0,5.0,2469.0,85%,81%,35%,69%,55%,4.0,10.0,14,655,Brampton,43.681,-79.8412,False
St. Evan Catholic Elementary School,Dufferin-Peel CDSB,caledon,Elementary,English,86.0,5.0,5.0,111.2,86%,79%,49%,77%,56%,0.0,14.0,11,595,Caledon,43.75827,-79.821,False
St. Giovanni Scalabrini Catholic School School,Dufferin-Peel CDSB,mississauga,Elementary,English,86.0,20.0,5.0,2452.5,86%,76%,43%,81%,67%,2.0,-4.0,10,325,Mississauga,43.5839,-79.6359,False
St. Jacinta Marto Catholic Elementary School,Dufferin-Peel CDSB,brampton,Elementary,English,84.0,5.0,5.0,2469.0,84%,82%,58%,89%,75%,6.0,37.0,10,280,Brampton,43.65639,-79.7994,False
St. James Catholic Global Learning Centr,Dufferin-Peel CDSB,mississauga,Elementary,English,88.0,10.0,5.0,2452.5,88%,92%,73%,100%,95%,-12.0,-9.0,5,245,Mississauga,43.56249,-79.5714,False
St. Jean-Marie Vianney Catholic Elementary School,Dufferin-Peel CDSB,brampton,Elementary,English,100.0,5.0,5.0,2469.0,100%,94%,44%,77%,71%,14.0,-13.0,10,255,Brampton,43.66959,-79.8017,False
St. John Henry Newman Catholic Elementary School,Dufferin-Peel CDSB,brampton,Elementary,English,83.0,15.0,10.0,2469.0,83%,80%,44%,58%,45%,0.0,27.0,20,370,Brampton,43.72155,-79.6992,False
St. John Paul II Catholic Elementary School,Dufferin-Peel CDSB,caledon,Elementary,English,85.0,2.0,0.0,111.2,85%,83%,34%,78%,61%,-10.0,2.0,9,620,Bolton,43.88979,-79.7468,False
St. John XXIII Catholic Elementary School,Dufferin-Peel CDSB,mississauga,Elementary,English,92.0,10.0,10.0,2452.5,92%,88%,62%,86%,86%,4.0,-7.0,15,205,Mississauga,43.5654,-79.6444,False
St. Josephine Bakhita Catholic Elementary School,Dufferin-Peel CDSB,brampton,Elementary,English,92.0,5.0,5.0,2469.0,92%,82%,44%,87%,79%,4.0,0.0,15,410,Brampton,43.72092,-79.8258,False
St. Lucy Catholic Elementary School,Dufferin-Peel CDSB,brampton,Elementary,English,80.0,5.0,5.0,2469.0,80%,76%,27%,77%,51%,3.0,4.0,20,435,Brampton,43.70792,-79.8214,False
St. Teresa of Calcutta Catholic Elementary School,Dufferin-Peel CDSB,mississauga,Elementary,English,79.0,5.0,10.0,2452.5,79%,79%,37%,82%,76%,-10.0,-19.0,10,270,Mississauga,43.61271,-79.604,False
Sts Martha & Mary Separate School,Dufferin-Peel CDSB,mississauga,Elementary,English,96.0,0.0,0.0,2452.5,96%,93%,52%,82%,73%,0.0,-8.0,10,340,Mississauga,43.63581,-79.6016,False
Sts. Peter & Paul Catholic School,Dufferin-Peel CDSB,mississauga,Elementary,English,81.0,10.0,0.0,2452.5,81%,86%,24%,85%,80%,-13.0,-7.0,20,200,Mississauga,43.60187,-79.6346,False
Father Fenelon Catholic School,Durham CDSB,pickering,Elementary,English,92.0,0.0,0.0,429.2,92%,92%,69%,62%,62%,-5.0,1.0,10,440,Pickering,43.81584,-79.1093,False
Good Shepherd Catholic School,Durham CDSB,scugog,Elementary,English,76.0,0.0,0.0,45.5,76%,72%,38%,58%,48%,-2.0,12.0,15,230,Port Perry,44.1097,-78.9607,False
Holy Family Catholic School,Durham CDSB,brock,Elementary,English,80.0,10.0,0.0,29.7,80%,70%,N/R,N/R,N/R,-9.0,,10,135,Beaverton,44.4272,-79.1416,False
Monsignor Philip Coffey Catholic School,Durham CDSB,oshawa,Elementary,English,88.0,20.0,10.0,1203.6,88%,79%,27%,48%,29%,-2.0,-4.0,20,290,Oshawa,43.86172,-78.854,False
Sir Albert Love Catholic School,Durham CDSB,oshawa,Elementary,English,72.0,5.0,5.0,1203.6,72%,60%,60%,85%,76%,-14.0,37.0,10,315,Oshawa,43.9128,-78.8481,False
St André Bessette Catholic School,Durham CDSB,ajax,Elementary,English,92.0,5.0,0.0,1900.6,92%,90%,55%,78%,61%,0.0,15.0,15,280,Ajax,43.8836,-79.0441,False
St Bernadette Catholic School,Durham CDSB,ajax,Elementary,English,80.0,7.0,3.0,1900.6,80%,72%,42%,80%,60%,-5.0,0.0,13,635,Ajax,43.84354,-79.0159,False
St Bernard Catholic School,Durham CDSB,whitby,Elementary,English,92.0,0.0,0.0,944.1,92%,96%,58%,87%,80%,-4.0,8.0,10,270,Whitby,43.9112,-78.9388,False
St Bridget Catholic School,Durham CDSB,whitby,Elementary,English,84.0,5.0,0.0,944.1,84%,84%,55%,89%,80%,2.0,22.0,10,340,Brooklin,43.9618,-78.9753,False
St Catherine of Siena Catholic School,Durham CDSB,ajax,Elementary,English,91.0,0.0,5.0,1900.6,91%,85%,61%,69%,50%,2.0,24.0,10,330,Ajax,43.8739,-79.0362,False
St Christopher Catholic School,Durham CDSB,oshawa,Elementary,English,68.0,9.0,2.0,1203.6,68%,65%,44%,51%,34%,-3.0,7.0,15,560,Oshawa,43.9043,-78.8839,False
St Elizabeth Seton Catholic School,Durham CDSB,pickering,Elementary,English,89.0,4.0,1.0,429.2,89%,87%,54%,75%,64%,-6.0,0.0,11,610,Pickering,43.8267,-79.1309,False
St Francis de Sales Catholic School,Durham CDSB,ajax,Elementary,English,94.0,5.0,5.0,1900.6,94%,82%,71%,94%,78%,0.0,40.0,20,175,Ajax,43.8519,-79.0545,False
St Hedwig Catholic School,Durham CDSB,oshawa,Elementary,English,55.0,15.0,5.0,1203.6,55%,64%,9%,36%,23%,-28.0,-16.0,20,165,Oshawa,43.892,-78.8434,True
St Isaac Jogues Catholic School,Durham CDSB,pickering,Elementary,English,91.0,4.0,3.0,429.2,91%,98%,83%,67%,66%,3.0,45.0,11,530,Pickering,43.84482,-79.1012,False
St James Catholic School,Durham CDSB,ajax,Elementary,English,89.0,5.0,0.0,1900.6,89%,86%,57%,84%,54%,5.0,13.0,10,455,Ajax,43.82663,-79.0145,False
St John Bosco Catholic School,Durham CDSB,oshawa,Elementary,English,94.0,5.0,5.0,1203.6,94%,87%,52%,67%,47%,3.0,10.0,10,430,Oshawa,43.9453,-78.8582,False
St John Paull II Catholic Elementary School,Durham CDSB,whitby,Elementary,English,85.0,5.0,0.0,944.1,85%,90%,54%,75%,70%,-8.0,0.0,10,335,Brooklin,43.96015,-78.9376,False
St John XXIII Catholic School,Durham CDSB,oshawa,Elementary,English,88.0,10.0,5.0,1203.6,88%,88%,52%,68%,68%,-7.0,5.0,20,250,Oshawa,43.90125,-78.815,False
St John the Evangelist Catholic School,Durham CDSB,whitby,Elementary,English,88.0,5.0,0.0,944.1,88%,85%,62%,71%,57%,-8.0,1.0,10,375,Whitby,43.8785,-78.9556,False
St Joseph Catholic School,Durham CDSB,uxbridge,Elementary,English,65.0,5.0,0.0,51.3,65%,68%,35%,65%,58%,-21.0,3.0,15,345,Uxbridge,44.10667,-79.1387,False
St Joseph Catholic School,Durham CDSB,oshawa,Elementary,English,89.0,12.0,4.0,1203.6,89%,86%,50%,55%,45%,7.0,19.0,18,585,Oshawa,43.9352,-78.8495,False
St Josephine Bakhita Catholic Elementary School,Durham CDSB,ajax,Elementary,English,93.0,5.0,0.0,1900.6,93%,96%,53%,82%,68%,7.0,23.0,15,500,Ajax,43.89132,-79.032,False
St Jude Catholic School,Durham CDSB,ajax,Elementary,English,85.0,5.0,5.0,1900.6,85%,94%,62%,57%,53%,-6.0,2.0,15,380,Ajax,43.8668,-79.0347,False
St Kateri Tekakwitha Catholic School,Durham CDSB,oshawa,Elementary,English,96.0,5.0,2.0,1203.6,96%,91%,51%,55%,50%,5.0,-13.0,10,590,Oshawa,43.94711,-78.8407,False
St Leo Catholic School,Durham CDSB,whitby,Elementary,English,100.0,0.0,0.0,944.1,100%,90%,60%,N/D,35%,14.0,32.0,10,205,Brooklin,43.9642,-78.9507,False
St Luke the Evangelist Catholic School,Durham CDSB,whitby,Elementary,English,91.0,4.0,2.0,944.1,91%,87%,62%,75%,70%,-1.0,-6.0,11,610,Whitby,43.9038,-78.969,False
St Marguerite d'Youville Catholic School,Durham CDSB,whitby,Elementary,English,74.0,5.0,0.0,944.1,74%,87%,48%,68%,55%,-6.0,4.0,10,305,Whitby,43.8716,-78.9523,False
St Mark the Evangelist Catholic School,Durham CDSB,whitby,Elementary,English,74.0,5.0,3.0,944.1,74%,81%,44%,47%,56%,-12.0,7.0,9,625,Whitby,43.9141,-78.9211,False
St Matthew the Evangelist Catholic School,Durham CDSB,whitby,Elementary,English,85.0,0.0,5.0,944.1,85%,90%,50%,85%,72%,-8.0,19.0,15,390,Whitby,43.9064,-78.9488,False
St Monica Catholic School,Durham CDSB,pickering,Elementary,English,92.0,0.0,0.0,429.2,92%,89%,66%,55%,61%,-1.0,10.0,10,465,Pickering,43.8172,-79.1378,False
St Patrick Catholic School,Durham CDSB,oshawa,Elementary,English,83.0,5.0,3.0,1203.6,83%,81%,41%,N/D,62%,-3.0,-5.0,13,515,Ajax,43.8669,-79.0562,False
St Paul Catholic School,Durham CDSB,whitby,Elementary,English,97.0,0.0,0.0,944.1,97%,100%,71%,95%,71%,2.0,4.0,10,405,Whitby,43.9022,-78.9093,False
St Teresa of Calcutta Catholic School,Durham CDSB,ajax,Elementary,English,75.0,10.0,5.0,1900.6,75%,72%,28%,84%,52%,-22.0,-8.0,10,275,Ajax,43.8762,-79.0302,False
St Theresa Catholic School,Durham CDSB,whitby,Elementary,English,95.0,5.0,5.0,944.1,95%,100%,45%,91%,61%,-5.0,-9.0,20,245,Whitby,43.88675,-78.9219,False
St Thomas Aquinas Catholic School,Durham CDSB,oshawa,Elementary,English,80.0,15.0,10.0,1203.6,80%,82%,35%,31%,34%,1.0,-7.0,10,400,Oshawa,43.88383,-78.8713,False
St Wilfrid Catholic School,Durham CDSB,pickering,Elementary,English,75.0,7.0,3.0,429.2,75%,80%,39%,73%,63%,-5.0,12.0,18,545,Pickering,43.86608,-79.081,False
St. Anne Catholic Elementary School,Durham CDSB,oshawa,Elementary,English,84.0,9.0,5.0,1203.6,84%,77%,45%,62%,45%,-7.0,-12.0,13,790,Oshawa,43.965688,-78.890348,False
Adelaide Mclaughlin Public School,Durham DSB,oshawa,Elementary,English,91.0,10.0,0.0,1203.6,91%,88%,53%,49%,53%,0.0,30.0,10,405,Oshawa,43.90902,-78.8914,False
Alexander Graham Bell Public School,Durham DSB,ajax,Elementary,English,93.0,6.0,4.0,1900.6,93%,90%,75%,86%,76%,0.0,5.0,9,550,AJAX,43.86946,-79.0565,False
Altona Forest Public School,Durham DSB,ajax,Elementary,English,87.0,5.0,0.0,1900.6,87%,76%,63%,70%,55%,-13.0,-25.0,10,425,PICKERING,43.82786,-79.1318,False
Applecroft Public School,Durham DSB,ajax,Elementary,English,82.0,5.0,10.0,1900.6,82%,74%,38%,76%,71%,-7.0,27.0,5,345,Ajax,43.86669,-79.0332,False
Bayview Heights Public School,Durham DSB,pickering,Elementary,English,68.0,5.0,0.0,429.2,68%,65%,15%,40%,44%,-3.0,-17.0,10,400,Pickering,43.82722,-79.0799,False
Beau Valley Public School,Durham DSB,oshawa,Elementary,English,81.0,5.0,0.0,1203.6,81%,77%,16%,67%,56%,11.0,-34.0,10,275,OSHAWA,43.92387,-78.8656,False
Beaver River PS Public School,Durham DSB,brock,Elementary,English,83.0,5.0,0.0,29.7,83%,81%,31%,60%,51%,,,10,485,Beaverton,44.43314,-79.15521,False
Bellwood Public School,Durham DSB,whitby,Elementary,English,81.0,5.0,0.0,944.1,81%,74%,43%,61%,57%,-7.0,-2.0,10,465,Whitby,43.87985,-78.9061,False
Biidaasige Mandamin Public School,Durham DSB,pickering,Elementary,English,79.0,5.0,5.0,429.2,79%,84%,51%,69%,65%,-8.0,4.0,10,385,Pickering,43.8209,-79.0762,False
Blair Ridge Public School,Durham DSB,whitby,Elementary,English,89.0,5.0,0.0,944.1,89%,96%,57%,60%,44%,12.0,13.0,10,460,Whitby,43.96319,-78.941,False
Bobby Orr Public School,Durham DSB,oshawa,Elementary,English,95.0,20.0,10.0,1203.6,95%,95%,55%,36%,32%,12.0,33.0,20,305,Oshawa,43.87289,-78.8409,False
Bolton C Falby Public School,Durham DSB,ajax,Elementary,English,56.0,10.0,5.0,1900.6,56%,58%,23%,48%,36%,-9.0,-7.0,11,715,Ajax,43.84129,-79.0154,True
Brooklin Village Public School,Durham DSB,whitby,Elementary,English,88.0,2.0,1.0,944.1,88%,85%,44%,75%,72%,-5.0,-19.0,7,720,Brooklin,43.97019,-78.9521,False
C E Broughton Public School,Durham DSB,whitby,Elementary,English,73.0,6.0,3.0,944.1,73%,75%,44%,72%,59%,-10.0,24.0,11,575,Whitby,43.88617,-78.9268,False
Cadarackque Public School,Durham DSB,ajax,Elementary,English,83.0,6.0,3.0,1900.6,83%,72%,58%,80%,47%,-3.0,14.0,4,615,Ajax,43.86146,-79.0092,False
Captain Michael VandenBos Public School,Durham DSB,whitby,Elementary,English,98.0,3.0,1.0,944.1,98%,94%,70%,60%,72%,1.0,-4.0,7,780,WHITBY,43.89996,-78.9692,False
Carruthers Creek Public School,Durham DSB,ajax,Elementary,English,82.0,6.0,0.0,1900.6,82%,83%,41%,83%,81%,-6.0,8.0,13,820,AJAX,43.83982,-79.0047,False
Cartwright Central Public School,Durham DSB,scugog,Elementary,English,57.0,5.0,0.0,45.5,57%,52%,33%,50%,47%,-33.0,5.0,20,325,BLACKSTOCK,44.11231,-78.8174,True
Chris Hadfield Public School,Durham DSB,whitby,Elementary,English,88.0,2.0,0.0,944.1,88%,81%,59%,90%,78%,0.0,4.0,10,730,Whitby,43.96271,-78.9703,False
Clara Hughes Public School,Durham DSB,oshawa,Elementary,English,74.0,12.0,3.0,1203.6,74%,61%,49%,57%,39%,11.0,34.0,9,660,Oshawa,43.89739,-78.8319,False
Claremont Public School,Durham DSB,pickering,Elementary,English,92.0,0.0,0.0,429.2,92%,83%,42%,84%,64%,4.0,-33.0,5,230,CLAREMONT,43.97087,-79.1338,False
College Hill Public School,Durham DSB,oshawa,Elementary,English,74.0,20.0,5.0,1203.6,74%,45%,23%,58%,54%,16.0,-10.0,10,300,OSHAWA,43.88053,-78.8737,False
Colonel J E Farewell Public School,Durham DSB,whitby,Elementary,English,83.0,5.0,5.0,944.1,83%,93%,61%,92%,85%,-2.0,17.0,9,590,Whitby,43.88654,-78.9705,False
Coronation Public School,Durham DSB,oshawa,Elementary,English,76.0,10.0,5.0,1203.6,76%,73%,58%,80%,77%,8.0,2.0,10,455,Oshawa,43.90804,-78.8497,False
David Bouchard Public School,Durham DSB,oshawa,Elementary,English,65.0,18.0,10.0,1203.6,65%,63%,18%,42%,34%,-12.0,2.0,15,510,Oshawa,43.89026,-78.8386,False
Dr C F Cannon Public School,Durham DSB,oshawa,Elementary,English,59.0,10.0,10.0,1203.6,59%,67%,13%,50%,53%,-23.0,-7.0,20,420,OSHAWA,43.866,-78.8503,True
Dr Robert Thornton Public School,Durham DSB,whitby,Elementary,English,58.0,0.0,0.0,944.1,58%,68%,23%,72%,64%,-13.0,-16.0,10,330,WHITBY,43.89436,-78.9098,True
Dr Roberta Bondar Public School,Durham DSB,ajax,Elementary,English,76.0,5.0,5.0,1900.6,76%,76%,35%,56%,56%,19.0,21.0,10,225,Ajax,43.87113,-79.0333,False
Dr S J Phillips Public School,Durham DSB,oshawa,Elementary,English,90.0,10.0,2.0,1203.6,90%,81%,27%,66%,56%,8.0,-8.0,10,670,Oshawa,43.91438,-78.8703,False
Duffin's Bay Public School,Durham DSB,ajax,Elementary,English,82.0,5.0,0.0,1900.6,82%,91%,27%,74%,68%,-6.0,-5.0,10,215,Ajax,43.82463,-79.0201,False
Eagle Ridge Public School,Durham DSB,ajax,Elementary,English,83.0,3.0,3.0,1900.6,83%,84%,50%,85%,74%,-10.0,-24.0,7,695,AJAX,43.86322,-79.0664,False
Earl A Fairman Public School,Durham DSB,whitby,Elementary,English,100.0,10.0,0.0,944.1,100%,93%,89%,96%,91%,5.0,31.0,15,375,Whitby,43.88367,-78.9519,False
Elizabeth B Phin Public School,Durham DSB,pickering,Elementary,English,93.0,5.0,1.0,429.2,93%,93%,55%,83%,77%,7.0,2.0,6,595,Pickering,43.81547,-79.1348,False
Elsie MacGill Public School,Durham DSB,oshawa,Elementary,English,85.0,8.0,4.0,1203.6,85%,87%,63%,57%,47%,-4.0,3.0,10,705,Oshawa,43.95119,-78.8575,False
Fairport Beach Public School,Durham DSB,pickering,Elementary,English,95.0,0.0,0.0,429.2,95%,79%,37%,73%,61%,20.0,6.0,10,265,Pickering,43.81286,-79.1094,False
Fallingbrook Public School,Durham DSB,whitby,Elementary,English,87.0,4.0,3.0,944.1,87%,88%,58%,77%,65%,2.0,0.0,11,685,WHITBY,43.91371,-78.9415,False
Forest View Public School,Durham DSB,oshawa,Elementary,English,84.0,6.0,3.0,1203.6,84%,81%,44%,65%,54%,13.0,33.0,14,555,Oshawa,43.90433,-78.8172,False
Frenchman's Bay Public School,Durham DSB,pickering,Elementary,English,86.0,0.0,0.0,429.2,86%,86%,43%,N/D,66%,-5.0,-4.0,0,475,PICKERING,43.81453,-79.1013,False
Gandatsetiagon Public School,Durham DSB,pickering,Elementary,English,100.0,2.0,1.0,429.2,100%,98%,86%,73%,61%,5.0,9.0,7,570,Pickering,43.83678,-79.1189,False
Glen Dhu Public School,Durham DSB,whitby,Elementary,English,73.0,3.0,2.0,944.1,73%,79%,56%,81%,73%,-14.0,9.0,11,660,Whitby,43.90478,-78.9344,False
Glen Street Public School,Durham DSB,oshawa,Elementary,English,33.0,25.0,10.0,1203.6,33%,30%,7%,33%,33%,-23.0,-8.0,20,355,Oshawa,43.8723,-78.8548,True
Glengrove Public School,Durham DSB,pickering,Elementary,English,66.0,5.0,5.0,429.2,66%,69%,25%,61%,61%,-18.0,1.0,10,330,Pickering,43.84264,-79.0869,False
Goodwood Public School,Durham DSB,uxbridge,Elementary,English,75.0,5.0,0.0,51.3,75%,60%,50%,68%,59%,-11.0,-2.0,10,230,GOODWOOD,44.04028,-79.1978,False
Gordon B Attersley Public School,Durham DSB,oshawa,Elementary,English,69.0,10.0,0.0,1203.6,69%,65%,27%,62%,48%,-9.0,-18.0,10,465,OSHAWA,43.92712,-78.8502,False
Greenbank Public School,Durham DSB,brock,Elementary,English,95.0,5.0,0.0,29.7,95%,76%,57%,84%,53%,2.0,7.0,10,150,GREENBANK,44.15451,-79.0067,False
Harmony Heights Public School,Durham DSB,oshawa,Elementary,English,65.0,5.0,0.0,1203.6,65%,65%,36%,68%,35%,-5.0,7.0,20,340,Oshawa,43.91939,-78.8428,False
Highbush Public School,Durham DSB,pickering,Elementary,English,89.0,5.0,2.0,429.2,89%,83%,69%,82%,82%,-4.0,11.0,11,600,Pickering,43.82726,-79.1258,False
Hillsdale Public School,Durham DSB,oshawa,Elementary,English,73.0,10.0,10.0,1203.6,73%,80%,20%,73%,60%,13.0,-10.0,10,160,Oshawa,43.91545,-78.8587,False
Jack Miner Public School,Durham DSB,whitby,Elementary,English,94.0,5.0,0.0,944.1,94%,93%,81%,73%,68%,-6.0,4.0,10,490,WHITBY,43.90776,-78.9604,False
Jeanne Sauvé Public School,Durham DSB,oshawa,Elementary,English,82.0,6.0,3.0,1203.6,82%,82%,54%,N/D,71%,-11.0,-2.0,5,735,Oshawa,43.94546,-78.8575,False
John Dryden Public School,Durham DSB,whitby,Elementary,English,80.0,7.0,5.0,944.1,80%,74%,48%,68%,66%,-14.0,-3.0,6,720,Whitby,43.91374,-78.9177,False
Joseph Gould Public School,Durham DSB,uxbridge,Elementary,English,74.0,6.0,0.0,51.3,74%,72%,45%,71%,61%,-15.0,-15.0,9,590,UXBRIDGE,44.1086,-79.1124,False
Julie Payette,Durham DSB,whitby,Elementary,English,93.0,4.0,2.0,944.1,93%,87%,62%,N/D,66%,-3.0,8.0,5,600,Whitby,43.88557,-78.9357,False
Kedron Public School,Durham DSB,oshawa,Elementary,English,83.0,0.0,0.0,1203.6,83%,78%,52%,83%,69%,-13.0,4.0,5,470,OSHAWA,43.95072,-78.8754,False
Lakeside Public School,Durham DSB,ajax,Elementary,English,87.0,0.0,0.0,1900.6,87%,96%,61%,88%,62%,-7.0,6.0,10,285,Ajax,43.82344,-79.0278,False
Lakewoods Public School,Durham DSB,oshawa,Elementary,English,68.0,20.0,10.0,1203.6,68%,64%,24%,47%,53%,-9.0,-3.0,15,330,Oshawa,43.86183,-78.8434,False
Lester B Pearson Public School,Durham DSB,ajax,Elementary,English,83.0,5.0,0.0,1900.6,83%,83%,59%,78%,51%,-2.0,5.0,10,320,Ajax,43.8712,-79.0434,False
Lincoln Alexander Public School,Durham DSB,ajax,Elementary,English,79.0,5.0,5.0,1900.6,79%,85%,52%,81%,80%,-14.0,9.0,5,485,Ajax,43.85737,-79.0561,False
Lincoln Avenue Public School,Durham DSB,ajax,Elementary,English,63.0,5.0,0.0,1900.6,63%,63%,40%,67%,50%,-4.0,-3.0,5,340,Ajax,43.85436,-79.0506,False
Maple Ridge Public School,Durham DSB,pickering,Elementary,English,85.0,4.0,2.0,429.2,85%,92%,55%,89%,80%,0.0,-2.0,7,650,Pickering,43.84759,-79.0984,False
Mary Street Community School,Durham DSB,oshawa,Elementary,English,61.0,30.0,10.0,1203.6,61%,43%,4%,54%,33%,26.0,-1.0,20,215,Oshawa,43.90098,-78.8625,False
McCaskill's Mills Public School,Durham DSB,brock,Elementary,English,77.0,10.0,0.0,29.7,77%,78%,39%,65%,47%,-12.0,11.0,20,440,Cannington,44.33865,-79.0872,False
Meadowcrest Public School,Durham DSB,whitby,Elementary,English,90.0,0.0,5.0,944.1,90%,84%,48%,N/D,82%,-7.0,-10.0,5,255,BROOKLIN,43.95796,-78.9649,False
Michaëlle Jean Public School,Durham DSB,ajax,Elementary,English,86.0,5.0,0.0,1900.6,86%,83%,53%,N/D,56%,-6.0,-4.0,0,410,Ajax,43.89566,-79.0242,False
Norman G. Powers Public School,Durham DSB,oshawa,Elementary,English,77.0,2.0,1.0,1203.6,77%,79%,46%,60%,60%,-1.0,-4.0,13,590,Oshawa,43.94758,-78.836,False
Northern Dancer Public School,Durham DSB,oshawa,Elementary,English,89.0,7.0,5.0,1203.6,89%,96%,70%,90%,82%,-4.0,9.0,10,935,Oshawa,43.95254,-78.8925,False
Ontario Street Public School,Durham DSB,ajax,Elementary,English,72.0,10.0,0.0,1900.6,72%,68%,52%,77%,67%,-28.0,8.0,5,220,Ajax,43.85682,-79.0264,False
Ormiston Public School,Durham DSB,whitby,Elementary,English,89.0,5.0,0.0,944.1,89%,87%,55%,81%,67%,3.0,-2.0,5,720,WHITBY,43.90883,-78.9478,False
Pierre Elliott Trudeau Public School,Durham DSB,oshawa,Elementary,English,88.0,3.0,2.0,1203.6,88%,87%,68%,68%,65%,8.0,4.0,8,720,OSHAWA,43.93257,-78.8343,False
Prince Albert Public School,Durham DSB,scugog,Elementary,English,88.0,0.0,0.0,45.5,88%,68%,52%,65%,58%,-1.0,11.0,10,295,PRINCE ALBERT,44.07975,-78.9534,False
Pringle Creek Public School,Durham DSB,whitby,Elementary,English,95.0,6.0,2.0,944.1,95%,87%,74%,61%,61%,8.0,22.0,9,665,Whitby,43.89262,-78.9301,False
Quaker Village Public School,Durham DSB,uxbridge,Elementary,English,72.0,0.0,0.0,51.3,72%,78%,42%,84%,76%,-9.0,-6.0,20,385,UXBRIDGE,44.10603,-79.138,False
Queen Elizabeth Public School,Durham DSB,oshawa,Elementary,English,65.0,24.0,12.0,1203.6,65%,78%,26%,43%,32%,8.0,15.0,17,545,Oshawa,43.92957,-78.8768,False
R H Cornish Public School,Durham DSB,scugog,Elementary,English,94.0,4.0,1.0,45.5,94%,94%,67%,75%,73%,8.0,5.0,14,640,Port Perry,44.09996,-78.9531,False
Robert Munsch Public School,Durham DSB,whitby,Elementary,English,71.0,0.0,0.0,944.1,71%,76%,56%,81%,76%,-26.0,-6.0,10,465,Whitby,43.92274,-78.963,False
Roland Michener Public School,Durham DSB,ajax,Elementary,English,71.0,0.0,0.0,1900.6,71%,71%,43%,55%,34%,-29.0,-24.0,5,235,Ajax,43.85407,-79.0382,False
Romeo Dallaire Public School,Durham DSB,ajax,Elementary,English,80.0,5.0,4.0,1900.6,80%,83%,40%,80%,73%,-3.0,-20.0,8,570,Ajax,43.89823,-79.0147,False
Rosebank Road Public School,Durham DSB,pickering,Elementary,English,87.0,5.0,0.0,429.2,87%,78%,48%,89%,79%,-8.0,3.0,10,235,Pickering,43.80736,-79.1205,False
Rosemary Brown Public School,Durham DSB,ajax,Elementary,English,91.0,5.0,5.0,1900.6,91%,83%,43%,N/D,56%,-5.0,16.0,5,275,Ajax,43.88264384,-79.05188363,False
S A Cawker Public School,Durham DSB,scugog,Elementary,English,88.0,0.0,0.0,45.5,88%,93%,56%,71%,64%,-10.0,-6.0,20,485,Port Perry,44.1132,-78.9577,False
Scott Central Public School,Durham DSB,uxbridge,Elementary,English,84.0,0.0,0.0,51.3,84%,76%,47%,60%,50%,0.0,15.0,15,325,SANDFORD,44.13566,-79.2062,False
Seneca Trail Public School,Durham DSB,oshawa,Elementary,English,95.0,6.0,3.0,1203.6,95%,90%,69%,80%,65%,3.0,18.0,10,665,Oshawa,43.95745,-78.8425,False
Sherwood Public School,Durham DSB,oshawa,Elementary,English,78.0,6.0,1.0,1203.6,78%,75%,40%,63%,56%,7.0,7.0,15,515,OSHAWA,43.94263,-78.8637,False
Sir Samuel Steele Public School,Durham DSB,whitby,Elementary,English,81.0,7.0,2.0,944.1,81%,79%,60%,90%,83%,1.0,4.0,10,510,Whitby,43.91842,-78.9197,False
Sir William Stephenson Public School,Durham DSB,whitby,Elementary,English,75.0,8.0,1.0,944.1,75%,78%,34%,50%,50%,-16.0,-12.0,16,500,Whitby,43.86916,-78.9335,False
Southwood Park Public School,Durham DSB,ajax,Elementary,English,87.0,5.0,1.0,1900.6,87%,86%,39%,33%,62%,-2.0,-12.0,6,735,Ajax,43.83408,-79.0086,False
Stephen G Saywell Public School,Durham DSB,oshawa,Elementary,English,75.0,10.0,0.0,1203.6,75%,83%,29%,92%,72%,-16.0,-20.0,10,420,Oshawa,43.90021,-78.9007,False
Sunderland Public School,Durham DSB,brock,Elementary,English,45.0,5.0,0.0,29.7,45%,55%,13%,82%,78%,-29.0,-20.0,15,420,SUNDERLAND,44.25988,-79.0655,True
Sunset Heights Public School,Durham DSB,oshawa,Elementary,English,90.0,12.0,3.0,1203.6,90%,85%,38%,51%,51%,8.0,5.0,11,580,Oshawa,43.92529,-78.8842,False
Terry Fox Public School,Durham DSB,ajax,Elementary,English,80.0,5.0,5.0,1900.6,80%,74%,54%,54%,52%,-8.0,12.0,5,465,AJAX,43.87098,-79.0274,False
Uxbridge Public School,Durham DSB,uxbridge,Elementary,English,77.0,5.0,0.0,51.3,77%,80%,63%,N/D,38%,-17.0,24.0,10,270,UXBRIDGE,44.10531,-79.1267,False
Valley Farm Public School,Durham DSB,pickering,Elementary,English,79.0,6.0,4.0,429.2,79%,71%,42%,75%,72%,-9.0,-6.0,7,765,PICKERING,43.85836,-79.0872,False
Valley View Public School,Durham DSB,pickering,Elementary,English,88.0,5.0,5.0,429.2,88%,96%,65%,83%,62%,-7.0,-6.0,5,340,Greenwood,43.92648,-79.06581,False
Vaughan Willard Public School,Durham DSB,pickering,Elementary,English,85.0,0.0,0.0,429.2,85%,74%,41%,96%,82%,-3.0,1.0,20,310,PICKERING,43.83742,-79.1012,False
Village Union Public School,Durham DSB,oshawa,Elementary,English,63.0,21.0,11.0,1203.6,63%,70%,17%,60%,47%,3.0,11.0,18,575,Oshawa,43.89062,-78.8615,False
Vimy Ridge Public School,Durham DSB,ajax,Elementary,English,82.0,4.0,4.0,1900.6,82%,82%,56%,81%,71%,-9.0,4.0,5,675,Ajax,43.87849,-79.0485,False
Vincent Massey Public School,Durham DSB,oshawa,Elementary,English,70.0,6.0,2.0,1203.6,70%,70%,27%,67%,69%,-8.0,-6.0,11,785,Oshawa,43.91046,-78.836,False
Viola Desmond Public School,Durham DSB,ajax,Elementary,English,83.0,7.0,6.0,1900.6,83%,82%,46%,66%,58%,0.0,7.0,10,855,Ajax,43.88126,-79.0061,False
Walter E Harris Public School,Durham DSB,oshawa,Elementary,English,78.0,10.0,0.0,1203.6,78%,80%,33%,N/D,70%,-7.0,-22.0,10,455,OSHAWA,43.91447,-78.8547,False
Waverly Public School,Durham DSB,oshawa,Elementary,English,79.0,10.0,10.0,1203.6,79%,79%,33%,64%,51%,0.0,18.0,15,430,Oshawa,43.88848,-78.887,False
West Lynde Public School,Durham DSB,whitby,Elementary,English,81.0,12.0,9.0,944.1,81%,72%,43%,84%,67%,16.0,18.0,9,655,Whitby,43.87268,-78.9526,False
Westcreek Public School,Durham DSB,pickering,Elementary,English,85.0,5.0,2.0,429.2,85%,83%,46%,82%,65%,-9.0,-15.0,5,600,PICKERING,43.82331,-79.1428,False
Westney Heights Public School,Durham DSB,ajax,Elementary,English,85.0,5.0,5.0,1900.6,85%,90%,62%,52%,32%,-1.0,21.0,15,370,AJAX,43.86507,-79.046,False
Whitby Shores Public School,Durham DSB,whitby,Elementary,English,89.0,2.0,0.0,944.1,89%,87%,50%,92%,92%,0.0,-1.0,11,655,Whitby,43.85543,-78.9505,False
William Dunbar Public School,Durham DSB,pickering,Elementary,English,94.0,4.0,0.0,429.2,94%,87%,71%,85%,78%,0.0,-14.0,8,650,Pickering,43.83746,-79.1056,False
Williamsburg Public School,Durham DSB,whitby,Elementary,English,82.0,4.0,3.0,944.1,82%,80%,55%,89%,82%,-10.0,-11.0,6,780,Whitby,43.90364,-78.9757,False
Willows Walk Public School,Durham DSB,whitby,Elementary,English,68.0,5.0,4.0,944.1,68%,70%,50%,94%,85%,-29.0,7.0,7,520,Whitby,43.9250364,-78.937747,False
Winchester Public School,Durham DSB,oshawa,Elementary,English,84.0,4.0,0.0,1203.6,84%,82%,58%,70%,66%,-5.0,16.0,13,530,BROOKLIN,43.96112,-78.951,False
Woodcrest Public School,Durham DSB,oshawa,Elementary,English,68.0,15.0,10.0,1203.6,68%,65%,26%,43%,28%,-8.0,21.0,10,375,Oshawa,43.90123,-78.8861,False
da Vinci Public School Public School,Durham DSB,ajax,Elementary,English,85.0,6.0,4.0,1900.6,85%,87%,58%,71%,54%,0.0,-1.0,7,775,Ajax,43.89312,-79.0291,False
Agnes Hodge Public School,Grand Erie DSB,brantford,Elementary,English,53.0,10.0,4.0,1061.2,53%,52%,21%,56%,50%,-3.0,8.0,12,735,Brantford,43.12461,-80.2711,True
Banbury Heights School,Grand Erie DSB,brantford,Elementary,English,64.0,10.0,5.0,1061.2,64%,69%,31%,66%,51%,-1.0,21.0,5,410,Brantford,43.18925,-80.2368,False
Bellview Public School,Grand Erie DSB,brantford,Elementary,English,44.0,20.0,5.0,1061.2,44%,34%,14%,67%,50%,-35.0,-36.0,15,335,Brantford,43.12286,-80.2503,True
Bloomsburg Public School,Grand Erie DSB,norfolk county,Elementary,English,65.0,0.0,0.0,42.2,65%,83%,48%,64%,52%,-35.0,-7.0,10,255,Waterford,42.88549,-80.2974,False
Boston Public School,Grand Erie DSB,norfolk county,Elementary,English,80.0,5.0,0.0,42.2,80%,63%,53%,75%,62%,-10.0,5.0,10,255,Waterford,42.99162,-80.2706,False
Branlyn Community School,Grand Erie DSB,brantford,Elementary,English,83.0,10.0,5.0,1061.2,83%,83%,43%,44%,28%,21.0,16.0,10,450,Brantford,43.18205,-80.2367,False
Brier Park Public School,Grand Erie DSB,brantford,Elementary,English,61.0,10.0,5.0,1061.2,61%,61%,22%,61%,50%,-7.0,12.0,10,335,Brantford,43.17615,-80.2549,False
Burford District Elementary School,Grand Erie DSB,brant,Elementary,English,78.0,3.0,2.0,132.3,78%,76%,48%,76%,67%,14.0,27.0,8,530,Burford,43.09948,-80.4297,False
Burford District Elementary School,Grand Erie DSB,brant,Elementary,English,78.0,3.0,2.0,48.3,78%,76%,48%,76%,67%,14.0,27.0,8,530,Burford,43.09948,-80.4297,False
Caledonia Centennial Public School,Grand Erie DSB,haldimand county,Elementary,English,80.0,9.0,2.0,39.4,80%,78%,40%,56%,52%,-9.0,21.0,7,600,Caledonia,43.07656,-79.9533,False
Cedarland Public School,Grand Erie DSB,brantford,Elementary,English,95.0,5.0,0.0,1061.2,95%,90%,48%,36%,36%,9.0,5.0,10,275,Brantford,43.18445,-80.263,False
Centennial-Grand Woodlands School,Grand Erie DSB,brantford,Elementary,English,35.0,10.0,5.0,1061.2,35%,35%,24%,24%,24%,4.0,9.0,15,155,Brantford,43.1757,-80.2653,True
Central Public School,Grand Erie DSB,brantford,Elementary,English,57.0,30.0,10.0,1061.2,57%,57%,9%,50%,30%,36.0,-5.0,20,225,Brantford,43.14448,-80.2628,True
Cobblestone Elementary School,Grand Erie DSB,brant,Elementary,English,67.0,4.0,1.0,132.3,67%,60%,41%,41%,46%,-10.0,16.0,8,605,Paris,43.17941,-80.3945,False
Cobblestone Elementary School,Grand Erie DSB,brant,Elementary,English,67.0,4.0,1.0,48.3,67%,60%,41%,41%,46%,-10.0,16.0,8,605,Paris,43.17941,-80.3945,False
Confederation Elementary School,Grand Erie DSB,brantford,Elementary,English,64.0,5.0,0.0,1061.2,64%,89%,50%,76%,76%,-30.0,-7.0,5,455,Brantford,43.16773,-80.2907,False
Courtland Public School,Grand Erie DSB,norfolk county,Elementary,English,79.0,5.0,25.0,42.2,79%,79%,64%,68%,68%,-3.0,9.0,10,225,Courtland,42.84299,-80.6351,False
Delhi Public School,Grand Erie DSB,norfolk county,Elementary,English,77.0,5.0,10.0,42.2,77%,71%,23%,80%,78%,-8.0,-15.0,10,380,Delhi,42.85277,-80.4967,False
Dufferin Public School,Grand Erie DSB,brantford,Elementary,English,79.0,10.0,0.0,1061.2,79%,75%,50%,68%,68%,-21.0,-18.0,5,315,Brantford,43.14354,-80.2817,False
Echo Place PS,Grand Erie DSB,brantford,Elementary,English,81.0,10.0,0.0,1061.2,81%,71%,57%,46%,77%,12.0,11.0,15,175,Brantford,43.14227,-80.2327,False
Edith Monture Elementary School,Grand Erie DSB,brantford,Elementary,English,84.0,8.0,3.0,1061.2,84%,75%,49%,68%,56%,-1.0,10.0,10,765,Brantford,43.12379,-80.2977,False
Elgin Avenue Public School,Grand Erie DSB,norfolk county,Elementary,English,90.0,15.0,10.0,42.2,90%,81%,33%,64%,32%,27.0,7.0,10,270,Simcoe,42.83702,-80.3141,False
Glen Morris Central Public School,Grand Erie DSB,brant,Elementary,English,65.0,5.0,0.0,132.3,65%,59%,35%,80%,70%,-18.0,-40.0,10,190,Glen Morris,43.27321,-80.3445,False
Glen Morris Central Public School,Grand Erie DSB,brant,Elementary,English,65.0,5.0,0.0,48.3,65%,59%,35%,80%,70%,-18.0,-40.0,10,190,Glen Morris,43.27321,-80.3445,False
Graham Bell-Victoria Public School,Grand Erie DSB,brantford,Elementary,English,60.0,25.0,0.0,1061.2,60%,40%,10%,13%,27%,10.0,2.0,15,160,Brantford,43.15318,-80.2687,False
Grandview Public School,Grand Erie DSB,brantford,Elementary,English,64.0,15.0,5.0,1061.2,64%,73%,30%,6%,19%,-23.0,10.0,20,160,Brantford,43.15726,-80.2702,False
Greenbrier Public School,Grand Erie DSB,brantford,Elementary,English,75.0,0.0,0.0,1061.2,75%,75%,31%,68%,52%,-10.0,8.0,15,215,Brantford,43.1789,-80.2745,False
Hagersville Elementary School,Grand Erie DSB,haldimand county,Elementary,English,73.0,10.0,5.0,39.4,73%,55%,5%,74%,48%,11.0,-26.0,10,310,Hagersville,42.95673,-80.0507,False
Houghton Public School,Grand Erie DSB,norfolk county,Elementary,English,52.0,10.0,50.0,42.2,52%,52%,12%,40%,28%,-13.0,-1.0,10,270,Langton,42.65044,-80.6619,True
J L Mitchener Public School,Grand Erie DSB,haldimand county,Elementary,English,89.0,5.0,0.0,39.4,89%,95%,66%,63%,58%,18.0,37.0,10,370,Cayuga,42.94426,-79.8526,False
James Hillier Public School,Grand Erie DSB,brantford,Elementary,English,88.0,0.0,0.0,1061.2,88%,75%,53%,63%,33%,2.0,17.0,10,295,Brantford,43.16101,-80.2822,False
Jarvis Public School,Grand Erie DSB,norfolk county,Elementary,English,79.0,0.0,0.0,42.2,79%,59%,26%,67%,59%,-6.0,-8.0,5,390,Jarvis,42.88817,-80.1104,False
King George School,Grand Erie DSB,brantford,Elementary,English,62.0,15.0,10.0,1061.2,62%,56%,22%,68%,60%,-27.0,-8.0,25,350,Brantford,43.14546,-80.2484,False
Lakewood Elementary School,Grand Erie DSB,norfolk county,Elementary,English,85.0,3.0,1.0,42.2,85%,78%,47%,71%,63%,-4.0,3.0,10,630,Port Dover,42.78893,-80.1891,False
Langton Public School,Grand Erie DSB,norfolk county,Elementary,English,73.0,10.0,45.0,42.2,73%,73%,40%,73%,55%,0.0,13.0,20,185,Langton,42.73997,-80.5819,False
Lansdowne-Costain Public School,Grand Erie DSB,brantford,Elementary,English,70.0,10.0,5.0,1061.2,70%,70%,33%,56%,37%,-30.0,1.0,10,340,Brantford,43.15057,-80.2888,False
Lynndale Heights Public School,Grand Erie DSB,norfolk county,Elementary,English,67.0,10.0,5.0,42.2,67%,73%,45%,82%,70%,-16.0,5.0,10,435,Simcoe,42.83913,-80.287,False
Major Ballachey Public School,Grand Erie DSB,brantford,Elementary,English,58.0,20.0,15.0,1061.2,58%,54%,27%,21%,14%,2.0,21.0,20,290,Brantford,43.13726,-80.2472,True
Mapleview Elementary School,Grand Erie DSB,haldimand county,Elementary,English,61.0,5.0,0.0,39.4,61%,69%,47%,57%,57%,-3.0,22.0,15,390,Dunnville,42.91135,-79.6165,False
Mount Pleasant School,Grand Erie DSB,brantford,Elementary,English,80.0,5.0,0.0,1061.2,80%,72%,62%,50%,44%,-12.0,-11.0,10,245,Mount Pleasant,43.08173,-80.3125,False
North Ward School,Grand Erie DSB,brant,Elementary,English,80.0,5.0,5.0,132.3,80%,67%,47%,75%,53%,3.0,9.0,10,440,Paris,43.20478,-80.3976,False
North Ward School,Grand Erie DSB,brant,Elementary,English,80.0,5.0,5.0,48.3,80%,67%,47%,75%,53%,3.0,9.0,10,440,Paris,43.20478,-80.3976,False
Oakland-Scotland Public School,Grand Erie DSB,brant,Elementary,English,77.0,0.0,5.0,132.3,77%,81%,38%,46%,50%,-15.0,6.0,10,220,Scotland,43.02259,-80.3774,False
Oakland-Scotland Public School,Grand Erie DSB,brant,Elementary,English,77.0,0.0,5.0,48.3,77%,81%,38%,46%,50%,-15.0,6.0,10,220,Scotland,43.02259,-80.3774,False
Oneida Central Public School,Grand Erie DSB,haldimand county,Elementary,English,100.0,0.0,0.0,39.4,100%,100%,61%,73%,60%,12.0,3.0,10,235,Caledonia,43.00834,-79.9532,False
Onondaga-Brant Public School,Grand Erie DSB,brantford,Elementary,English,61.0,0.0,5.0,1061.2,61%,61%,30%,73%,45%,-24.0,-16.0,10,220,Brantford,43.14958,-80.1738,False
Paris Central Public School,Grand Erie DSB,brant,Elementary,English,81.0,5.0,10.0,132.3,81%,81%,46%,83%,72%,-1.0,20.0,10,245,Paris,43.19473,-80.386,False
Paris Central Public School,Grand Erie DSB,brant,Elementary,English,81.0,5.0,10.0,48.3,81%,81%,46%,83%,72%,-1.0,20.0,10,245,Paris,43.19473,-80.386,False
Port Rowan Public School,Grand Erie DSB,norfolk county,Elementary,English,93.0,5.0,15.0,42.2,93%,86%,50%,81%,81%,-7.0,-17.0,10,235,Port Rowan,42.62444,-80.4548,False
Prince Charles Public School,Grand Erie DSB,brantford,Elementary,English,30.0,20.0,5.0,1061.2,30%,43%,16%,60%,40%,-24.0,-13.0,20,205,Brantford,43.16273,-80.2571,True
Princess Elizabeth Public School,Grand Erie DSB,brantford,Elementary,English,44.0,30.0,10.0,1061.2,44%,47%,12%,12%,4%,-23.0,-5.0,20,230,Brantford,43.12438,-80.2599,True
Rainham Central School,Grand Erie DSB,haldimand county,Elementary,English,96.0,5.0,0.0,39.4,96%,91%,61%,66%,51%,11.0,20.0,10,275,Fisherville,42.88263,-79.8952,False
River Heights School,Grand Erie DSB,haldimand county,Elementary,English,97.0,3.0,1.0,39.4,97%,90%,79%,76%,83%,6.0,27.0,9,600,Caledonia,43.07084,-79.9514,False
Russell Reid Public School,Grand Erie DSB,brantford,Elementary,English,69.0,0.0,5.0,1061.2,69%,66%,47%,60%,43%,-23.0,7.0,10,310,Brantford,43.17169,-80.2886,False
Seneca Central Public School,Grand Erie DSB,haldimand county,Elementary,English,82.0,0.0,0.0,39.4,82%,82%,27%,61%,52%,-18.0,-3.0,10,205,York,43.03833,-79.8149,False
St George-German Public School,Grand Erie DSB,brant,Elementary,English,79.0,0.0,0.0,132.3,79%,79%,40%,62%,54%,-15.0,-21.0,10,380,St George,43.24444,-80.2573,False
St George-German Public School,Grand Erie DSB,brant,Elementary,English,79.0,0.0,0.0,48.3,79%,79%,40%,62%,54%,-15.0,-21.0,10,380,St George,43.24444,-80.2573,False
Teeterville Public School,Grand Erie DSB,norfolk county,Elementary,English,81.0,10.0,5.0,42.2,81%,69%,56%,78%,74%,17.0,33.0,5,215,Teeterville,42.94825,-80.4417,False
Thompson Creek Elementary School,Grand Erie DSB,haldimand county,Elementary,English,74.0,11.0,4.0,39.4,74%,55%,24%,61%,48%,27.0,8.0,13,545,Dunnville,42.9141,-79.6307,False
Walpole North Elementary School,Grand Erie DSB,norfolk county,Elementary,English,75.0,5.0,0.0,42.2,75%,71%,25%,61%,52%,3.0,14.0,5,235,Hagersville,42.92279,-80.1059,False
Walsh Public School,Grand Erie DSB,norfolk county,Elementary,English,83.0,5.0,10.0,42.2,83%,74%,60%,68%,42%,2.0,21.0,15,420,Simcoe,42.76354,-80.39,False
Walter Gretzky Elementary School,Grand Erie DSB,brantford,Elementary,English,82.0,7.0,5.0,1061.2,82%,78%,52%,60%,43%,-6.0,15.0,7,650,Brantford,43.11038,-80.2984,False
Waterford Public School,Grand Erie DSB,norfolk county,Elementary,English,76.0,5.0,0.0,42.2,76%,66%,34%,87%,67%,-6.0,7.0,10,315,Waterford,42.93233,-80.2854,False
West Lynn Public School,Grand Erie DSB,norfolk county,Elementary,English,84.0,10.0,0.0,42.2,84%,78%,53%,76%,44%,5.0,21.0,20,255,Simcoe,42.82113,-80.2997,False
Woodman-Cainsville,Grand Erie DSB,brantford,Elementary,English,58.0,20.0,10.0,1061.2,58%,46%,33%,69%,45%,-17.0,15.0,10,310,Brantford,43.14616,-80.23021,True
A V Graham Public School,Greater Essex County DSB,tecumseh,Elementary,English,74.0,4.0,1.0,246.3,74%,74%,50%,71%,71%,3.0,28.0,16,540,Tecumseh,42.31902,-82.8793,False
Amherstburg Public School,Greater Essex County DSB,amherstburg,Elementary,English,82.0,5.0,0.0,128.0,82%,70%,45%,50%,27%,21.0,32.0,15,460,Amherstburg,42.10718,-83.1023,False
Anderdon Public School,Greater Essex County DSB,amherstburg,Elementary,English,82.0,3.0,0.0,128.0,82%,78%,41%,80%,63%,-4.0,4.0,12,575,Amherstburg,42.14288,-83.0666,False
Beacon Heights Public School,Greater Essex County DSB,tecumseh,Elementary,English,91.0,0.0,0.0,246.3,91%,84%,61%,73%,69%,0.0,-11.0,5,330,Tecumseh,42.3118,-82.8484,False
Belle River Public School,Greater Essex County DSB,lakeshore,Elementary,English,69.0,3.0,2.0,76.4,69%,69%,35%,65%,57%,-14.0,1.0,10,720,Belle River,42.29004,-82.7048,False
Bellewood Public School,Greater Essex County DSB,windsor,Elementary,English,98.0,9.0,2.0,1572.8,98%,99%,82%,100%,92%,2.0,5.0,5,700,Windsor,42.2669,-83.0407,False
Centennial Central Public School,Greater Essex County DSB,lakeshore,Elementary,English,89.0,5.0,25.0,76.4,89%,78%,61%,65%,52%,-11.0,8.0,20,210,Comber,42.23117,-82.5541,False
Central Public School,Greater Essex County DSB,windsor,Elementary,English,95.0,10.0,0.0,1572.8,95%,95%,59%,75%,68%,8.0,20.0,0,355,Windsor,42.26743,-83.0169,False
Colchester North Public School,Greater Essex County DSB,essex,Elementary,English,95.0,0.0,0.0,229.3,95%,100%,79%,97%,100%,-5.0,47.0,10,275,Essex,42.13579,-82.8752,False
Colchester North Public School,Greater Essex County DSB,essex,Elementary,English,95.0,0.0,0.0,76.4,95%,100%,79%,97%,100%,-5.0,47.0,10,275,Essex,42.13579,-82.8752,False
Coronation Public School,Greater Essex County DSB,windsor,Elementary,English,75.0,20.0,10.0,1572.8,75%,90%,65%,52%,60%,5.0,35.0,15,250,Windsor,42.3138,-82.962,False
David Maxwell Public School,Greater Essex County DSB,windsor,Elementary,English,64.0,15.0,5.0,1572.8,64%,36%,38%,86%,77%,-6.0,15.0,15,225,Windsor,42.3147,-82.9759,False
Dougall Avenue Public School,Greater Essex County DSB,windsor,Elementary,English,61.0,30.0,10.0,1572.8,61%,71%,33%,60%,35%,-5.0,5.0,10,395,Windsor,42.31056,-83.0386,False
Dr. David Suzuki Public School,Greater Essex County DSB,windsor,Elementary,English,90.0,10.0,5.0,1572.8,90%,93%,60%,80%,70%,1.0,16.0,15,475,Windsor,42.32658,-82.9593,False
East Mersea Public School,Greater Essex County DSB,leamington,Elementary,English,79.0,10.0,30.0,113.6,79%,75%,50%,81%,71%,2.0,10.0,10,195,Wheatley,42.076,-82.5128,False
Eastview Horizon Public School,Greater Essex County DSB,windsor,Elementary,English,72.0,11.0,8.0,1572.8,72%,69%,40%,74%,56%,-3.0,-2.0,14,580,Windsor,42.30754,-82.91,False
Erie Migration District Elementary School,Greater Essex County DSB,kingsville,Elementary,English,72.0,10.0,10.0,89.9,72%,74%,62%,70%,48%,-11.0,29.0,15,455,Kingsville,42.04014,-82.7402,False
Essex Public School,Greater Essex County DSB,essex,Elementary,English,75.0,7.0,4.0,229.3,75%,65%,48%,71%,64%,-4.0,19.0,14,600,Essex,42.17306,-82.8155,False
Essex Public School,Greater Essex County DSB,essex,Elementary,English,75.0,7.0,4.0,76.4,75%,65%,48%,71%,64%,-4.0,19.0,14,600,Essex,42.17306,-82.8155,False
Ford City Public School,Greater Essex County DSB,windsor,Elementary,English,91.0,23.0,7.0,1572.8,91%,82%,45%,71%,44%,20.0,12.0,14,530,Windsor,42.30972,-82.9901,False
Forest Glade Public School,Greater Essex County DSB,windsor,Elementary,English,72.0,15.0,10.0,1572.8,72%,86%,30%,70%,67%,-14.0,-19.0,12,665,Windsor,42.3105,-82.9256,False
Frank W Begley Public School,Greater Essex County DSB,windsor,Elementary,English,63.0,45.0,35.0,1572.8,63%,54%,18%,43%,45%,14.0,6.0,10,445,Windsor,42.32414,-83.0131,False
General Brock Public School,Greater Essex County DSB,windsor,Elementary,English,89.0,40.0,25.0,1572.8,89%,72%,59%,61%,70%,37.0,42.0,10,365,Windsor,42.29939,-83.0778,False
Glenwood Public School,Greater Essex County DSB,windsor,Elementary,English,82.0,11.0,3.0,1572.8,82%,78%,56%,65%,50%,3.0,1.0,9,525,Windsor,42.26305,-83.0279,False
Gore Hill Public School,Greater Essex County DSB,leamington,Elementary,English,58.0,10.0,25.0,113.6,58%,65%,27%,79%,52%,-24.0,-23.0,5,245,Leamington,42.03265,-82.5628,True
Gosfield North Public School,Greater Essex County DSB,kingsville,Elementary,English,78.0,0.0,10.0,89.9,78%,78%,54%,52%,42%,-6.0,13.0,10,475,Cottam,42.12552,-82.7479,False
Harrow Public School,Greater Essex County DSB,essex,Elementary,English,81.0,5.0,0.0,229.3,81%,71%,31%,76%,71%,17.0,8.0,15,395,Harrow,42.0367,-82.912,False
Harrow Public School,Greater Essex County DSB,essex,Elementary,English,81.0,5.0,0.0,76.4,81%,71%,31%,76%,71%,17.0,8.0,15,395,Harrow,42.0367,-82.912,False
Hugh Beaton Public School,Greater Essex County DSB,windsor,Elementary,English,86.0,10.0,0.0,1572.8,86%,89%,46%,80%,61%,-1.0,6.0,10,355,Windsor,42.29909,-82.9997,False
J A McWilliam Public School,Greater Essex County DSB,windsor,Elementary,English,81.0,10.0,10.0,1572.8,81%,81%,38%,77%,58%,8.0,22.0,15,300,Windsor,42.28199,-82.9863,False
J.L. Dunn Public School,Greater Essex County DSB,windsor,Elementary,English,95.0,26.0,16.0,1572.8,95%,95%,72%,82%,49%,3.0,9.0,7,525,Windsor,42.31018,-83.0191,False
John Campbell Public School,Greater Essex County DSB,windsor,Elementary,English,75.0,10.0,5.0,1572.8,75%,81%,44%,55%,48%,-3.0,25.0,15,345,Windsor,42.30014,-83.0062,False
King Edward Public School,Greater Essex County DSB,windsor,Elementary,English,63.0,25.0,10.0,1572.8,63%,74%,15%,58%,54%,2.0,-21.0,20,365,Windsor,42.31958,-83.0127,False
LaSalle Public School,Greater Essex County DSB,lasalle,Elementary,English,86.0,2.0,0.0,503.7,86%,78%,57%,85%,70%,-7.0,-13.0,14,575,LaSalle,42.22908,-83.0877,False
Lakeshore Discovery School,Greater Essex County DSB,lakeshore,Elementary,English,85.0,3.0,2.0,76.4,85%,88%,56%,72%,54%,1.0,12.0,9,935,Emeryville,42.2891,-82.7305,False
Legacy Oak Trail Public School Public School,Greater Essex County DSB,lasalle,Elementary,English,93.0,4.0,0.0,503.7,93%,90%,73%,82%,71%,9.0,16.0,12,580,LaSalle,42.20541,-83.0602,False
M S Hetherington Public School,Greater Essex County DSB,windsor,Elementary,English,72.0,15.0,5.0,1572.8,72%,63%,35%,51%,49%,3.0,4.0,10,440,Windsor,42.3362,-82.9345,False
Malden Central Public School,Greater Essex County DSB,amherstburg,Elementary,English,92.0,0.0,0.0,128.0,92%,88%,68%,69%,50%,-8.0,11.0,10,260,Amherstburg,42.06198,-83.0426,False
Margaret D Bennie Public School,Greater Essex County DSB,leamington,Elementary,English,70.0,15.0,30.0,113.6,70%,70%,11%,82%,68%,-13.0,-3.0,10,345,Leamington,42.0398,-82.6057,False
Marlborough Public School,Greater Essex County DSB,windsor,Elementary,English,73.0,30.0,20.0,1572.8,73%,58%,23%,53%,45%,20.0,15.0,10,480,Windsor,42.28989,-83.065,False
Mount Carmel Blytheswood Public School,Greater Essex County DSB,leamington,Elementary,English,81.0,10.0,35.0,113.6,81%,76%,43%,53%,53%,17.0,7.0,10,250,Leamington,42.08551,-82.6018,False
Northwood Public School,Greater Essex County DSB,windsor,Elementary,English,80.0,19.0,12.0,1572.8,80%,75%,61%,75%,57%,-1.0,15.0,11,910,Windsor,42.27782,-83.0301,False
Prince Edward Public School,Greater Essex County DSB,windsor,Elementary,English,60.0,33.0,26.0,1572.8,60%,63%,24%,46%,35%,-9.0,2.0,9,575,Windsor,42.31051,-83.0178,False
Princess Elizabeth Public School,Greater Essex County DSB,windsor,Elementary,English,84.0,5.0,0.0,1572.8,84%,88%,64%,54%,54%,6.0,47.0,10,260,Windsor,42.32393,-82.9691,False
Queen Elizabeth Public School,Greater Essex County DSB,leamington,Elementary,English,84.0,15.0,25.0,113.6,84%,82%,44%,69%,45%,15.0,26.0,10,465,Leamington,42.0453,-82.5953,False
Queen Victoria Public School,Greater Essex County DSB,windsor,Elementary,English,72.0,30.0,10.0,1572.8,72%,70%,42%,52%,50%,22.0,26.0,10,480,Windsor,42.30227,-83.0313,False
Roseland Public School,Greater Essex County DSB,windsor,Elementary,English,69.0,13.0,7.0,1572.8,69%,67%,44%,64%,72%,-9.0,9.0,8,505,Windsor,42.2595,-82.9925,False
Roseville Public School,Greater Essex County DSB,windsor,Elementary,English,73.0,30.0,20.0,1572.8,73%,53%,14%,42%,39%,9.0,14.0,20,230,Windsor,42.3069,-82.9473,False
Sandwich West Public School,Greater Essex County DSB,lasalle,Elementary,English,98.0,2.0,0.0,503.7,98%,97%,83%,80%,74%,3.0,14.0,13,570,LaSalle,42.24959,-83.0558,False
Southwood Public School,Greater Essex County DSB,windsor,Elementary,English,93.0,10.0,0.0,1572.8,93%,88%,62%,64%,64%,5.0,-2.0,15,375,Windsor,42.25446,-83.0183,False
Talbot Trail Public School,Greater Essex County DSB,windsor,Elementary,English,86.0,11.0,8.0,1572.8,86%,92%,59%,84%,78%,-1.0,-3.0,10,910,Windsor,42.2515,-82.9716,False
Tecumseh Vista Academy - Elementary,Greater Essex County DSB,tecumseh,Elementary,English,92.0,3.0,3.0,246.3,92%,92%,58%,76%,72%,-2.0,-10.0,7,680,Tecumseh,42.27973,-82.8926,False
W. F. Herman Academy Elementary School,Greater Essex County DSB,windsor,Elementary,English,98.0,15.0,5.0,1572.8,98%,93%,71%,51%,34%,4.0,3.0,10,435,Windsor,42.31065,-82.976,False
West Gate Public School,Greater Essex County DSB,windsor,Elementary,English,83.0,32.0,10.0,1572.8,83%,71%,35%,57%,47%,16.0,15.0,13,650,Windsor,42.3071,-83.0536,False
William G Davis Public School,Greater Essex County DSB,windsor,Elementary,English,59.0,15.0,5.0,1572.8,59%,71%,33%,52%,42%,-8.0,23.0,10,375,Windsor,42.29871,-82.9533,True
Ascension Catholic Elementary School,Halton CDSB,burlington,Elementary,English,82.0,0.0,0.0,1004.4,82%,91%,52%,94%,88%,-9.0,-3.0,10,320,Burlington,43.37323,-79.7481,False
Canadian Martyrs Catholic Elementary School,Halton CDSB,burlington,Elementary,English,93.0,0.0,0.0,1004.4,93%,100%,71%,81%,81%,-3.0,-2.0,10,420,Burlington,43.36892,-79.8096,False
Guardian Angels Catholic Elementary School,Halton CDSB,milton,Elementary,English,87.0,6.0,1.0,365.5,87%,88%,56%,78%,76%,-3.0,20.0,10,775,Milton,43.51848,-79.8437,False
Holy Cross Catholic Elementary School,Halton CDSB,halton hills,Elementary,English,89.0,0.0,0.0,227.4,89%,75%,44%,67%,54%,-1.0,-12.0,15,455,Halton Hills,43.64848,-79.9191,False
Holy Family Catholic Elementary School,Halton CDSB,oakville,Elementary,English,86.0,5.0,0.0,1538.5,86%,57%,43%,48%,37%,-9.0,-19.0,10,195,Oakville,43.48164,-79.6875,False
Holy Rosary (Burlington) Catholic Elementary School,Halton CDSB,burlington,Elementary,English,88.0,5.0,0.0,1004.4,88%,88%,60%,64%,53%,-1.0,9.0,10,365,Burlington,43.31343,-79.845,False
Holy Rosary (Milton) Catholic Elementary School,Halton CDSB,milton,Elementary,English,84.0,4.0,1.0,365.5,84%,78%,55%,76%,73%,-8.0,3.0,15,540,Milton,43.51755,-79.8856,False
Lumen Christi Catholic Elementary School,Halton CDSB,burlington,Elementary,English,83.0,7.0,0.0,1004.4,83%,81%,54%,71%,65%,-11.0,0.0,12,680,Milton,43.48481,-79.8728,False
Our Lady of Fatima Catholic Elementary School,Halton CDSB,milton,Elementary,English,95.0,6.0,0.0,365.5,95%,97%,83%,79%,87%,7.0,33.0,9,605,Milton,43.50506,-79.8488,False
Our Lady of Peace Catholic Elementary School,Halton CDSB,oakville,Elementary,English,94.0,0.0,0.0,1538.5,94%,90%,66%,92%,78%,3.0,6.0,5,410,Oakville,43.46603,-79.7363,False
Our Lady of Victory Catholic Elementary School,Halton CDSB,milton,Elementary,English,71.0,0.0,0.0,365.5,71%,81%,52%,75%,62%,-1.0,-6.0,15,320,Milton,43.50365,-79.8671,False
Queen of Heaven Catholic Elementary School,Halton CDSB,milton,Elementary,English,88.0,5.0,0.0,365.5,88%,75%,57%,76%,58%,3.0,18.0,14,770,Milton,43.49452,-79.8886,False
Sacred Heart of Jesus Catholic Elementary School,Halton CDSB,burlington,Elementary,English,96.0,6.0,2.0,1004.4,96%,91%,71%,86%,78%,8.0,31.0,9,550,Burlington,43.38725,-79.8122,False
St. Andrew Catholic Elementary School,Halton CDSB,oakville,Elementary,English,91.0,11.0,0.0,1538.5,91%,87%,72%,82%,70%,4.0,9.0,7,660,Oakville,43.47521,-79.7195,False
St. Anne Catholic Elementary School,Halton CDSB,burlington,Elementary,English,91.0,5.0,0.0,1004.4,91%,93%,61%,76%,73%,-5.0,-3.0,8,680,Burlington,43.40912,-79.8241,False
St. Anthony of Padua Catholic Elementary School,Halton CDSB,milton,Elementary,English,90.0,7.0,1.0,365.5,90%,83%,60%,82%,71%,0.0,5.0,11,790,Milton,43.52586,-79.8553,False
St. Benedict Catholic Elementary School,Halton CDSB,milton,Elementary,English,92.0,8.0,1.0,365.5,92%,92%,62%,74%,73%,-4.0,10.0,9,820,Milton,43.49642,-79.8656,False
St. Bernadette Catholic Elementary School,Halton CDSB,oakville,Elementary,English,95.0,5.0,5.0,1538.5,95%,90%,80%,89%,89%,3.0,17.0,15,305,Oakville,43.42919,-79.7377,False
St. Brigid Catholic Elementary School,Halton CDSB,halton hills,Elementary,English,73.0,0.0,1.0,227.4,73%,70%,39%,70%,64%,-19.0,-9.0,11,710,Georgetown,43.63172,-79.8908,False
St. Catherine of Alexandria Catholic Elementary School,Halton CDSB,halton hills,Elementary,English,76.0,1.0,1.0,227.4,76%,68%,40%,78%,57%,-20.0,-5.0,11,785,Georgetown,43.63411,-79.8741,False
St. Christopher Catholic Elementary School,Halton CDSB,burlington,Elementary,English,79.0,5.0,0.0,1004.4,79%,88%,56%,91%,64%,-3.0,8.0,15,330,Burlington,43.40613,-79.786,False
St. Dominic Catholic Elementary School,Halton CDSB,oakville,Elementary,English,95.0,6.0,1.0,1538.5,95%,100%,95%,81%,73%,-1.0,39.0,10,555,Oakville,43.40072,-79.7191,False
St. Elizabeth Seton Catholic Elementary School,Halton CDSB,burlington,Elementary,English,97.0,0.0,0.0,1004.4,97%,94%,79%,80%,85%,5.0,23.0,10,340,Burlington,43.39979,-79.7942,False
St. Francis of Assisi Catholic Elementary School,Halton CDSB,halton hills,Elementary,English,89.0,5.0,0.0,227.4,89%,93%,61%,81%,74%,13.0,33.0,10,415,Georgetown,43.6471,-79.8951,False
St. Gabriel Catholic Elementary School,Halton CDSB,burlington,Elementary,English,91.0,5.0,1.0,1004.4,91%,93%,54%,60%,62%,6.0,21.0,18,535,Burlington,43.35557,-79.8261,False
St. Gregory the Great Catholic Elementary School,Halton CDSB,oakville,Elementary,English,91.0,11.0,0.0,1538.5,91%,89%,57%,81%,70%,-6.0,-3.0,10,775,Oakville,43.47689,-79.7358,False
St. Joan of Arc Catholic Elementary School,Halton CDSB,oakville,Elementary,English,94.0,10.0,0.0,1538.5,94%,91%,65%,100%,80%,1.0,4.0,10,325,Oakville,43.4312,-79.759,False
St. John (Burlington) Catholic Elementary School,Halton CDSB,burlington,Elementary,English,72.0,5.0,0.0,1004.4,72%,72%,50%,73%,63%,-11.0,-21.0,10,290,Burlington,43.33121,-79.8047,False
St. John Paul II Catholic Elementary School,Halton CDSB,oakville,Elementary,English,60.0,10.0,0.0,1538.5,60%,74%,38%,77%,68%,-20.0,-8.0,10,355,Oakville,43.44244,-79.7582,False
St. Joseph (Acton) Catholic Elementary School,Halton CDSB,halton hills,Elementary,English,84.0,0.0,0.0,227.4,84%,84%,32%,77%,58%,-8.0,-26.0,10,350,Acton,43.6243,-80.045,False
St. Luke Catholic Elementary School,Halton CDSB,oakville,Elementary,English,79.0,10.0,0.0,1538.5,79%,64%,36%,60%,47%,-21.0,-58.0,10,185,Oakville,43.497,-79.662,False
St. Marguerite d'Youville Catholic Elementary School,Halton CDSB,oakville,Elementary,English,95.0,10.0,0.0,1538.5,95%,97%,59%,98%,88%,-1.0,0.0,5,395,Oakville,43.49439,-79.6935,False
St. Mark Catholic Elementary School,Halton CDSB,burlington,Elementary,English,87.0,0.0,0.0,1004.4,87%,74%,47%,85%,74%,14.0,19.0,10,425,Burlington,43.35937,-79.8424,False
St. Mary Catholic Elementary School,Halton CDSB,oakville,Elementary,English,97.0,8.0,0.0,1538.5,97%,92%,69%,89%,83%,4.0,16.0,7,730,Oakville,43.42348,-79.7713,False
St. Matthew Catholic Elementary School,Halton CDSB,oakville,Elementary,English,95.0,5.0,0.0,1538.5,95%,92%,74%,89%,86%,-5.0,1.0,15,340,Oakville,43.44018,-79.7165,False
St. Michael Catholic Elementary School,Halton CDSB,oakville,Elementary,English,91.0,5.0,0.0,1538.5,91%,70%,43%,75%,45%,-4.0,5.0,10,275,Oakville,43.46316,-79.6954,False
St. Nicholas Catholic Elementary School,Halton CDSB,oakville,Elementary,English,85.0,11.0,1.0,1538.5,85%,80%,60%,81%,76%,-13.0,-6.0,11,605,Oakville,43.42251,-79.704,False
St. Patrick Catholic Elementary School,Halton CDSB,burlington,Elementary,English,83.0,0.0,0.0,1004.4,83%,83%,31%,71%,57%,-5.0,-17.0,10,310,Burlington,43.36964,-79.7375,False
St. Paul Catholic Elementary School,Halton CDSB,burlington,Elementary,English,97.0,5.0,0.0,1004.4,97%,92%,68%,59%,59%,7.0,26.0,15,415,Burlington,43.34737,-79.7808,False
St. Peter Catholic Elementary School,Halton CDSB,milton,Elementary,English,74.0,5.0,2.0,365.5,74%,78%,40%,75%,64%,-10.0,-10.0,12,590,Milton,43.53378,-79.8643,False
St. Raphael Catholic Elementary School,Halton CDSB,burlington,Elementary,English,98.0,5.0,0.0,1004.4,98%,93%,78%,76%,64%,1.0,20.0,10,385,Burlington,43.3542,-79.7672,False
St. Scholastica Catholic Elementary School,Halton CDSB,milton,Elementary,English,80.0,8.0,3.0,365.5,80%,80%,44%,83%,79%,-11.0,-13.0,8,920,Town of Milton,43.485202,-79.85223,False
St. Teresa of Calcutta Catholic Elementary School,Halton CDSB,oakville,Elementary,English,78.0,5.0,0.0,1538.5,78%,70%,48%,84%,81%,-1.0,-18.0,10,305,Oakville,43.45103,-79.7357,False
St. Timothy Catholic Elementary School,Halton CDSB,burlington,Elementary,English,96.0,3.0,1.0,1004.4,96%,91%,70%,98%,87%,2.0,15.0,15,570,Burlington,43.37593,-79.8246,False
St. Vincent Catholic Elementary School,Halton CDSB,oakville,Elementary,English,64.0,10.0,0.0,1538.5,64%,73%,18%,N/R,N/R,-36.0,-64.0,15,120,Oakville,43.46591,-79.6565,False
Abbey Lane Public School,Halton DSB,oakville,Elementary,English,89.0,15.0,5.0,1538.5,89%,86%,50%,83%,75%,6.0,-6.0,20,250,Oakville,43.44565,-79.7113,False
Alexander's Public School,Halton DSB,burlington,Elementary,English,85.0,5.0,5.0,1004.4,85%,89%,62%,98%,85%,1.0,3.0,15,465,BURLINGTON,43.40582,-79.7853,False
Alton Village Public School,Halton DSB,burlington,Elementary,English,94.0,5.0,0.0,1004.4,94%,96%,72%,87%,81%,-1.0,3.0,11,995,Burlington,43.39996,-79.8267,False
Anne J. MacArthur Public School,Halton DSB,milton,Elementary,English,90.0,9.0,2.0,365.5,90%,88%,55%,74%,64%,1.0,-2.0,8,930,Milton,43.49625,-79.8613,False
Boyne Public School,Halton DSB,milton,Elementary,English,90.0,8.0,2.0,365.5,90%,85%,65%,72%,69%,3.0,20.0,10,1130,Milton,43.4909,-79.8537,False
Brant Hills Public School,Halton DSB,burlington,Elementary,English,72.0,5.0,0.0,1004.4,72%,67%,28%,58%,54%,-5.0,1.0,30,310,Burlington,43.36496,-79.8458,False
Brookdale Public School,Halton DSB,oakville,Elementary,English,91.0,10.0,0.0,1538.5,91%,81%,65%,65%,65%,-2.0,6.0,10,325,Oakville,43.42498,-79.7035,False
Brookville Public School,Halton DSB,milton,Elementary,English,76.0,5.0,0.0,365.5,76%,76%,46%,93%,79%,-20.0,-30.0,15,345,Campbellville,43.53337,-80.0474,False
Bruce T Lindley Public School,Halton DSB,burlington,Elementary,English,83.0,5.0,0.0,1004.4,83%,83%,47%,75%,64%,-17.0,-11.0,10,310,Burlington,43.37116,-79.8392,False
Bruce Trail Public School,Halton DSB,milton,Elementary,English,87.0,6.0,1.0,365.5,87%,90%,51%,81%,60%,-3.0,8.0,12,1040,Milton,43.52311,-79.8494,False
C H Norton Public School,Halton DSB,burlington,Elementary,English,76.0,5.0,0.0,1004.4,76%,79%,57%,67%,71%,-17.0,7.0,20,485,Burlington,43.37908,-79.813,False
Captain R. Wilson Public School,Halton DSB,oakville,Elementary,English,96.0,8.0,0.0,1538.5,96%,99%,80%,74%,77%,1.0,1.0,5,840,Oakville,43.42888,-79.7592,False
Centennial Middle School,Halton DSB,halton hills,Elementary,English,77.0,5.0,0.0,227.4,77%,70%,50%,,,-12.0,11.0,20,375,Georgetown,43.6433,-79.8985,False
Central Public School,Halton DSB,burlington,Elementary,English,84.0,10.0,0.0,1004.4,84%,88%,61%,72%,70%,5.0,3.0,15,390,Burlington,43.32992,-79.8047,False
Charles R. Beaudoin Public School,Halton DSB,burlington,Elementary,English,93.0,4.0,0.0,1004.4,93%,90%,77%,91%,73%,-3.0,8.0,6,565,Burlington,43.39672,-79.8078,False
Chris Hadfield Public School,Halton DSB,milton,Elementary,English,91.0,6.0,2.0,365.5,91%,97%,77%,82%,81%,0.0,9.0,8,755,Milton,43.53492,-79.8676,False
Clarksdale Public School,Halton DSB,burlington,Elementary,English,94.0,10.0,0.0,1004.4,94%,94%,68%,71%,45%,9.0,12.0,10,415,Burlington,43.35369,-79.8125,False
Dr. David R. Williams Public School,Halton DSB,oakville,Elementary,English,92.0,14.0,2.0,1538.5,92%,89%,59%,84%,77%,-4.0,-16.0,6,1180,Oakville,43.486429,-79.733027,False
E J James Public School,Halton DSB,oakville,Elementary,English,100.0,10.0,0.0,1538.5,100%,100%,94%,94%,85%,4.0,13.0,10,360,Oakville,43.46817,-79.658,False
Eastview Public School,Halton DSB,oakville,Elementary,English,93.0,6.0,1.0,1538.5,93%,97%,48%,67%,63%,-7.0,-1.0,18,515,Oakville,43.40123,-79.7102,False
Emily Carr Public School,Halton DSB,oakville,Elementary,English,92.0,8.0,1.0,1538.5,92%,92%,75%,74%,67%,0.0,26.0,11,675,Oakville,43.44276,-79.7637,False
Escarpment View Public School,Halton DSB,milton,Elementary,English,86.0,6.0,1.0,365.5,86%,85%,56%,65%,55%,-6.0,4.0,10,1025,Milton,43.49751,-79.8812,False
Ethel Gardiner Public School,Halton DSB,halton hills,Elementary,English,86.0,1.0,2.0,227.4,86%,89%,49%,54%,52%,0.0,-7.0,13,625,Georgetown,43.62676,-79.8813,False
Falgarwood Public School,Halton DSB,oakville,Elementary,English,81.0,10.0,0.0,1538.5,81%,77%,54%,70%,61%,-2.0,0.0,15,495,Oakville,43.47923,-79.6841,False
Florence Meares Public School,Halton DSB,burlington,Elementary,English,93.0,4.0,1.0,1004.4,93%,93%,71%,80%,80%,0.0,25.0,18,570,Burlington,43.38627,-79.8088,False
Forest Trail Public School (Elementary),Halton DSB,oakville,Elementary,English,100.0,7.0,0.0,1538.5,100%,99%,97%,99%,82%,0.0,16.0,3,520,Oakville,43.45077,-79.7531,False
Frontenac Public School,Halton DSB,burlington,Elementary,English,100.0,4.0,0.0,1004.4,100%,84%,68%,95%,70%,24.0,25.0,22,605,Burlington,43.37414,-79.7529,False
Gladys Speers Public School,Halton DSB,oakville,Elementary,English,91.0,10.0,0.0,1538.5,91%,89%,66%,78%,69%,6.0,20.0,10,360,Oakville,43.41007,-79.7151,False
Glenview Public School,Halton DSB,burlington,Elementary,English,76.0,5.0,0.0,1004.4,76%,76%,46%,73%,78%,-14.0,-4.0,5,390,Burlington,43.30835,-79.846,False
Hawthorne Village Public School,Halton DSB,milton,Elementary,English,79.0,4.0,1.0,365.5,79%,82%,47%,53%,45%,-13.0,3.0,15,810,Milton,43.51421,-79.838,False
Heritage Glen Public School,Halton DSB,oakville,Elementary,English,94.0,9.0,1.0,1538.5,94%,92%,77%,89%,71%,-1.0,2.0,12,750,Oakville,43.43198,-79.7418,False
Irma Coulson Public School,Halton DSB,milton,Elementary,English,86.0,7.0,1.0,365.5,86%,90%,57%,65%,61%,-7.0,6.0,10,925,Milton,43.5229,-79.8423,False
James W. Hill Public School,Halton DSB,oakville,Elementary,English,94.0,9.0,2.0,1538.5,94%,98%,81%,73%,73%,5.0,10.0,8,600,Oakville,43.50138,-79.6614,False
John T Tuck Public School,Halton DSB,burlington,Elementary,English,97.0,4.0,0.0,1004.4,97%,94%,62%,91%,88%,0.0,-2.0,11,620,Burlington,43.34496,-79.7701,False
John William Boich Public School,Halton DSB,burlington,Elementary,English,79.0,4.0,0.0,1004.4,79%,82%,52%,90%,80%,-19.0,-23.0,12,640,Burlington,43.41157,-79.802,False
Joshua Creek Public School,Halton DSB,oakville,Elementary,English,94.0,11.0,0.0,1538.5,94%,93%,79%,85%,89%,-2.0,-2.0,5,890,Oakville,43.49959,-79.6977,False
Kilbride Public School,Halton DSB,burlington,Elementary,English,81.0,0.0,0.0,1004.4,81%,85%,33%,65%,68%,-19.0,-6.0,10,250,Kilbride,43.42752,-79.9364,False
Kings Road Public School,Halton DSB,burlington,Elementary,English,90.0,10.0,5.0,1004.4,90%,60%,57%,59%,44%,13.0,42.0,15,305,Burlington,43.31638,-79.8215,False
Lakeshore Public School,Halton DSB,burlington,Elementary,English,96.0,5.0,0.0,1004.4,96%,91%,39%,91%,91%,3.0,-7.0,10,190,Burlington,43.32995,-79.7871,False
Makwendam Public School,Halton DSB,burlington,Elementary,English,91.0,0.0,0.0,1004.4,91%,82%,41%,71%,54%,-6.0,-12.0,10,275,Burlington,43.35179,-79.7777,False
Maple Grove Public School,Halton DSB,oakville,Elementary,English,97.0,10.0,0.0,1538.5,97%,93%,74%,60%,57%,13.0,22.0,15,495,Oakville,43.47371,-79.6505,False
Maplehurst Public School,Halton DSB,burlington,Elementary,English,90.0,5.0,5.0,1004.4,90%,82%,64%,77%,71%,-3.0,-16.0,10,420,Burlington,43.3194,-79.8377,False
Martin Street Public School,Halton DSB,milton,Elementary,English,92.0,4.0,1.0,365.5,92%,88%,67%,75%,60%,-5.0,10.0,16,615,Milton,43.51659,-79.8883,False
McKenzie-Smith Bennett Public School,Halton DSB,halton hills,Elementary,English,62.0,5.0,0.0,227.4,62%,62%,46%,69%,49%,-23.0,4.0,20,345,Acton,43.63864,-80.032,False
Mohawk Gardens Public School,Halton DSB,burlington,Elementary,English,64.0,0.0,5.0,1004.4,64%,79%,37%,55%,48%,-4.0,20.0,10,300,Burlington,43.37109,-79.7401,False
Montclair Public School,Halton DSB,oakville,Elementary,English,67.0,10.0,0.0,1538.5,67%,74%,38%,65%,65%,-9.0,6.0,10,445,Oakville,43.46311,-79.6991,False
Munn's Public School,Halton DSB,oakville,Elementary,English,98.0,10.0,0.0,1538.5,98%,98%,84%,97%,85%,-2.0,-6.0,5,445,Oakville,43.46554,-79.7095,False
New Central Public School,Halton DSB,oakville,Elementary,English,100.0,10.0,0.0,1538.5,100%,95%,81%,96%,92%,3.0,31.0,10,285,Oakville,43.45342,-79.6619,False
Oodenawi Public School,Halton DSB,oakville,Elementary,English,86.0,12.0,1.0,1538.5,86%,93%,63%,71%,73%,-12.0,-4.0,11,1035,Oakville,43.47354,-79.7435,False
Orchard Park Public School,Halton DSB,burlington,Elementary,English,89.0,5.0,0.0,1004.4,89%,93%,61%,84%,74%,-2.0,-8.0,10,480,Burlington,43.40192,-79.7971,False
P. L. Robertson Public School,Halton DSB,milton,Elementary,English,89.0,6.0,1.0,365.5,89%,84%,52%,64%,66%,0.0,4.0,9,1075,Milton,43.48768,-79.871,False
Palermo Public School,Halton DSB,oakville,Elementary,English,93.0,10.0,1.0,1538.5,93%,88%,58%,64%,59%,0.0,7.0,10,600,Oakville,43.43208,-79.7762,False
Paul A Fisher Public School,Halton DSB,burlington,Elementary,English,82.0,5.0,0.0,1004.4,82%,78%,40%,78%,74%,9.0,7.0,15,325,Burlington,43.35697,-79.8408,False
Pauline Johnson Public School,Halton DSB,burlington,Elementary,English,86.0,0.0,0.0,1004.4,86%,81%,76%,87%,100%,-10.0,30.0,10,265,Burlington,43.36585,-79.7641,False
Pilgrim Wood Public School,Halton DSB,oakville,Elementary,English,99.0,11.0,0.0,1538.5,99%,99%,94%,88%,81%,1.0,12.0,4,870,Oakville,43.43417,-79.7289,False
Pine Grove Public School,Halton DSB,oakville,Elementary,English,98.0,10.0,0.0,1538.5,98%,98%,64%,85%,59%,2.0,-18.0,10,340,Oakville,43.43097,-79.6975,False
Pineland Public School,Halton DSB,burlington,Elementary,English,100.0,5.0,0.0,1004.4,100%,98%,70%,100%,89%,0.0,8.0,10,425,Burlington,43.36769,-79.7465,False
Post's Corners Public School,Halton DSB,oakville,Elementary,English,92.0,12.0,0.0,1538.5,92%,89%,74%,78%,72%,-2.0,18.0,10,840,Oakville,43.4757,-79.7146,False
Rattlesnake Point Public School,Halton DSB,burlington,Elementary,English,88.0,6.0,2.0,1004.4,88%,91%,51%,71%,56%,,,9,820,Burlington,43.365612185,-79.82458937,False
River Oaks Public School,Halton DSB,oakville,Elementary,English,85.0,7.0,0.0,1538.5,85%,89%,61%,69%,60%,-9.0,-1.0,11,775,Oakville,43.46501,-79.7222,False
Robert Little Public School,Halton DSB,halton hills,Elementary,English,79.0,5.0,0.0,227.4,79%,71%,32%,52%,48%,-3.0,-17.0,20,285,Acton,43.63312,-80.0432,False
Rolling Meadows Public School,Halton DSB,burlington,Elementary,English,95.0,0.0,0.0,1004.4,95%,78%,38%,74%,69%,4.0,-3.0,15,475,Burlington,43.35804,-79.8275,False
Sam Sherratt Public School,Halton DSB,milton,Elementary,English,78.0,5.0,0.0,365.5,78%,76%,49%,83%,65%,-14.0,-8.0,20,390,Milton,43.51383,-79.8604,False
Silver Creek Public School,Halton DSB,milton,Elementary,English,80.0,1.0,0.0,365.5,80%,75%,56%,77%,84%,-7.0,8.0,21,510,Georgetown,43.63103,-79.8939,False
Sir Ernest Macmillan Public School,Halton DSB,burlington,Elementary,English,76.0,0.0,0.0,1004.4,76%,76%,42%,96%,92%,-15.0,-10.0,20,315,Burlington,43.36889,-79.8071,False
Stewarttown Middle School,Halton DSB,halton hills,Elementary,English,85.0,5.0,0.0,227.4,85%,86%,68%,,,-5.0,5.0,25,305,Georgetown,43.62857,-79.9204,False
Sunningdale Public School,Halton DSB,oakville,Elementary,English,100.0,8.0,0.0,1538.5,100%,100%,73%,94%,76%,5.0,7.0,6,500,Oakville,43.45889,-79.7122,False
Tecumseh Public School,Halton DSB,burlington,Elementary,English,63.0,10.0,0.0,1004.4,63%,77%,37%,69%,94%,-4.0,18.0,25,375,Burlington,43.3469,-79.7887,False
Tiger Jeet Singh Public School,Halton DSB,milton,Elementary,English,84.0,6.0,1.0,365.5,84%,85%,56%,78%,61%,-7.0,11.0,11,890,Milton,43.50848,-79.8536,False
Tom Thomson Public School,Halton DSB,burlington,Elementary,English,86.0,10.0,0.0,1004.4,86%,78%,58%,67%,60%,-4.0,13.0,10,395,Burlington,43.33832,-79.8045,False
Viola Desmond Public School,Halton DSB,milton,Elementary,English,92.0,9.0,4.0,365.5,92%,87%,54%,62%,52%,4.0,11.0,9,1090,Milton,43.48978,-79.8611,False
W H Morden Public School,Halton DSB,oakville,Elementary,English,93.0,10.0,2.0,1538.5,93%,88%,76%,65%,65%,-1.0,2.0,7,610,Oakville,43.43418,-79.6859,False
W I Dick Middle School,Halton DSB,milton,Elementary,English,83.0,5.0,5.0,365.5,83%,76%,50%,,,-10.0,-16.0,20,350,Milton,43.52116,-79.8877,False
West Oak Public School,Halton DSB,oakville,Elementary,English,78.0,7.0,0.0,1538.5,78%,85%,59%,79%,64%,-17.0,-5.0,11,715,Oakville,43.44849,-79.7362,False
Annunciation of Our Lord Catholic Elementary School,Hamilton-Wentworth CDSB,hamilton,Elementary,English,82.0,12.0,6.0,509.1,82%,80%,49%,72%,70%,4.0,12.0,12,635,Hamilton,43.2237,-79.896,False
Annunciation of Our Lord Catholic Elementary School,Hamilton-Wentworth CDSB,hamilton,Elementary,English,82.0,12.0,6.0,509.1,82%,80%,49%,72%,70%,4.0,12.0,12,635,Hamilton,43.2237,-79.896,False
Annunciation of Our Lord Catholic Elementary School,Hamilton-Wentworth CDSB,hamilton,Elementary,English,82.0,12.0,6.0,43.2,82%,80%,49%,72%,70%,4.0,12.0,12,635,Hamilton,43.2237,-79.896,False
Blessed Sacrament Catholic Elementary School,Hamilton-Wentworth CDSB,hamilton,Elementary,English,86.0,10.0,0.0,509.1,86%,91%,41%,80%,56%,-10.0,-28.0,10,280,Hamilton,43.22758,-79.8416,False
Blessed Sacrament Catholic Elementary School,Hamilton-Wentworth CDSB,hamilton,Elementary,English,86.0,10.0,0.0,509.1,86%,91%,41%,80%,56%,-10.0,-28.0,10,280,Hamilton,43.22758,-79.8416,False
Blessed Sacrament Catholic Elementary School,Hamilton-Wentworth CDSB,hamilton,Elementary,English,86.0,10.0,0.0,43.2,86%,91%,41%,80%,56%,-10.0,-28.0,10,280,Hamilton,43.22758,-79.8416,False
Canadian Martyrs Catholic Elementary School,Hamilton-Wentworth CDSB,hamilton,Elementary,English,75.0,20.0,10.0,509.1,75%,69%,31%,50%,30%,-20.0,-26.0,10,185,Hamilton,43.25739,-79.9208,False
Canadian Martyrs Catholic Elementary School,Hamilton-Wentworth CDSB,hamilton,Elementary,English,75.0,20.0,10.0,509.1,75%,69%,31%,50%,30%,-20.0,-26.0,10,185,Hamilton,43.25739,-79.9208,False
Canadian Martyrs Catholic Elementary School,Hamilton-Wentworth CDSB,hamilton,Elementary,English,75.0,20.0,10.0,43.2,75%,69%,31%,50%,30%,-20.0,-26.0,10,185,Hamilton,43.25739,-79.9208,False
Corpus Christi Catholic Elementary School,Hamilton-Wentworth CDSB,hamilton,Elementary,English,95.0,0.0,0.0,509.1,95%,98%,92%,91%,96%,5.0,21.0,10,400,Hamilton,43.19918,-79.8967,False
Corpus Christi Catholic Elementary School,Hamilton-Wentworth CDSB,hamilton,Elementary,English,95.0,0.0,0.0,509.1,95%,98%,92%,91%,96%,5.0,21.0,10,400,Hamilton,43.19918,-79.8967,False
Corpus Christi Catholic Elementary School,Hamilton-Wentworth CDSB,hamilton,Elementary,English,95.0,0.0,0.0,43.2,95%,98%,92%,91%,96%,5.0,21.0,10,400,Hamilton,43.19918,-79.8967,False
Guardian Angels Catholic Elementary School,Hamilton-Wentworth CDSB,hamilton,Elementary,English,73.0,5.0,0.0,509.1,73%,73%,53%,91%,80%,-21.0,-18.0,10,460,Hamilton,43.3438,-79.9143,False
Guardian Angels Catholic Elementary School,Hamilton-Wentworth CDSB,hamilton,Elementary,English,73.0,5.0,0.0,509.1,73%,73%,53%,91%,80%,-21.0,-18.0,10,460,Hamilton,43.3438,-79.9143,False
Guardian Angels Catholic Elementary School,Hamilton-Wentworth CDSB,hamilton,Elementary,English,73.0,5.0,0.0,43.2,73%,73%,53%,91%,80%,-21.0,-18.0,10,460,Hamilton,43.3438,-79.9143,False
Holy Name of Jesus Catholic Elementary School,Hamilton-Wentworth CDSB,hamilton,Elementary,English,70.0,20.0,10.0,509.1,70%,74%,36%,74%,35%,-9.0,9.0,20,420,Hamilton,43.25009,-79.8222,False
Holy Name of Jesus Catholic Elementary School,Hamilton-Wentworth CDSB,hamilton,Elementary,English,70.0,20.0,10.0,509.1,70%,74%,36%,74%,35%,-9.0,9.0,20,420,Hamilton,43.25009,-79.8222,False
Holy Name of Jesus Catholic Elementary School,Hamilton-Wentworth CDSB,hamilton,Elementary,English,70.0,20.0,10.0,43.2,70%,74%,36%,74%,35%,-9.0,9.0,20,420,Hamilton,43.25009,-79.8222,False
Holy Name of Mary Catholic Elementary School,Hamilton-Wentworth CDSB,hamilton,Elementary,English,89.0,10.0,0.0,509.1,89%,95%,68%,89%,57%,-8.0,-1.0,10,315,Ancaster,43.2203,-79.9453,False
Holy Name of Mary Catholic Elementary School,Hamilton-Wentworth CDSB,hamilton,Elementary,English,89.0,10.0,0.0,509.1,89%,95%,68%,89%,57%,-8.0,-1.0,10,315,Ancaster,43.2203,-79.9453,False
Holy Name of Mary Catholic Elementary School,Hamilton-Wentworth CDSB,hamilton,Elementary,English,89.0,10.0,0.0,43.2,89%,95%,68%,89%,57%,-8.0,-1.0,10,315,Ancaster,43.2203,-79.9453,False
Immaculate Conception Catholic Elementary School,Hamilton-Wentworth CDSB,hamilton,Elementary,English,94.0,10.0,1.0,509.1,94%,91%,75%,87%,84%,1.0,23.0,12,590,Ancaster,43.2095,-79.9541,False
Immaculate Conception Catholic Elementary School,Hamilton-Wentworth CDSB,hamilton,Elementary,English,94.0,10.0,1.0,509.1,94%,91%,75%,87%,84%,1.0,23.0,12,590,Ancaster,43.2095,-79.9541,False
Immaculate Conception Catholic Elementary School,Hamilton-Wentworth CDSB,hamilton,Elementary,English,94.0,10.0,1.0,43.2,94%,91%,75%,87%,84%,1.0,23.0,12,590,Ancaster,43.2095,-79.9541,False
Immaculate Heart of Mary Catholic Elementary School,Hamilton-Wentworth CDSB,hamilton,Elementary,English,89.0,0.0,5.0,509.1,89%,82%,47%,92%,89%,-4.0,-20.0,10,335,Stoney Creek,43.2086,-79.6822,False
Immaculate Heart of Mary Catholic Elementary School,Hamilton-Wentworth CDSB,hamilton,Elementary,English,89.0,0.0,5.0,509.1,89%,82%,47%,92%,89%,-4.0,-20.0,10,335,Stoney Creek,43.2086,-79.6822,False
Immaculate Heart of Mary Catholic Elementary School,Hamilton-Wentworth CDSB,hamilton,Elementary,English,89.0,0.0,5.0,43.2,89%,82%,47%,92%,89%,-4.0,-20.0,10,335,Stoney Creek,43.2086,-79.6822,False
Our Lady of Hope Catholic Elementary School,Hamilton-Wentworth CDSB,hamilton,Elementary,English,84.0,4.0,0.0,509.1,84%,86%,63%,78%,72%,-10.0,12.0,8,510,Binbrook,43.13029,-79.82635,False
Our Lady of Hope Catholic Elementary School,Hamilton-Wentworth CDSB,hamilton,Elementary,English,84.0,4.0,0.0,509.1,84%,86%,63%,78%,72%,-10.0,12.0,8,510,Binbrook,43.13029,-79.82635,False
Our Lady of Hope Catholic Elementary School,Hamilton-Wentworth CDSB,hamilton,Elementary,English,84.0,4.0,0.0,43.2,84%,86%,63%,78%,72%,-10.0,12.0,8,510,Binbrook,43.13029,-79.82635,False
Our Lady of Lourdes Catholic Elementary School,Hamilton-Wentworth CDSB,hamilton,Elementary,English,97.0,10.0,10.0,509.1,97%,91%,62%,74%,70%,9.0,31.0,10,335,Hamilton,43.22246,-79.8578,False
Our Lady of Lourdes Catholic Elementary School,Hamilton-Wentworth CDSB,hamilton,Elementary,English,97.0,10.0,10.0,509.1,97%,91%,62%,74%,70%,9.0,31.0,10,335,Hamilton,43.22246,-79.8578,False
Our Lady of Lourdes Catholic Elementary School,Hamilton-Wentworth CDSB,hamilton,Elementary,English,97.0,10.0,10.0,43.2,97%,91%,62%,74%,70%,9.0,31.0,10,335,Hamilton,43.22246,-79.8578,False
Our Lady of Mount Carmel Catholic Elementary School,Hamilton-Wentworth CDSB,hamilton,Elementary,English,90.0,0.0,0.0,509.1,90%,79%,45%,95%,86%,-10.0,-34.0,10,260,Carlisle,43.404,-79.9945,False
Our Lady of Mount Carmel Catholic Elementary School,Hamilton-Wentworth CDSB,hamilton,Elementary,English,90.0,0.0,0.0,509.1,90%,79%,45%,95%,86%,-10.0,-34.0,10,260,Carlisle,43.404,-79.9945,False
Our Lady of Mount Carmel Catholic Elementary School,Hamilton-Wentworth CDSB,hamilton,Elementary,English,90.0,0.0,0.0,43.2,90%,79%,45%,95%,86%,-10.0,-34.0,10,260,Carlisle,43.404,-79.9945,False
Our Lady of Peace Catholic Elementary School,Hamilton-Wentworth CDSB,hamilton,Elementary,English,88.0,5.0,0.0,509.1,88%,79%,27%,84%,69%,-12.0,-40.0,10,330,Stoney Creek,43.22121,-79.71,False
Our Lady of Peace Catholic Elementary School,Hamilton-Wentworth CDSB,hamilton,Elementary,English,88.0,5.0,0.0,509.1,88%,79%,27%,84%,69%,-12.0,-40.0,10,330,Stoney Creek,43.22121,-79.71,False
Our Lady of Peace Catholic Elementary School,Hamilton-Wentworth CDSB,hamilton,Elementary,English,88.0,5.0,0.0,43.2,88%,79%,27%,84%,69%,-12.0,-40.0,10,330,Stoney Creek,43.22121,-79.71,False
Our Lady of the Assumption Catholic Elementary School,Hamilton-Wentworth CDSB,hamilton,Elementary,English,91.0,7.0,4.0,509.1,91%,92%,68%,83%,82%,3.0,1.0,7,765,Hannon,43.1736,-79.7703,False
Our Lady of the Assumption Catholic Elementary School,Hamilton-Wentworth CDSB,hamilton,Elementary,English,91.0,7.0,4.0,509.1,91%,92%,68%,83%,82%,3.0,1.0,7,765,Hannon,43.1736,-79.7703,False
Our Lady of the Assumption Catholic Elementary School,Hamilton-Wentworth CDSB,hamilton,Elementary,English,91.0,7.0,4.0,43.2,91%,92%,68%,83%,82%,3.0,1.0,7,765,Hannon,43.1736,-79.7703,False
Regina Mundi Catholic Elementary School,Hamilton-Wentworth CDSB,hamilton,Elementary,English,86.0,10.0,5.0,509.1,86%,73%,43%,85%,89%,-8.0,-13.0,10,280,Hamilton,43.23295,-79.9131,False
Regina Mundi Catholic Elementary School,Hamilton-Wentworth CDSB,hamilton,Elementary,English,86.0,10.0,5.0,509.1,86%,73%,43%,85%,89%,-8.0,-13.0,10,280,Hamilton,43.23295,-79.9131,False
Regina Mundi Catholic Elementary School,Hamilton-Wentworth CDSB,hamilton,Elementary,English,86.0,10.0,5.0,43.2,86%,73%,43%,85%,89%,-8.0,-13.0,10,280,Hamilton,43.23295,-79.9131,False
Sacred Heart of Jesus Catholic Elementary School,Hamilton-Wentworth CDSB,hamilton,Elementary,English,84.0,10.0,5.0,509.1,84%,74%,37%,95%,89%,13.0,-11.0,10,225,Hamilton,43.24113,-79.8495,False
Sacred Heart of Jesus Catholic Elementary School,Hamilton-Wentworth CDSB,hamilton,Elementary,English,84.0,10.0,5.0,509.1,84%,74%,37%,95%,89%,13.0,-11.0,10,225,Hamilton,43.24113,-79.8495,False
Sacred Heart of Jesus Catholic Elementary School,Hamilton-Wentworth CDSB,hamilton,Elementary,English,84.0,10.0,5.0,43.2,84%,74%,37%,95%,89%,13.0,-11.0,10,225,Hamilton,43.24113,-79.8495,False
St. Agnes Catholic Elementary School,Hamilton-Wentworth CDSB,hamilton,Elementary,English,70.0,10.0,10.0,509.1,70%,67%,33%,67%,72%,-14.0,14.0,15,335,Hamilton,43.22982,-79.7459,False
St. Agnes Catholic Elementary School,Hamilton-Wentworth CDSB,hamilton,Elementary,English,70.0,10.0,10.0,509.1,70%,67%,33%,67%,72%,-14.0,14.0,15,335,Hamilton,43.22982,-79.7459,False
St. Agnes Catholic Elementary School,Hamilton-Wentworth CDSB,hamilton,Elementary,English,70.0,10.0,10.0,43.2,70%,67%,33%,67%,72%,-14.0,14.0,15,335,Hamilton,43.22982,-79.7459,False
St. Ann (Ancaster) Catholic Elementary School,Hamilton-Wentworth CDSB,hamilton,Elementary,English,100.0,0.0,0.0,509.1,100%,88%,56%,85%,93%,17.0,-17.0,10,235,Ancaster,43.21853,-79.9882,False
St. Ann (Ancaster) Catholic Elementary School,Hamilton-Wentworth CDSB,hamilton,Elementary,English,100.0,0.0,0.0,509.1,100%,88%,56%,85%,93%,17.0,-17.0,10,235,Ancaster,43.21853,-79.9882,False
St. Ann (Ancaster) Catholic Elementary School,Hamilton-Wentworth CDSB,hamilton,Elementary,English,100.0,0.0,0.0,43.2,100%,88%,56%,85%,93%,17.0,-17.0,10,235,Ancaster,43.21853,-79.9882,False
St. Ann (Hamilton) Catholic Elementary School,Hamilton-Wentworth CDSB,hamilton,Elementary,English,90.0,20.0,20.0,509.1,90%,80%,30%,59%,50%,40.0,6.0,25,345,Hamilton,43.25534,-79.8358,False
St. Ann (Hamilton) Catholic Elementary School,Hamilton-Wentworth CDSB,hamilton,Elementary,English,90.0,20.0,20.0,509.1,90%,80%,30%,59%,50%,40.0,6.0,25,345,Hamilton,43.25534,-79.8358,False
St. Ann (Hamilton) Catholic Elementary School,Hamilton-Wentworth CDSB,hamilton,Elementary,English,90.0,20.0,20.0,43.2,90%,80%,30%,59%,50%,40.0,6.0,25,345,Hamilton,43.25534,-79.8358,False
St. Augustine Catholic Elementary School,Hamilton-Wentworth CDSB,hamilton,Elementary,English,100.0,10.0,0.0,509.1,100%,92%,67%,100%,63%,7.0,19.0,15,230,Dundas,43.27093,-79.9557,False
St. Augustine Catholic Elementary School,Hamilton-Wentworth CDSB,hamilton,Elementary,English,100.0,10.0,0.0,509.1,100%,92%,67%,100%,63%,7.0,19.0,15,230,Dundas,43.27093,-79.9557,False
St. Augustine Catholic Elementary School,Hamilton-Wentworth CDSB,hamilton,Elementary,English,100.0,10.0,0.0,43.2,100%,92%,67%,100%,63%,7.0,19.0,15,230,Dundas,43.27093,-79.9557,False
St. Bernadette Catholic Elementary School,Hamilton-Wentworth CDSB,hamilton,Elementary,English,92.0,5.0,0.0,509.1,92%,96%,67%,96%,86%,-4.0,0.0,10,280,Dundas,43.2589,-79.9728,False
St. Bernadette Catholic Elementary School,Hamilton-Wentworth CDSB,hamilton,Elementary,English,92.0,5.0,0.0,509.1,92%,96%,67%,96%,86%,-4.0,0.0,10,280,Dundas,43.2589,-79.9728,False
St. Bernadette Catholic Elementary School,Hamilton-Wentworth CDSB,hamilton,Elementary,English,92.0,5.0,0.0,43.2,92%,96%,67%,96%,86%,-4.0,0.0,10,280,Dundas,43.2589,-79.9728,False
St. Clare of Assisi Catholic Elementary School,Hamilton-Wentworth CDSB,hamilton,Elementary,English,85.0,5.0,0.0,509.1,85%,79%,67%,88%,79%,7.0,0.0,10,305,Stoney Creek,43.21443,-79.7153,False
St. Clare of Assisi Catholic Elementary School,Hamilton-Wentworth CDSB,hamilton,Elementary,English,85.0,5.0,0.0,509.1,85%,79%,67%,88%,79%,7.0,0.0,10,305,Stoney Creek,43.21443,-79.7153,False
St. Clare of Assisi Catholic Elementary School,Hamilton-Wentworth CDSB,hamilton,Elementary,English,85.0,5.0,0.0,43.2,85%,79%,67%,88%,79%,7.0,0.0,10,305,Stoney Creek,43.21443,-79.7153,False
St. David Catholic Elementary School,Hamilton-Wentworth CDSB,hamilton,Elementary,English,82.0,15.0,10.0,509.1,82%,74%,34%,73%,52%,-7.0,-15.0,15,475,Hamilton,43.22496,-79.7681,False
St. David Catholic Elementary School,Hamilton-Wentworth CDSB,hamilton,Elementary,English,82.0,15.0,10.0,509.1,82%,74%,34%,73%,52%,-7.0,-15.0,15,475,Hamilton,43.22496,-79.7681,False
St. David Catholic Elementary School,Hamilton-Wentworth CDSB,hamilton,Elementary,English,82.0,15.0,10.0,43.2,82%,74%,34%,73%,52%,-7.0,-15.0,15,475,Hamilton,43.22496,-79.7681,False
St. Eugene Catholic Elementary School,Hamilton-Wentworth CDSB,hamilton,Elementary,English,76.0,11.0,7.0,509.1,76%,87%,56%,63%,57%,-11.0,22.0,12,605,Hamilton,43.23369,-79.7938,False
St. Eugene Catholic Elementary School,Hamilton-Wentworth CDSB,hamilton,Elementary,English,76.0,11.0,7.0,509.1,76%,87%,56%,63%,57%,-11.0,22.0,12,605,Hamilton,43.23369,-79.7938,False
St. Eugene Catholic Elementary School,Hamilton-Wentworth CDSB,hamilton,Elementary,English,76.0,11.0,7.0,43.2,76%,87%,56%,63%,57%,-11.0,22.0,12,605,Hamilton,43.23369,-79.7938,False
St. Francis Xavier Catholic Elementary School,Hamilton-Wentworth CDSB,hamilton,Elementary,English,88.0,10.0,5.0,509.1,88%,86%,48%,74%,74%,-6.0,3.0,20,415,Stoney Creek,43.22,-79.7323,False
St. Francis Xavier Catholic Elementary School,Hamilton-Wentworth CDSB,hamilton,Elementary,English,88.0,10.0,5.0,509.1,88%,86%,48%,74%,74%,-6.0,3.0,20,415,Stoney Creek,43.22,-79.7323,False
St. Francis Xavier Catholic Elementary School,Hamilton-Wentworth CDSB,hamilton,Elementary,English,88.0,10.0,5.0,43.2,88%,86%,48%,74%,74%,-6.0,3.0,20,415,Stoney Creek,43.22,-79.7323,False
St. Gabriel Catholic Elementary School,Hamilton-Wentworth CDSB,hamilton,Elementary,English,87.0,5.0,1.0,509.1,87%,93%,59%,90%,80%,-2.0,-9.0,11,530,Stoney Creek,43.21128,-79.6431,False
St. Gabriel Catholic Elementary School,Hamilton-Wentworth CDSB,hamilton,Elementary,English,87.0,5.0,1.0,509.1,87%,93%,59%,90%,80%,-2.0,-9.0,11,530,Stoney Creek,43.21128,-79.6431,False
St. Gabriel Catholic Elementary School,Hamilton-Wentworth CDSB,hamilton,Elementary,English,87.0,5.0,1.0,43.2,87%,93%,59%,90%,80%,-2.0,-9.0,11,530,Stoney Creek,43.21128,-79.6431,False
St. James the Apostle Catholic Elementary School,Hamilton-Wentworth CDSB,hamilton,Elementary,English,84.0,5.0,0.0,509.1,84%,89%,50%,89%,84%,13.0,33.0,10,450,Stoney Creek,43.19166,-79.7839,False
St. James the Apostle Catholic Elementary School,Hamilton-Wentworth CDSB,hamilton,Elementary,English,84.0,5.0,0.0,509.1,84%,89%,50%,89%,84%,13.0,33.0,10,450,Stoney Creek,43.19166,-79.7839,False
St. James the Apostle Catholic Elementary School,Hamilton-Wentworth CDSB,hamilton,Elementary,English,84.0,5.0,0.0,43.2,84%,89%,50%,89%,84%,13.0,33.0,10,450,Stoney Creek,43.19166,-79.7839,False
St. Joachim Catholic Elementary School,Hamilton-Wentworth CDSB,hamilton,Elementary,English,92.0,0.0,0.0,509.1,92%,92%,67%,74%,82%,-2.0,0.0,15,450,Ancaster,43.2087,-79.9889,False
St. Joachim Catholic Elementary School,Hamilton-Wentworth CDSB,hamilton,Elementary,English,92.0,0.0,0.0,509.1,92%,92%,67%,74%,82%,-2.0,0.0,15,450,Ancaster,43.2087,-79.9889,False
St. Joachim Catholic Elementary School,Hamilton-Wentworth CDSB,hamilton,Elementary,English,92.0,0.0,0.0,43.2,92%,92%,67%,74%,82%,-2.0,0.0,15,450,Ancaster,43.2087,-79.9889,False
St. John Paul II Catholic Elementary School,Hamilton-Wentworth CDSB,hamilton,Elementary,English,100.0,10.0,10.0,509.1,100%,96%,74%,82%,79%,8.0,17.0,15,365,Hamilton,43.2027,-79.8685,False
St. John Paul II Catholic Elementary School,Hamilton-Wentworth CDSB,hamilton,Elementary,English,100.0,10.0,10.0,509.1,100%,96%,74%,82%,79%,8.0,17.0,15,365,Hamilton,43.2027,-79.8685,False
St. John Paul II Catholic Elementary School,Hamilton-Wentworth CDSB,hamilton,Elementary,English,100.0,10.0,10.0,43.2,100%,96%,74%,82%,79%,8.0,17.0,15,365,Hamilton,43.2027,-79.8685,False
St. John the Baptist Catholic Elementary School,Hamilton-Wentworth CDSB,hamilton,Elementary,English,78.0,10.0,0.0,509.1,78%,67%,41%,70%,68%,-8.0,10.0,20,375,Hamilton,43.23873,-79.8198,False
St. John the Baptist Catholic Elementary School,Hamilton-Wentworth CDSB,hamilton,Elementary,English,78.0,10.0,0.0,509.1,78%,67%,41%,70%,68%,-8.0,10.0,20,375,Hamilton,43.23873,-79.8198,False
St. John the Baptist Catholic Elementary School,Hamilton-Wentworth CDSB,hamilton,Elementary,English,78.0,10.0,0.0,43.2,78%,67%,41%,70%,68%,-8.0,10.0,20,375,Hamilton,43.23873,-79.8198,False
St. Joseph Catholic Elementary School,Hamilton-Wentworth CDSB,hamilton,Elementary,English,86.0,15.0,5.0,509.1,86%,77%,49%,80%,78%,3.0,-6.0,10,415,Hamilton,43.25231,-79.8873,False
St. Joseph Catholic Elementary School,Hamilton-Wentworth CDSB,hamilton,Elementary,English,86.0,15.0,5.0,509.1,86%,77%,49%,80%,78%,3.0,-6.0,10,415,Hamilton,43.25231,-79.8873,False
St. Joseph Catholic Elementary School,Hamilton-Wentworth CDSB,hamilton,Elementary,English,86.0,15.0,5.0,43.2,86%,77%,49%,80%,78%,3.0,-6.0,10,415,Hamilton,43.25231,-79.8873,False
St. Kateri Tekakwitha Catholic Elementary School,Hamilton-Wentworth CDSB,hamilton,Elementary,English,77.0,10.0,10.0,509.1,77%,71%,32%,75%,48%,-6.0,10.0,20,290,Hamilton,43.20157,-79.8409,False
St. Kateri Tekakwitha Catholic Elementary School,Hamilton-Wentworth CDSB,hamilton,Elementary,English,77.0,10.0,10.0,509.1,77%,71%,32%,75%,48%,-6.0,10.0,20,290,Hamilton,43.20157,-79.8409,False
St. Kateri Tekakwitha Catholic Elementary School,Hamilton-Wentworth CDSB,hamilton,Elementary,English,77.0,10.0,10.0,43.2,77%,71%,32%,75%,48%,-6.0,10.0,20,290,Hamilton,43.20157,-79.8409,False
St. Lawrence Catholic Elementary School,Hamilton-Wentworth CDSB,hamilton,Elementary,English,77.0,15.0,15.0,509.1,77%,65%,56%,70%,50%,9.0,34.0,15,295,Hamilton,43.26953,-79.8594,False
St. Lawrence Catholic Elementary School,Hamilton-Wentworth CDSB,hamilton,Elementary,English,77.0,15.0,15.0,509.1,77%,65%,56%,70%,50%,9.0,34.0,15,295,Hamilton,43.26953,-79.8594,False
St. Lawrence Catholic Elementary School,Hamilton-Wentworth CDSB,hamilton,Elementary,English,77.0,15.0,15.0,43.2,77%,65%,56%,70%,50%,9.0,34.0,15,295,Hamilton,43.26953,-79.8594,False
St. Luke Catholic Elementary School,Hamilton-Wentworth CDSB,hamilton,Elementary,English,73.0,15.0,5.0,509.1,73%,79%,30%,79%,65%,-20.0,4.0,15,380,Hamilton,43.21844,-79.7954,False
St. Luke Catholic Elementary School,Hamilton-Wentworth CDSB,hamilton,Elementary,English,73.0,15.0,5.0,509.1,73%,79%,30%,79%,65%,-20.0,4.0,15,380,Hamilton,43.21844,-79.7954,False
St. Luke Catholic Elementary School,Hamilton-Wentworth CDSB,hamilton,Elementary,English,73.0,15.0,5.0,43.2,73%,79%,30%,79%,65%,-20.0,4.0,15,380,Hamilton,43.21844,-79.7954,False
St. Margaret Mary Catholic Elementary School,Hamilton-Wentworth CDSB,hamilton,Elementary,English,80.0,10.0,10.0,509.1,80%,73%,41%,62%,59%,7.0,5.0,20,415,Hamilton,43.2236,-79.8287,False
St. Margaret Mary Catholic Elementary School,Hamilton-Wentworth CDSB,hamilton,Elementary,English,80.0,10.0,10.0,509.1,80%,73%,41%,62%,59%,7.0,5.0,20,415,Hamilton,43.2236,-79.8287,False
St. Margaret Mary Catholic Elementary School,Hamilton-Wentworth CDSB,hamilton,Elementary,English,80.0,10.0,10.0,43.2,80%,73%,41%,62%,59%,7.0,5.0,20,415,Hamilton,43.2236,-79.8287,False
St. Marguerite d'Youville Catholic Elementary School,Hamilton-Wentworth CDSB,hamilton,Elementary,English,80.0,15.0,5.0,509.1,80%,80%,32%,87%,71%,0.0,-7.0,15,495,Hamilton,43.2042,-79.8786,False
St. Marguerite d'Youville Catholic Elementary School,Hamilton-Wentworth CDSB,hamilton,Elementary,English,80.0,15.0,5.0,509.1,80%,80%,32%,87%,71%,0.0,-7.0,15,495,Hamilton,43.2042,-79.8786,False
St. Marguerite d'Youville Catholic Elementary School,Hamilton-Wentworth CDSB,hamilton,Elementary,English,80.0,15.0,5.0,43.2,80%,80%,32%,87%,71%,0.0,-7.0,15,495,Hamilton,43.2042,-79.8786,False
St. Mark Catholic Elementary School,Hamilton-Wentworth CDSB,hamilton,Elementary,English,88.0,6.0,5.0,509.1,88%,84%,57%,77%,72%,0.0,5.0,8,550,Stoney Creek,43.1782,-79.7861,False
St. Mark Catholic Elementary School,Hamilton-Wentworth CDSB,hamilton,Elementary,English,88.0,6.0,5.0,509.1,88%,84%,57%,77%,72%,0.0,5.0,8,550,Stoney Creek,43.1782,-79.7861,False
St. Mark Catholic Elementary School,Hamilton-Wentworth CDSB,hamilton,Elementary,English,88.0,6.0,5.0,43.2,88%,84%,57%,77%,72%,0.0,5.0,8,550,Stoney Creek,43.1782,-79.7861,False
St. Martin of Tours Catholic Elementary School,Hamilton-Wentworth CDSB,hamilton,Elementary,English,86.0,5.0,5.0,509.1,86%,86%,41%,82%,70%,0.0,-16.0,10,280,Stoney Creek,43.21608,-79.7464,False
St. Martin of Tours Catholic Elementary School,Hamilton-Wentworth CDSB,hamilton,Elementary,English,86.0,5.0,5.0,509.1,86%,86%,41%,82%,70%,0.0,-16.0,10,280,Stoney Creek,43.21608,-79.7464,False
St. Martin of Tours Catholic Elementary School,Hamilton-Wentworth CDSB,hamilton,Elementary,English,86.0,5.0,5.0,43.2,86%,86%,41%,82%,70%,0.0,-16.0,10,280,Stoney Creek,43.21608,-79.7464,False
St. Matthew Catholic Elementary School,Hamilton-Wentworth CDSB,hamilton,Elementary,English,66.0,3.0,1.0,509.1,66%,77%,38%,88%,64%,-5.0,5.0,10,615,Binbrook,43.11723,-79.8141,False
St. Matthew Catholic Elementary School,Hamilton-Wentworth CDSB,hamilton,Elementary,English,66.0,3.0,1.0,509.1,66%,77%,38%,88%,64%,-5.0,5.0,10,615,Binbrook,43.11723,-79.8141,False
St. Matthew Catholic Elementary School,Hamilton-Wentworth CDSB,hamilton,Elementary,English,66.0,3.0,1.0,43.2,66%,77%,38%,88%,64%,-5.0,5.0,10,615,Binbrook,43.11723,-79.8141,False
St. Michael Catholic Elementary School,Hamilton-Wentworth CDSB,hamilton,Elementary,English,86.0,15.0,10.0,509.1,86%,86%,52%,70%,66%,-2.0,3.0,20,440,Hamilton,43.22433,-79.8748,False
St. Michael Catholic Elementary School,Hamilton-Wentworth CDSB,hamilton,Elementary,English,86.0,15.0,10.0,509.1,86%,86%,52%,70%,66%,-2.0,3.0,20,440,Hamilton,43.22433,-79.8748,False
St. Michael Catholic Elementary School,Hamilton-Wentworth CDSB,hamilton,Elementary,English,86.0,15.0,10.0,43.2,86%,86%,52%,70%,66%,-2.0,3.0,20,440,Hamilton,43.22433,-79.8748,False
St. Patrick Catholic Elementary School,Hamilton-Wentworth CDSB,hamilton,Elementary,English,57.0,25.0,15.0,509.1,57%,54%,22%,64%,59%,-2.0,7.0,15,355,Hamilton,43.25251,-79.8559,True
St. Patrick Catholic Elementary School,Hamilton-Wentworth CDSB,hamilton,Elementary,English,57.0,25.0,15.0,509.1,57%,54%,22%,64%,59%,-2.0,7.0,15,355,Hamilton,43.25251,-79.8559,True
St. Patrick Catholic Elementary School,Hamilton-Wentworth CDSB,hamilton,Elementary,English,57.0,25.0,15.0,43.2,57%,54%,22%,64%,59%,-2.0,7.0,15,355,Hamilton,43.25251,-79.8559,True
St. Paul Catholic Elementary School,Hamilton-Wentworth CDSB,hamilton,Elementary,English,61.0,5.0,10.0,509.1,61%,78%,39%,92%,70%,-23.0,-3.0,10,445,Stoney Creek,43.1996,-79.7966,False
St. Paul Catholic Elementary School,Hamilton-Wentworth CDSB,hamilton,Elementary,English,61.0,5.0,10.0,509.1,61%,78%,39%,92%,70%,-23.0,-3.0,10,445,Stoney Creek,43.1996,-79.7966,False
St. Paul Catholic Elementary School,Hamilton-Wentworth CDSB,hamilton,Elementary,English,61.0,5.0,10.0,43.2,61%,78%,39%,92%,70%,-23.0,-3.0,10,445,Stoney Creek,43.1996,-79.7966,False
St. Teresa of Avila Catholic Elementary School,Hamilton-Wentworth CDSB,hamilton,Elementary,English,68.0,5.0,0.0,509.1,68%,82%,18%,64%,68%,-20.0,-47.0,15,220,Hamilton,43.23784,-79.9261,False
St. Teresa of Avila Catholic Elementary School,Hamilton-Wentworth CDSB,hamilton,Elementary,English,68.0,5.0,0.0,509.1,68%,82%,18%,64%,68%,-20.0,-47.0,15,220,Hamilton,43.23784,-79.9261,False
St. Teresa of Avila Catholic Elementary School,Hamilton-Wentworth CDSB,hamilton,Elementary,English,68.0,5.0,0.0,43.2,68%,82%,18%,64%,68%,-20.0,-47.0,15,220,Hamilton,43.23784,-79.9261,False
St. Teresa of Calcutta Catholic Elementary School,Hamilton-Wentworth CDSB,hamilton,Elementary,English,79.0,5.0,5.0,509.1,79%,82%,67%,72%,66%,8.0,15.0,15,290,Hamilton,43.20753,-79.8559,False
St. Teresa of Calcutta Catholic Elementary School,Hamilton-Wentworth CDSB,hamilton,Elementary,English,79.0,5.0,5.0,509.1,79%,82%,67%,72%,66%,8.0,15.0,15,290,Hamilton,43.20753,-79.8559,False
St. Teresa of Calcutta Catholic Elementary School,Hamilton-Wentworth CDSB,hamilton,Elementary,English,79.0,5.0,5.0,43.2,79%,82%,67%,72%,66%,8.0,15.0,15,290,Hamilton,43.20753,-79.8559,False
St. Thomas Catholic Elementary School,Hamilton-Wentworth CDSB,hamilton,Elementary,English,80.0,4.0,1.0,509.1,80%,78%,67%,78%,83%,-15.0,11.0,7,640,Waterdown,43.33078,-79.8937,False
St. Thomas Catholic Elementary School,Hamilton-Wentworth CDSB,hamilton,Elementary,English,80.0,4.0,1.0,509.1,80%,78%,67%,78%,83%,-15.0,11.0,7,640,Waterdown,43.33078,-79.8937,False
St. Thomas Catholic Elementary School,Hamilton-Wentworth CDSB,hamilton,Elementary,English,80.0,4.0,1.0,43.2,80%,78%,67%,78%,83%,-15.0,11.0,7,640,Waterdown,43.33078,-79.8937,False
St. Thérèse of Lisieux Catholic Elementary School,Hamilton-Wentworth CDSB,hamilton,Elementary,English,91.0,4.0,3.0,509.1,91%,91%,66%,75%,58%,0.0,20.0,12,625,Hamilton,43.2059,-79.916,False
St. Thérèse of Lisieux Catholic Elementary School,Hamilton-Wentworth CDSB,hamilton,Elementary,English,91.0,4.0,3.0,509.1,91%,91%,66%,75%,58%,0.0,20.0,12,625,Hamilton,43.2059,-79.916,False
St. Thérèse of Lisieux Catholic Elementary School,Hamilton-Wentworth CDSB,hamilton,Elementary,English,91.0,4.0,3.0,43.2,91%,91%,66%,75%,58%,0.0,20.0,12,625,Hamilton,43.2059,-79.916,False
St. Vincent de Paul Catholic Elementary School,Hamilton-Wentworth CDSB,hamilton,Elementary,English,83.0,5.0,5.0,509.1,83%,72%,39%,86%,74%,-2.0,-17.0,10,335,Hamilton,43.2226,-79.9225,False
St. Vincent de Paul Catholic Elementary School,Hamilton-Wentworth CDSB,hamilton,Elementary,English,83.0,5.0,5.0,509.1,83%,72%,39%,86%,74%,-2.0,-17.0,10,335,Hamilton,43.2226,-79.9225,False
St. Vincent de Paul Catholic Elementary School,Hamilton-Wentworth CDSB,hamilton,Elementary,English,83.0,5.0,5.0,43.2,83%,72%,39%,86%,74%,-2.0,-17.0,10,335,Hamilton,43.2226,-79.9225,False
Sts. Peter and Paul Catholic Elementary School,Hamilton-Wentworth CDSB,hamilton,Elementary,English,79.0,12.0,7.0,509.1,79%,75%,52%,73%,75%,16.0,27.0,9,545,Hamilton,43.23739,-79.875,False
Sts. Peter and Paul Catholic Elementary School,Hamilton-Wentworth CDSB,hamilton,Elementary,English,79.0,12.0,7.0,509.1,79%,75%,52%,73%,75%,16.0,27.0,9,545,Hamilton,43.23739,-79.875,False
Sts. Peter and Paul Catholic Elementary School,Hamilton-Wentworth CDSB,hamilton,Elementary,English,79.0,12.0,7.0,43.2,79%,75%,52%,73%,75%,16.0,27.0,9,545,Hamilton,43.23739,-79.875,False
Adelaide Hoodless Public School,Hamilton-Wentworth DSB,hamilton,Elementary,English,80.0,20.0,10.0,509.1,80%,66%,63%,72%,65%,-6.0,-5.0,11,555,Hamilton,43.24548,-79.8373,False
Adelaide Hoodless Public School,Hamilton-Wentworth DSB,hamilton,Elementary,English,80.0,20.0,10.0,509.1,80%,66%,63%,72%,65%,-6.0,-5.0,11,555,Hamilton,43.24548,-79.8373,False
Adelaide Hoodless Public School,Hamilton-Wentworth DSB,hamilton,Elementary,English,80.0,20.0,10.0,43.2,80%,66%,63%,72%,65%,-6.0,-5.0,11,555,Hamilton,43.24548,-79.8373,False
Allan A Greenleaf,Hamilton-Wentworth DSB,hamilton,Elementary,English,95.0,3.0,3.0,509.1,95%,92%,62%,89%,76%,4.0,-2.0,9,595,Waterdown,43.33406,-79.9098,False
Allan A Greenleaf,Hamilton-Wentworth DSB,hamilton,Elementary,English,95.0,3.0,3.0,509.1,95%,92%,62%,89%,76%,4.0,-2.0,9,595,Waterdown,43.33406,-79.9098,False
Allan A Greenleaf,Hamilton-Wentworth DSB,hamilton,Elementary,English,95.0,3.0,3.0,43.2,95%,92%,62%,89%,76%,4.0,-2.0,9,595,Waterdown,43.33406,-79.9098,False
Ancaster Meadow Elementary Public School,Hamilton-Wentworth DSB,hamilton,Elementary,English,89.0,9.0,2.0,509.1,89%,88%,63%,71%,52%,-3.0,12.0,10,590,Ancaster,43.22177,-79.9534,False
Ancaster Meadow Elementary Public School,Hamilton-Wentworth DSB,hamilton,Elementary,English,89.0,9.0,2.0,509.1,89%,88%,63%,71%,52%,-3.0,12.0,10,590,Ancaster,43.22177,-79.9534,False
Ancaster Meadow Elementary Public School,Hamilton-Wentworth DSB,hamilton,Elementary,English,89.0,9.0,2.0,43.2,89%,88%,63%,71%,52%,-3.0,12.0,10,590,Ancaster,43.22177,-79.9534,False
Balaclava Public School,Hamilton-Wentworth DSB,hamilton,Elementary,English,76.0,5.0,0.0,509.1,76%,59%,27%,79%,69%,-9.0,-17.0,10,320,Freelton,43.4047,-79.9962,False
Balaclava Public School,Hamilton-Wentworth DSB,hamilton,Elementary,English,76.0,5.0,0.0,509.1,76%,59%,27%,79%,69%,-9.0,-17.0,10,320,Freelton,43.4047,-79.9962,False
Balaclava Public School,Hamilton-Wentworth DSB,hamilton,Elementary,English,76.0,5.0,0.0,43.2,76%,59%,27%,79%,69%,-9.0,-17.0,10,320,Freelton,43.4047,-79.9962,False
Bellmoore Public School,Hamilton-Wentworth DSB,hamilton,Elementary,English,79.0,4.0,0.0,509.1,79%,78%,32%,71%,44%,-6.0,-5.0,10,995,Binbrook,43.12583,-79.8116,False
Bellmoore Public School,Hamilton-Wentworth DSB,hamilton,Elementary,English,79.0,4.0,0.0,509.1,79%,78%,32%,71%,44%,-6.0,-5.0,10,995,Binbrook,43.12583,-79.8116,False
Bellmoore Public School,Hamilton-Wentworth DSB,hamilton,Elementary,English,79.0,4.0,0.0,43.2,79%,78%,32%,71%,44%,-6.0,-5.0,10,995,Binbrook,43.12583,-79.8116,False
Bennetto Elementary School,Hamilton-Wentworth DSB,hamilton,Elementary,English,56.0,19.0,12.0,509.1,56%,61%,27%,49%,43%,-7.0,-4.0,8,540,Hamilton,43.26784,-79.862,True
Bennetto Elementary School,Hamilton-Wentworth DSB,hamilton,Elementary,English,56.0,19.0,12.0,509.1,56%,61%,27%,49%,43%,-7.0,-4.0,8,540,Hamilton,43.26784,-79.862,True
Bennetto Elementary School,Hamilton-Wentworth DSB,hamilton,Elementary,English,56.0,19.0,12.0,43.2,56%,61%,27%,49%,43%,-7.0,-4.0,8,540,Hamilton,43.26784,-79.862,True
Billy Green Elementary School,Hamilton-Wentworth DSB,hamilton,Elementary,English,84.0,5.0,10.0,509.1,84%,70%,41%,66%,55%,15.0,3.0,20,390,Stoney Creek,43.20136,-79.7953,False
Billy Green Elementary School,Hamilton-Wentworth DSB,hamilton,Elementary,English,84.0,5.0,10.0,509.1,84%,70%,41%,66%,55%,15.0,3.0,20,390,Stoney Creek,43.20136,-79.7953,False
Billy Green Elementary School,Hamilton-Wentworth DSB,hamilton,Elementary,English,84.0,5.0,10.0,43.2,84%,70%,41%,66%,55%,15.0,3.0,20,390,Stoney Creek,43.20136,-79.7953,False
Buchanan Park School,Hamilton-Wentworth DSB,hamilton,Elementary,English,81.0,10.0,5.0,509.1,81%,62%,44%,36%,36%,28.0,38.0,15,180,Hamilton,43.23514,-79.8886,False
Buchanan Park School,Hamilton-Wentworth DSB,hamilton,Elementary,English,81.0,10.0,5.0,509.1,81%,62%,44%,36%,36%,28.0,38.0,15,180,Hamilton,43.23514,-79.8886,False
Buchanan Park School,Hamilton-Wentworth DSB,hamilton,Elementary,English,81.0,10.0,5.0,43.2,81%,62%,44%,36%,36%,28.0,38.0,15,180,Hamilton,43.23514,-79.8886,False
Cathy Wever Elementary Public School,Hamilton-Wentworth DSB,hamilton,Elementary,English,42.0,31.0,35.0,509.1,42%,55%,6%,46%,16%,-16.0,3.0,15,550,Hamilton,43.25708,-79.8464,True
Cathy Wever Elementary Public School,Hamilton-Wentworth DSB,hamilton,Elementary,English,42.0,31.0,35.0,509.1,42%,55%,6%,46%,16%,-16.0,3.0,15,550,Hamilton,43.25708,-79.8464,True
Cathy Wever Elementary Public School,Hamilton-Wentworth DSB,hamilton,Elementary,English,42.0,31.0,35.0,43.2,42%,55%,6%,46%,16%,-16.0,3.0,15,550,Hamilton,43.25708,-79.8464,True
Cecil B Stirling School,Hamilton-Wentworth DSB,hamilton,Elementary,English,85.0,10.0,5.0,509.1,85%,60%,30%,59%,39%,20.0,1.0,10,300,Hamilton,43.20333,-79.8424,False
Cecil B Stirling School,Hamilton-Wentworth DSB,hamilton,Elementary,English,85.0,10.0,5.0,509.1,85%,60%,30%,59%,39%,20.0,1.0,10,300,Hamilton,43.20333,-79.8424,False
Cecil B Stirling School,Hamilton-Wentworth DSB,hamilton,Elementary,English,85.0,10.0,5.0,43.2,85%,60%,30%,59%,39%,20.0,1.0,10,300,Hamilton,43.20333,-79.8424,False
Chedoke Middle School,Hamilton-Wentworth DSB,hamilton,Elementary,English,58.0,10.0,10.0,509.1,58%,62%,16%,82%,68%,-21.0,-15.0,10,435,Hamilton,43.23854,-79.9062,True
Chedoke Middle School,Hamilton-Wentworth DSB,hamilton,Elementary,English,58.0,10.0,10.0,509.1,58%,62%,16%,82%,68%,-21.0,-15.0,10,435,Hamilton,43.23854,-79.9062,True
Chedoke Middle School,Hamilton-Wentworth DSB,hamilton,Elementary,English,58.0,10.0,10.0,43.2,58%,62%,16%,82%,68%,-21.0,-15.0,10,435,Hamilton,43.23854,-79.9062,True
Collegiate Avenue School,Hamilton-Wentworth DSB,hamilton,Elementary,English,68.0,15.0,5.0,509.1,68%,68%,8%,70%,48%,-4.0,-23.0,10,445,Stoney Creek,43.22095,-79.74914,False
Collegiate Avenue School,Hamilton-Wentworth DSB,hamilton,Elementary,English,68.0,15.0,5.0,509.1,68%,68%,8%,70%,48%,-4.0,-23.0,10,445,Stoney Creek,43.22095,-79.74914,False
Collegiate Avenue School,Hamilton-Wentworth DSB,hamilton,Elementary,English,68.0,15.0,5.0,43.2,68%,68%,8%,70%,48%,-4.0,-23.0,10,445,Stoney Creek,43.22095,-79.74914,False
Dalewood Senior Public School,Hamilton-Wentworth DSB,hamilton,Elementary,English,79.0,15.0,0.0,509.1,79%,78%,38%,,,0.0,-5.0,15,270,Hamilton,43.25832,-79.9132,False
Dalewood Senior Public School,Hamilton-Wentworth DSB,hamilton,Elementary,English,79.0,15.0,0.0,509.1,79%,78%,38%,,,0.0,-5.0,15,270,Hamilton,43.25832,-79.9132,False
Dalewood Senior Public School,Hamilton-Wentworth DSB,hamilton,Elementary,English,79.0,15.0,0.0,43.2,79%,78%,38%,,,0.0,-5.0,15,270,Hamilton,43.25832,-79.9132,False
Dr. J. Edgar Davey Elementary Public School,Hamilton-Wentworth DSB,hamilton,Elementary,English,43.0,31.0,26.0,509.1,43%,46%,11%,37%,29%,-25.0,-4.0,14,555,Hamilton,43.2577,-79.8604,True
Dr. J. Edgar Davey Elementary Public School,Hamilton-Wentworth DSB,hamilton,Elementary,English,43.0,31.0,26.0,509.1,43%,46%,11%,37%,29%,-25.0,-4.0,14,555,Hamilton,43.2577,-79.8604,True
Dr. J. Edgar Davey Elementary Public School,Hamilton-Wentworth DSB,hamilton,Elementary,English,43.0,31.0,26.0,43.2,43%,46%,11%,37%,29%,-25.0,-4.0,14,555,Hamilton,43.2577,-79.8604,True
Dundas Central Public School,Hamilton-Wentworth DSB,hamilton,Elementary,English,81.0,10.0,0.0,509.1,81%,71%,39%,88%,62%,-7.0,-3.0,10,350,Dundas,43.26938,-79.9582,False
Dundas Central Public School,Hamilton-Wentworth DSB,hamilton,Elementary,English,81.0,10.0,0.0,509.1,81%,71%,39%,88%,62%,-7.0,-3.0,10,350,Dundas,43.26938,-79.9582,False
Dundas Central Public School,Hamilton-Wentworth DSB,hamilton,Elementary,English,81.0,10.0,0.0,43.2,81%,71%,39%,88%,62%,-7.0,-3.0,10,350,Dundas,43.26938,-79.9582,False
Eastdale Public School,Hamilton-Wentworth DSB,hamilton,Elementary,English,77.0,7.0,6.0,509.1,77%,82%,34%,63%,49%,6.0,13.0,8,850,Stoney Creek,43.22863,-79.73463,False
Eastdale Public School,Hamilton-Wentworth DSB,hamilton,Elementary,English,77.0,7.0,6.0,509.1,77%,82%,34%,63%,49%,6.0,13.0,8,850,Stoney Creek,43.22863,-79.73463,False
Eastdale Public School,Hamilton-Wentworth DSB,hamilton,Elementary,English,77.0,7.0,6.0,43.2,77%,82%,34%,63%,49%,6.0,13.0,8,850,Stoney Creek,43.22863,-79.73463,False
Flamborough Centre School,Hamilton-Wentworth DSB,hamilton,Elementary,English,79.0,5.0,0.0,509.1,79%,79%,40%,90%,80%,-4.0,0.0,20,340,Hamilton,43.35867,-79.9322,False
Flamborough Centre School,Hamilton-Wentworth DSB,hamilton,Elementary,English,79.0,5.0,0.0,509.1,79%,79%,40%,90%,80%,-4.0,0.0,20,340,Hamilton,43.35867,-79.9322,False
Flamborough Centre School,Hamilton-Wentworth DSB,hamilton,Elementary,English,79.0,5.0,0.0,43.2,79%,79%,40%,90%,80%,-4.0,0.0,20,340,Hamilton,43.35867,-79.9322,False
Frank Panabaker South Senior Public School,Hamilton-Wentworth DSB,hamilton,Elementary,English,87.0,5.0,0.0,509.1,87%,80%,50%,,,-8.0,-2.0,10,475,Ancaster,43.20807,-79.9932,False
Frank Panabaker South Senior Public School,Hamilton-Wentworth DSB,hamilton,Elementary,English,87.0,5.0,0.0,509.1,87%,80%,50%,,,-8.0,-2.0,10,475,Ancaster,43.20807,-79.9932,False
Frank Panabaker South Senior Public School,Hamilton-Wentworth DSB,hamilton,Elementary,English,87.0,5.0,0.0,43.2,87%,80%,50%,,,-8.0,-2.0,10,475,Ancaster,43.20807,-79.9932,False
Franklin Road Elementary Public School,Hamilton-Wentworth DSB,hamilton,Elementary,English,79.0,15.0,10.0,509.1,79%,65%,33%,56%,44%,12.0,8.0,13,555,Hamilton,43.22549,-79.8512,False
Franklin Road Elementary Public School,Hamilton-Wentworth DSB,hamilton,Elementary,English,79.0,15.0,10.0,509.1,79%,65%,33%,56%,44%,12.0,8.0,13,555,Hamilton,43.22549,-79.8512,False
Franklin Road Elementary Public School,Hamilton-Wentworth DSB,hamilton,Elementary,English,79.0,15.0,10.0,43.2,79%,65%,33%,56%,44%,12.0,8.0,13,555,Hamilton,43.22549,-79.8512,False
Gatestone Elementary Public School,Hamilton-Wentworth DSB,hamilton,Elementary,English,79.0,6.0,5.0,509.1,79%,62%,45%,84%,74%,-5.0,0.0,12,520,Stoney Creek,43.18143,-79.7887,False
Gatestone Elementary Public School,Hamilton-Wentworth DSB,hamilton,Elementary,English,79.0,6.0,5.0,509.1,79%,62%,45%,84%,74%,-5.0,0.0,12,520,Stoney Creek,43.18143,-79.7887,False
Gatestone Elementary Public School,Hamilton-Wentworth DSB,hamilton,Elementary,English,79.0,6.0,5.0,43.2,79%,62%,45%,84%,74%,-5.0,0.0,12,520,Stoney Creek,43.18143,-79.7887,False
George L Armstrong Public School,Hamilton-Wentworth DSB,hamilton,Elementary,English,69.0,10.0,10.0,509.1,69%,50%,3%,52%,29%,5.0,-34.0,10,420,Hamilton,43.24135,-79.8561,False
George L Armstrong Public School,Hamilton-Wentworth DSB,hamilton,Elementary,English,69.0,10.0,10.0,509.1,69%,50%,3%,52%,29%,5.0,-34.0,10,420,Hamilton,43.24135,-79.8561,False
George L Armstrong Public School,Hamilton-Wentworth DSB,hamilton,Elementary,English,69.0,10.0,10.0,43.2,69%,50%,3%,52%,29%,5.0,-34.0,10,420,Hamilton,43.24135,-79.8561,False
Gordon Price School,Hamilton-Wentworth DSB,hamilton,Elementary,English,64.0,10.0,5.0,509.1,64%,61%,30%,48%,50%,-3.0,12.0,10,395,Hamilton,43.22309,-79.9197,False
Gordon Price School,Hamilton-Wentworth DSB,hamilton,Elementary,English,64.0,10.0,5.0,509.1,64%,61%,30%,48%,50%,-3.0,12.0,10,395,Hamilton,43.22309,-79.9197,False
Gordon Price School,Hamilton-Wentworth DSB,hamilton,Elementary,English,64.0,10.0,5.0,43.2,64%,61%,30%,48%,50%,-3.0,12.0,10,395,Hamilton,43.22309,-79.9197,False
Greensville School,Hamilton-Wentworth DSB,hamilton,Elementary,English,87.0,0.0,0.0,509.1,87%,79%,45%,88%,71%,8.0,15.0,15,305,Dundas,43.281753,-79.984141,False
Greensville School,Hamilton-Wentworth DSB,hamilton,Elementary,English,87.0,0.0,0.0,509.1,87%,79%,45%,88%,71%,8.0,15.0,15,305,Dundas,43.281753,-79.984141,False
Greensville School,Hamilton-Wentworth DSB,hamilton,Elementary,English,87.0,0.0,0.0,43.2,87%,79%,45%,88%,71%,8.0,15.0,15,305,Dundas,43.281753,-79.984141,False
Guy B Brown Elementary Public School,Hamilton-Wentworth DSB,hamilton,Elementary,English,74.0,1.0,0.0,509.1,74%,59%,26%,55%,43%,-5.0,-5.0,9,640,Waterdown,43.3286,-79.9085,False
Guy B Brown Elementary Public School,Hamilton-Wentworth DSB,hamilton,Elementary,English,74.0,1.0,0.0,509.1,74%,59%,26%,55%,43%,-5.0,-5.0,9,640,Waterdown,43.3286,-79.9085,False
Guy B Brown Elementary Public School,Hamilton-Wentworth DSB,hamilton,Elementary,English,74.0,1.0,0.0,43.2,74%,59%,26%,55%,43%,-5.0,-5.0,9,640,Waterdown,43.3286,-79.9085,False
Helen Detwiler Junior Elementary School,Hamilton-Wentworth DSB,hamilton,Elementary,English,60.0,15.0,10.0,509.1,60%,68%,26%,58%,36%,-12.0,7.0,10,450,Hamilton,43.20279,-79.8786,False
Helen Detwiler Junior Elementary School,Hamilton-Wentworth DSB,hamilton,Elementary,English,60.0,15.0,10.0,509.1,60%,68%,26%,58%,36%,-12.0,7.0,10,450,Hamilton,43.20279,-79.8786,False
Helen Detwiler Junior Elementary School,Hamilton-Wentworth DSB,hamilton,Elementary,English,60.0,15.0,10.0,43.2,60%,68%,26%,58%,36%,-12.0,7.0,10,450,Hamilton,43.20279,-79.8786,False
Hess Street Junior Public School,Hamilton-Wentworth DSB,hamilton,Elementary,English,74.0,30.0,30.0,509.1,74%,78%,17%,72%,71%,26.0,-2.0,15,320,Hamilton,43.26341,-79.8756,False
Hess Street Junior Public School,Hamilton-Wentworth DSB,hamilton,Elementary,English,74.0,30.0,30.0,509.1,74%,78%,17%,72%,71%,26.0,-2.0,15,320,Hamilton,43.26341,-79.8756,False
Hess Street Junior Public School,Hamilton-Wentworth DSB,hamilton,Elementary,English,74.0,30.0,30.0,43.2,74%,78%,17%,72%,71%,26.0,-2.0,15,320,Hamilton,43.26341,-79.8756,False
Highview Public School,Hamilton-Wentworth DSB,hamilton,Elementary,English,75.0,9.0,3.0,509.1,75%,54%,41%,56%,41%,14.0,15.0,9,550,Hamilton,43.23057,-79.8314,False
Highview Public School,Hamilton-Wentworth DSB,hamilton,Elementary,English,75.0,9.0,3.0,509.1,75%,54%,41%,56%,41%,14.0,15.0,9,550,Hamilton,43.23057,-79.8314,False
Highview Public School,Hamilton-Wentworth DSB,hamilton,Elementary,English,75.0,9.0,3.0,43.2,75%,54%,41%,56%,41%,14.0,15.0,9,550,Hamilton,43.23057,-79.8314,False
Hillcrest Elementary Public School,Hamilton-Wentworth DSB,hamilton,Elementary,English,77.0,20.0,15.0,509.1,77%,83%,40%,68%,54%,8.0,12.0,15,480,Hamilton,43.23955,-79.7784,False
Hillcrest Elementary Public School,Hamilton-Wentworth DSB,hamilton,Elementary,English,77.0,20.0,15.0,509.1,77%,83%,40%,68%,54%,8.0,12.0,15,480,Hamilton,43.23955,-79.7784,False
Hillcrest Elementary Public School,Hamilton-Wentworth DSB,hamilton,Elementary,English,77.0,20.0,15.0,43.2,77%,83%,40%,68%,54%,8.0,12.0,15,480,Hamilton,43.23955,-79.7784,False
Holbrook Junior Public School,Hamilton-Wentworth DSB,hamilton,Elementary,English,83.0,15.0,10.0,509.1,83%,90%,55%,83%,61%,19.0,26.0,5,215,Hamilton,43.23711,-79.9139,False
Holbrook Junior Public School,Hamilton-Wentworth DSB,hamilton,Elementary,English,83.0,15.0,10.0,509.1,83%,90%,55%,83%,61%,19.0,26.0,5,215,Hamilton,43.23711,-79.9139,False
Holbrook Junior Public School,Hamilton-Wentworth DSB,hamilton,Elementary,English,83.0,15.0,10.0,43.2,83%,90%,55%,83%,61%,19.0,26.0,5,215,Hamilton,43.23711,-79.9139,False
Huntington Park Junior Public School,Hamilton-Wentworth DSB,hamilton,Elementary,English,88.0,10.0,10.0,509.1,88%,88%,22%,68%,51%,18.0,-5.0,5,475,Hamilton,43.22033,-79.8272,False
Huntington Park Junior Public School,Hamilton-Wentworth DSB,hamilton,Elementary,English,88.0,10.0,10.0,509.1,88%,88%,22%,68%,51%,18.0,-5.0,5,475,Hamilton,43.22033,-79.8272,False
Huntington Park Junior Public School,Hamilton-Wentworth DSB,hamilton,Elementary,English,88.0,10.0,10.0,43.2,88%,88%,22%,68%,51%,18.0,-5.0,5,475,Hamilton,43.22033,-79.8272,False
James MacDonald Public School,Hamilton-Wentworth DSB,hamilton,Elementary,English,70.0,5.0,0.0,509.1,70%,63%,40%,71%,54%,-15.0,10.0,10,310,Hamilton,43.21795,-79.8973,False
James MacDonald Public School,Hamilton-Wentworth DSB,hamilton,Elementary,English,70.0,5.0,0.0,509.1,70%,63%,40%,71%,54%,-15.0,10.0,10,310,Hamilton,43.21795,-79.8973,False
James MacDonald Public School,Hamilton-Wentworth DSB,hamilton,Elementary,English,70.0,5.0,0.0,43.2,70%,63%,40%,71%,54%,-15.0,10.0,10,310,Hamilton,43.21795,-79.8973,False
Janet Lee Public School,Hamilton-Wentworth DSB,hamilton,Elementary,English,75.0,10.0,0.0,509.1,75%,71%,33%,70%,53%,8.0,7.0,10,465,Stoney Creek,43.19156,-79.8066,False
Janet Lee Public School,Hamilton-Wentworth DSB,hamilton,Elementary,English,75.0,10.0,0.0,509.1,75%,71%,33%,70%,53%,8.0,7.0,10,465,Stoney Creek,43.19156,-79.8066,False
Janet Lee Public School,Hamilton-Wentworth DSB,hamilton,Elementary,English,75.0,10.0,0.0,43.2,75%,71%,33%,70%,53%,8.0,7.0,10,465,Stoney Creek,43.19156,-79.8066,False
Kanétskare Elementary School Middle School,Hamilton-Wentworth DSB,hamilton,Elementary,English,77.0,20.0,0.0,509.1,77%,68%,38%,,,-6.0,-1.0,20,385,Hamilton,43.253,-79.8824,False
Kanétskare Elementary School Middle School,Hamilton-Wentworth DSB,hamilton,Elementary,English,77.0,20.0,0.0,509.1,77%,68%,38%,,,-6.0,-1.0,20,385,Hamilton,43.253,-79.8824,False
Kanétskare Elementary School Middle School,Hamilton-Wentworth DSB,hamilton,Elementary,English,77.0,20.0,0.0,43.2,77%,68%,38%,,,-6.0,-1.0,20,385,Hamilton,43.253,-79.8824,False
Lake Avenue Public School,Hamilton-Wentworth DSB,hamilton,Elementary,English,63.0,25.0,19.0,509.1,63%,71%,15%,42%,31%,7.0,-9.0,9,650,Stoney Creek,43.232,-79.7555,False
Lake Avenue Public School,Hamilton-Wentworth DSB,hamilton,Elementary,English,63.0,25.0,19.0,509.1,63%,71%,15%,42%,31%,7.0,-9.0,9,650,Stoney Creek,43.232,-79.7555,False
Lake Avenue Public School,Hamilton-Wentworth DSB,hamilton,Elementary,English,63.0,25.0,19.0,43.2,63%,71%,15%,42%,31%,7.0,-9.0,9,650,Stoney Creek,43.232,-79.7555,False
Lawfield Elementary School,Hamilton-Wentworth DSB,hamilton,Elementary,English,76.0,11.0,7.0,509.1,76%,76%,34%,80%,51%,13.0,12.0,11,705,Hamilton,43.21625,-79.8484,False
Lawfield Elementary School,Hamilton-Wentworth DSB,hamilton,Elementary,English,76.0,11.0,7.0,509.1,76%,76%,34%,80%,51%,13.0,12.0,11,705,Hamilton,43.21625,-79.8484,False
Lawfield Elementary School,Hamilton-Wentworth DSB,hamilton,Elementary,English,76.0,11.0,7.0,43.2,76%,76%,34%,80%,51%,13.0,12.0,11,705,Hamilton,43.21625,-79.8484,False
Lincoln Alexander Public School,Hamilton-Wentworth DSB,hamilton,Elementary,English,93.0,10.0,0.0,509.1,93%,78%,30%,78%,61%,5.0,-35.0,10,230,Hamilton,43.20591,-79.8524,False
Lincoln Alexander Public School,Hamilton-Wentworth DSB,hamilton,Elementary,English,93.0,10.0,0.0,509.1,93%,78%,30%,78%,61%,5.0,-35.0,10,230,Hamilton,43.20591,-79.8524,False
Lincoln Alexander Public School,Hamilton-Wentworth DSB,hamilton,Elementary,English,93.0,10.0,0.0,43.2,93%,78%,30%,78%,61%,5.0,-35.0,10,230,Hamilton,43.20591,-79.8524,False
Lisgar Junior Public School,Hamilton-Wentworth DSB,hamilton,Elementary,English,76.0,10.0,0.0,509.1,76%,82%,27%,60%,40%,4.0,10.0,10,315,Hamilton,43.21209,-79.8299,False
Lisgar Junior Public School,Hamilton-Wentworth DSB,hamilton,Elementary,English,76.0,10.0,0.0,509.1,76%,82%,27%,60%,40%,4.0,10.0,10,315,Hamilton,43.21209,-79.8299,False
Lisgar Junior Public School,Hamilton-Wentworth DSB,hamilton,Elementary,English,76.0,10.0,0.0,43.2,76%,82%,27%,60%,40%,4.0,10.0,10,315,Hamilton,43.21209,-79.8299,False
Memorial Elementary School Public School,Hamilton-Wentworth DSB,hamilton,Elementary,English,63.0,15.0,0.0,509.1,63%,63%,34%,62%,46%,5.0,-11.0,15,350,Hamilton,43.24319,-79.8196,False
Memorial Elementary School Public School,Hamilton-Wentworth DSB,hamilton,Elementary,English,63.0,15.0,0.0,509.1,63%,63%,34%,62%,46%,5.0,-11.0,15,350,Hamilton,43.24319,-79.8196,False
Memorial Elementary School Public School,Hamilton-Wentworth DSB,hamilton,Elementary,English,63.0,15.0,0.0,43.2,63%,63%,34%,62%,46%,5.0,-11.0,15,350,Hamilton,43.24319,-79.8196,False
Mount Albion Public School,Hamilton-Wentworth DSB,hamilton,Elementary,English,71.0,5.0,4.0,509.1,71%,69%,47%,71%,52%,5.0,20.0,14,510,Stoney Creek,43.18932,-79.7911,False
Mount Albion Public School,Hamilton-Wentworth DSB,hamilton,Elementary,English,71.0,5.0,4.0,509.1,71%,69%,47%,71%,52%,5.0,20.0,14,510,Stoney Creek,43.18932,-79.7911,False
Mount Albion Public School,Hamilton-Wentworth DSB,hamilton,Elementary,English,71.0,5.0,4.0,43.2,71%,69%,47%,71%,52%,5.0,20.0,14,510,Stoney Creek,43.18932,-79.7911,False
Mount Hope Public School,Hamilton-Wentworth DSB,hamilton,Elementary,English,84.0,0.0,0.0,509.1,84%,82%,42%,78%,64%,-4.0,-13.0,10,485,Mount Hope,43.16085,-79.925,False
Mount Hope Public School,Hamilton-Wentworth DSB,hamilton,Elementary,English,84.0,0.0,0.0,509.1,84%,82%,42%,78%,64%,-4.0,-13.0,10,485,Mount Hope,43.16085,-79.925,False
Mount Hope Public School,Hamilton-Wentworth DSB,hamilton,Elementary,English,84.0,0.0,0.0,43.2,84%,82%,42%,78%,64%,-4.0,-13.0,10,485,Mount Hope,43.16085,-79.925,False
Mountview Junior Public School,Hamilton-Wentworth DSB,hamilton,Elementary,English,82.0,0.0,0.0,509.1,82%,82%,48%,67%,67%,-10.0,-31.0,10,265,Hamilton,43.24139,-79.9255,False
Mountview Junior Public School,Hamilton-Wentworth DSB,hamilton,Elementary,English,82.0,0.0,0.0,509.1,82%,82%,48%,67%,67%,-10.0,-31.0,10,265,Hamilton,43.24139,-79.9255,False
Mountview Junior Public School,Hamilton-Wentworth DSB,hamilton,Elementary,English,82.0,0.0,0.0,43.2,82%,82%,48%,67%,67%,-10.0,-31.0,10,265,Hamilton,43.24139,-79.9255,False
Norwood Park Elementary School,Hamilton-Wentworth DSB,hamilton,Elementary,English,94.0,10.0,5.0,509.1,94%,96%,62%,95%,75%,4.0,-10.0,10,500,Hamilton,43.22986,-79.8775,False
Norwood Park Elementary School,Hamilton-Wentworth DSB,hamilton,Elementary,English,94.0,10.0,5.0,509.1,94%,96%,62%,95%,75%,4.0,-10.0,10,500,Hamilton,43.22986,-79.8775,False
Norwood Park Elementary School,Hamilton-Wentworth DSB,hamilton,Elementary,English,94.0,10.0,5.0,43.2,94%,96%,62%,95%,75%,4.0,-10.0,10,500,Hamilton,43.22986,-79.8775,False
Pauline Johnson Public School,Hamilton-Wentworth DSB,hamilton,Elementary,English,44.0,20.0,10.0,509.1,44%,51%,10%,51%,37%,-37.0,-33.0,10,485,Hamilton,43.2199,-79.8705,True
Pauline Johnson Public School,Hamilton-Wentworth DSB,hamilton,Elementary,English,44.0,20.0,10.0,509.1,44%,51%,10%,51%,37%,-37.0,-33.0,10,485,Hamilton,43.2199,-79.8705,True
Pauline Johnson Public School,Hamilton-Wentworth DSB,hamilton,Elementary,English,44.0,20.0,10.0,43.2,44%,51%,10%,51%,37%,-37.0,-33.0,10,485,Hamilton,43.2199,-79.8705,True
Prince of Wales Elementary Public School,Hamilton-Wentworth DSB,hamilton,Elementary,English,66.0,19.0,19.0,509.1,66%,53%,29%,63%,30%,14.0,16.0,11,540,Hamilton,43.25205,-79.8325,False
Prince of Wales Elementary Public School,Hamilton-Wentworth DSB,hamilton,Elementary,English,66.0,19.0,19.0,509.1,66%,53%,29%,63%,30%,14.0,16.0,11,540,Hamilton,43.25205,-79.8325,False
Prince of Wales Elementary Public School,Hamilton-Wentworth DSB,hamilton,Elementary,English,66.0,19.0,19.0,43.2,66%,53%,29%,63%,30%,14.0,16.0,11,540,Hamilton,43.25205,-79.8325,False
Queen Mary Public School,Hamilton-Wentworth DSB,hamilton,Elementary,English,67.0,19.0,16.0,509.1,67%,53%,22%,68%,43%,-11.0,6.0,18,525,Hamilton,43.24619,-79.8134,False
Queen Mary Public School,Hamilton-Wentworth DSB,hamilton,Elementary,English,67.0,19.0,16.0,509.1,67%,53%,22%,68%,43%,-11.0,6.0,18,525,Hamilton,43.24619,-79.8134,False
Queen Mary Public School,Hamilton-Wentworth DSB,hamilton,Elementary,English,67.0,19.0,16.0,43.2,67%,53%,22%,68%,43%,-11.0,6.0,18,525,Hamilton,43.24619,-79.8134,False
Queen Victoria Elementary Public School,Hamilton-Wentworth DSB,hamilton,Elementary,English,70.0,28.0,16.0,509.1,70%,63%,15%,47%,20%,1.0,-18.0,16,600,Hamilton,43.24841,-79.8659,False
Queen Victoria Elementary Public School,Hamilton-Wentworth DSB,hamilton,Elementary,English,70.0,28.0,16.0,509.1,70%,63%,15%,47%,20%,1.0,-18.0,16,600,Hamilton,43.24841,-79.8659,False
Queen Victoria Elementary Public School,Hamilton-Wentworth DSB,hamilton,Elementary,English,70.0,28.0,16.0,43.2,70%,63%,15%,47%,20%,1.0,-18.0,16,600,Hamilton,43.24841,-79.8659,False
Queensdale School,Hamilton-Wentworth DSB,hamilton,Elementary,English,76.0,15.0,10.0,509.1,76%,71%,54%,85%,74%,13.0,33.0,10,365,Hamilton,43.24137,-79.873,False
Queensdale School,Hamilton-Wentworth DSB,hamilton,Elementary,English,76.0,15.0,10.0,509.1,76%,71%,54%,85%,74%,13.0,33.0,10,365,Hamilton,43.24137,-79.873,False
Queensdale School,Hamilton-Wentworth DSB,hamilton,Elementary,English,76.0,15.0,10.0,43.2,76%,71%,54%,85%,74%,13.0,33.0,10,365,Hamilton,43.24137,-79.873,False
R A Riddell Public School,Hamilton-Wentworth DSB,hamilton,Elementary,English,83.0,7.0,4.0,509.1,83%,77%,36%,80%,53%,1.0,1.0,12,765,Hamilton,43.22184,-79.9101,False
R A Riddell Public School,Hamilton-Wentworth DSB,hamilton,Elementary,English,83.0,7.0,4.0,509.1,83%,77%,36%,80%,53%,1.0,1.0,12,765,Hamilton,43.22184,-79.9101,False
R A Riddell Public School,Hamilton-Wentworth DSB,hamilton,Elementary,English,83.0,7.0,4.0,43.2,83%,77%,36%,80%,53%,1.0,1.0,12,765,Hamilton,43.22184,-79.9101,False
Ray Lewis (Elementary) School,Hamilton-Wentworth DSB,hamilton,Elementary,English,70.0,9.0,10.0,509.1,70%,71%,48%,67%,42%,-8.0,-2.0,12,540,Hamilton,43.1937,-79.8731,False
Ray Lewis (Elementary) School,Hamilton-Wentworth DSB,hamilton,Elementary,English,70.0,9.0,10.0,509.1,70%,71%,48%,67%,42%,-8.0,-2.0,12,540,Hamilton,43.1937,-79.8731,False
Ray Lewis (Elementary) School,Hamilton-Wentworth DSB,hamilton,Elementary,English,70.0,9.0,10.0,43.2,70%,71%,48%,67%,42%,-8.0,-2.0,12,540,Hamilton,43.1937,-79.8731,False
Ridgemount Junior Public School,Hamilton-Wentworth DSB,hamilton,Elementary,English,87.0,15.0,15.0,509.1,87%,74%,38%,55%,56%,15.0,12.0,10,435,Hamilton,43.22451,-79.8793,False
Ridgemount Junior Public School,Hamilton-Wentworth DSB,hamilton,Elementary,English,87.0,15.0,15.0,509.1,87%,74%,38%,55%,56%,15.0,12.0,10,435,Hamilton,43.22451,-79.8793,False
Ridgemount Junior Public School,Hamilton-Wentworth DSB,hamilton,Elementary,English,87.0,15.0,15.0,43.2,87%,74%,38%,55%,56%,15.0,12.0,10,435,Hamilton,43.22451,-79.8793,False
Rockton School,Hamilton-Wentworth DSB,brockton,Elementary,English,83.0,0.0,0.0,17.3,83%,80%,43%,75%,58%,-2.0,13.0,10,495,"Rockton, Ontario",43.29675,-80.11149,False
Rousseau Public School,Hamilton-Wentworth DSB,hamilton,Elementary,English,86.0,10.0,0.0,509.1,86%,89%,61%,71%,68%,-9.0,-24.0,10,255,Ancaster,43.22829,-79.9629,False
Rousseau Public School,Hamilton-Wentworth DSB,hamilton,Elementary,English,86.0,10.0,0.0,509.1,86%,89%,61%,71%,68%,-9.0,-24.0,10,255,Ancaster,43.22829,-79.9629,False
Rousseau Public School,Hamilton-Wentworth DSB,hamilton,Elementary,English,86.0,10.0,0.0,43.2,86%,89%,61%,71%,68%,-9.0,-24.0,10,255,Ancaster,43.22829,-79.9629,False
Shannen Koostachin Elementary School Elementary Public School,Hamilton-Wentworth DSB,hamilton,Elementary,English,73.0,7.0,3.0,509.1,73%,68%,34%,63%,59%,-10.0,-10.0,6,830,Hamilton,43.1771,-79.8026,False
Shannen Koostachin Elementary School Elementary Public School,Hamilton-Wentworth DSB,hamilton,Elementary,English,73.0,7.0,3.0,509.1,73%,68%,34%,63%,59%,-10.0,-10.0,6,830,Hamilton,43.1771,-79.8026,False
Shannen Koostachin Elementary School Elementary Public School,Hamilton-Wentworth DSB,hamilton,Elementary,English,73.0,7.0,3.0,43.2,73%,68%,34%,63%,59%,-10.0,-10.0,6,830,Hamilton,43.1771,-79.8026,False
Sir Wilfrid Laurier Public School,Hamilton-Wentworth DSB,hamilton,Elementary,English,59.0,17.0,6.0,509.1,59%,62%,29%,57%,38%,-16.0,3.0,9,780,Hamilton,43.21792,-79.7878,True
Sir Wilfrid Laurier Public School,Hamilton-Wentworth DSB,hamilton,Elementary,English,59.0,17.0,6.0,509.1,59%,62%,29%,57%,38%,-16.0,3.0,9,780,Hamilton,43.21792,-79.7878,True
Sir Wilfrid Laurier Public School,Hamilton-Wentworth DSB,hamilton,Elementary,English,59.0,17.0,6.0,43.2,59%,62%,29%,57%,38%,-16.0,3.0,9,780,Hamilton,43.21792,-79.7878,True
Sir William Osler Elementary School,Hamilton-Wentworth DSB,hamilton,Elementary,English,77.0,4.0,0.0,509.1,77%,76%,49%,96%,89%,-10.0,3.0,11,595,Dundas,43.25796,-79.9793,False
Sir William Osler Elementary School,Hamilton-Wentworth DSB,hamilton,Elementary,English,77.0,4.0,0.0,509.1,77%,76%,49%,96%,89%,-10.0,3.0,11,595,Dundas,43.25796,-79.9793,False
Sir William Osler Elementary School,Hamilton-Wentworth DSB,hamilton,Elementary,English,77.0,4.0,0.0,43.2,77%,76%,49%,96%,89%,-10.0,3.0,11,595,Dundas,43.25796,-79.9793,False
South Meadow Public School,Hamilton-Wentworth DSB,hamilton,Elementary,English,87.0,6.0,2.0,509.1,87%,87%,56%,55%,31%,5.0,18.0,8,595,Stoney Creek,43.216651,-79.727889,False
South Meadow Public School,Hamilton-Wentworth DSB,hamilton,Elementary,English,87.0,6.0,2.0,509.1,87%,87%,56%,55%,31%,5.0,18.0,8,595,Stoney Creek,43.216651,-79.727889,False
South Meadow Public School,Hamilton-Wentworth DSB,hamilton,Elementary,English,87.0,6.0,2.0,43.2,87%,87%,56%,55%,31%,5.0,18.0,8,595,Stoney Creek,43.216651,-79.727889,False
Spring Valley School,Hamilton-Wentworth DSB,hamilton,Elementary,English,89.0,0.0,0.0,509.1,89%,84%,64%,73%,73%,6.0,14.0,10,420,Ancaster,43.216607,-79.991842,False
Spring Valley School,Hamilton-Wentworth DSB,hamilton,Elementary,English,89.0,0.0,0.0,509.1,89%,84%,64%,73%,73%,6.0,14.0,10,420,Ancaster,43.216607,-79.991842,False
Spring Valley School,Hamilton-Wentworth DSB,hamilton,Elementary,English,89.0,0.0,0.0,43.2,89%,84%,64%,73%,73%,6.0,14.0,10,420,Ancaster,43.216607,-79.991842,False
Tapleytown Public School,Hamilton-Wentworth DSB,hamilton,Elementary,English,87.0,10.0,6.0,509.1,87%,71%,31%,42%,32%,-5.0,-4.0,7,500,Stoney Creek,43.18117,-79.7335,False
Tapleytown Public School,Hamilton-Wentworth DSB,hamilton,Elementary,English,87.0,10.0,6.0,509.1,87%,71%,31%,42%,32%,-5.0,-4.0,7,500,Stoney Creek,43.18117,-79.7335,False
Tapleytown Public School,Hamilton-Wentworth DSB,hamilton,Elementary,English,87.0,10.0,6.0,43.2,87%,71%,31%,42%,32%,-5.0,-4.0,7,500,Stoney Creek,43.18117,-79.7335,False
Templemead Elementary School,Hamilton-Wentworth DSB,hamilton,Elementary,English,65.0,10.0,5.0,509.1,65%,72%,29%,63%,52%,-10.0,-26.0,15,590,Hamilton,43.19781,-79.8484,False
Templemead Elementary School,Hamilton-Wentworth DSB,hamilton,Elementary,English,65.0,10.0,5.0,509.1,65%,72%,29%,63%,52%,-10.0,-26.0,15,590,Hamilton,43.19781,-79.8484,False
Templemead Elementary School,Hamilton-Wentworth DSB,hamilton,Elementary,English,65.0,10.0,5.0,43.2,65%,72%,29%,63%,52%,-10.0,-26.0,15,590,Hamilton,43.19781,-79.8484,False
Tiffany Hills Elementary Public School,Hamilton-Wentworth DSB,hamilton,Elementary,English,86.0,12.0,1.0,509.1,86%,93%,59%,78%,68%,-4.0,7.0,5,685,Ancaster,43.21273,-79.9376,False
Tiffany Hills Elementary Public School,Hamilton-Wentworth DSB,hamilton,Elementary,English,86.0,12.0,1.0,509.1,86%,93%,59%,78%,68%,-4.0,7.0,5,685,Ancaster,43.21273,-79.9376,False
Tiffany Hills Elementary Public School,Hamilton-Wentworth DSB,hamilton,Elementary,English,86.0,12.0,1.0,43.2,86%,93%,59%,78%,68%,-4.0,7.0,5,685,Ancaster,43.21273,-79.9376,False
Viola Desmond Elementary School Public School,Hamilton-Wentworth DSB,hamilton,Elementary,English,69.0,17.0,12.0,509.1,69%,65%,28%,50%,49%,6.0,5.0,11,800,Hamilton,43.227724,-79.779417,False
Viola Desmond Elementary School Public School,Hamilton-Wentworth DSB,hamilton,Elementary,English,69.0,17.0,12.0,509.1,69%,65%,28%,50%,49%,6.0,5.0,11,800,Hamilton,43.227724,-79.779417,False
Viola Desmond Elementary School Public School,Hamilton-Wentworth DSB,hamilton,Elementary,English,69.0,17.0,12.0,43.2,69%,65%,28%,50%,49%,6.0,5.0,11,800,Hamilton,43.227724,-79.779417,False
Viscount Montgomery Public School,Hamilton-Wentworth DSB,hamilton,Elementary,English,80.0,15.0,5.0,509.1,80%,86%,29%,81%,55%,6.0,3.0,15,435,Hamilton,43.23217,-79.7972,False
Viscount Montgomery Public School,Hamilton-Wentworth DSB,hamilton,Elementary,English,80.0,15.0,5.0,509.1,80%,86%,29%,81%,55%,6.0,3.0,15,435,Hamilton,43.23217,-79.7972,False
Viscount Montgomery Public School,Hamilton-Wentworth DSB,hamilton,Elementary,English,80.0,15.0,5.0,43.2,80%,86%,29%,81%,55%,6.0,3.0,15,435,Hamilton,43.23217,-79.7972,False
W H Ballard Public School,Hamilton-Wentworth DSB,hamilton,Elementary,English,67.0,17.0,12.0,509.1,67%,61%,28%,38%,26%,-9.0,6.0,18,645,Hamilton,43.24142,-79.8032,False
W H Ballard Public School,Hamilton-Wentworth DSB,hamilton,Elementary,English,67.0,17.0,12.0,509.1,67%,61%,28%,38%,26%,-9.0,6.0,18,645,Hamilton,43.24142,-79.8032,False
W H Ballard Public School,Hamilton-Wentworth DSB,hamilton,Elementary,English,67.0,17.0,12.0,43.2,67%,61%,28%,38%,26%,-9.0,6.0,18,645,Hamilton,43.24142,-79.8032,False
Westview Middle School,Hamilton-Wentworth DSB,hamilton,Elementary,English,61.0,15.0,5.0,509.1,61%,68%,14%,,,-27.0,-34.0,20,245,Hamilton,43.2255,-79.8943,False
Westview Middle School,Hamilton-Wentworth DSB,hamilton,Elementary,English,61.0,15.0,5.0,509.1,61%,68%,14%,,,-27.0,-34.0,20,245,Hamilton,43.2255,-79.8943,False
Westview Middle School,Hamilton-Wentworth DSB,hamilton,Elementary,English,61.0,15.0,5.0,43.2,61%,68%,14%,,,-27.0,-34.0,20,245,Hamilton,43.2255,-79.8943,False
Winona Elementary Elementary School,Hamilton-Wentworth DSB,hamilton,Elementary,English,82.0,5.0,2.0,509.1,82%,79%,49%,50%,45%,-1.0,11.0,8,920,Stoney Creek,43.21387,-79.6594,False
Winona Elementary Elementary School,Hamilton-Wentworth DSB,hamilton,Elementary,English,82.0,5.0,2.0,509.1,82%,79%,49%,50%,45%,-1.0,11.0,8,920,Stoney Creek,43.21387,-79.6594,False
Winona Elementary Elementary School,Hamilton-Wentworth DSB,hamilton,Elementary,English,82.0,5.0,2.0,43.2,82%,79%,49%,50%,45%,-1.0,11.0,8,920,Stoney Creek,43.21387,-79.6594,False
École élémentaire Michaëlle Jean Elementary School,Hamilton-Wentworth DSB,hamilton,Elementary,English,96.0,10.0,0.0,509.1,96%,93%,57%,81%,62%,8.0,24.0,5,300,Hamilton,43.13499,-79.7975,False
École élémentaire Michaëlle Jean Elementary School,Hamilton-Wentworth DSB,hamilton,Elementary,English,96.0,10.0,0.0,509.1,96%,93%,57%,81%,62%,8.0,24.0,5,300,Hamilton,43.13499,-79.7975,False
École élémentaire Michaëlle Jean Elementary School,Hamilton-Wentworth DSB,hamilton,Elementary,English,96.0,10.0,0.0,43.2,96%,93%,57%,81%,62%,8.0,24.0,5,300,Hamilton,43.13499,-79.7975,False
Athol-South Marysburgh School Public School,Hastings & Prince Edward DSB,prince edward,Elementary,English,87.0,10.0,0.0,24.4,87%,91%,61%,57%,24%,1.0,4.0,10,155,Cherry Valley,43.93428,-77.1522,False
Bayside Public School,Hastings & Prince Edward DSB,quinte west,Elementary,English,75.0,10.0,0.0,94.0,75%,67%,34%,65%,65%,-7.0,-1.0,15,350,Belleville,44.12679,-77.4769,False
C M L Snider Elementary School,Hastings & Prince Edward DSB,prince edward,Elementary,English,88.0,5.0,0.0,24.4,88%,75%,25%,75%,62%,-8.0,-32.0,10,250,Wellington,43.95251,-77.3467,False
Central Hastings School,Hastings & Prince Edward DSB,madoc,Elementary,English,78.0,15.0,5.0,8.1,78%,83%,63%,69%,61%,3.0,37.0,20,375,Madoc,44.504406037,-77.46827833,False
Coe Hill Public School,Hastings & Prince Edward DSB,wollaston,Elementary,English,60.0,30.0,0.0,3.3,60%,40%,30%,N/R,N/R,20.0,10.0,10,70,Coe Hill,44.86283,-77.8312,False
Deseronto Public School,Hastings & Prince Edward DSB,deseronto,Elementary,English,57.0,5.0,10.0,693.5,57%,67%,48%,78%,67%,-11.0,27.0,20,160,Deseronto,44.19925,-77.0486,True
Foxboro Public School,Hastings & Prince Edward DSB,belleville,Elementary,English,81.0,5.0,0.0,222.8,81%,83%,37%,80%,64%,-2.0,8.0,15,410,Foxboro,44.25457,-77.4379,False
Frankford Public School,Hastings & Prince Edward DSB,quinte west,Elementary,English,62.0,0.0,0.0,94.0,62%,70%,41%,72%,53%,-15.0,14.0,10,320,Frankford,44.20408,-77.5989,False
Harmony Public School,Hastings & Prince Edward DSB,belleville,Elementary,English,74.0,3.0,0.0,222.8,74%,66%,43%,76%,57%,-16.0,-3.0,14,755,Corbyville,44.24096,-77.3847,False
Harry J Clarke Public School,Hastings & Prince Edward DSB,belleville,Elementary,English,85.0,10.0,6.0,222.8,85%,77%,41%,76%,62%,12.0,13.0,15,605,Belleville,44.17446,-77.3562,False
Kente Public School,Hastings & Prince Edward DSB,prince edward,Elementary,English,94.0,5.0,5.0,24.4,94%,88%,41%,33%,42%,-6.0,-13.0,10,250,Ameliasburgh,44.06829,-77.4201,False
Madoc Township Public School,Hastings & Prince Edward DSB,madoc,Elementary,English,74.0,15.0,5.0,8.1,74%,60%,25%,74%,70%,-3.0,2.0,10,210,Madoc,44.5599,-77.4929,False
Marmora Public School,Hastings & Prince Edward DSB,marmora and lake,Elementary,English,67.0,10.0,5.0,7.9,67%,50%,25%,48%,26%,3.0,18.0,25,305,Marmora,44.4888,-77.6713,False
Massassaga-Rednersville Public School,Hastings & Prince Edward DSB,prince edward,Elementary,English,76.0,0.0,0.0,24.4,76%,90%,52%,68%,64%,-18.0,17.0,10,165,Belleville,44.1152,-77.443,False
Park Dale Public School,Hastings & Prince Edward DSB,belleville,Elementary,English,74.0,15.0,5.0,222.8,74%,77%,45%,57%,53%,12.0,20.0,15,330,Belleville,44.17731,-77.4043,False
Prince Charles Public School,Hastings & Prince Edward DSB,quinte west,Elementary,English,75.0,10.0,0.0,94.0,75%,86%,61%,54%,58%,-2.0,36.0,10,260,Trenton,44.09244,-77.5807,False
Prince Charles Public School,Hastings & Prince Edward DSB,belleville,Elementary,English,65.0,20.0,10.0,222.8,65%,48%,24%,54%,51%,8.0,-1.0,20,335,Belleville,44.16456,-77.3958,False
Prince Edward Collegiate Institute Elementary School,Hastings & Prince Edward DSB,prince edward,Elementary,English,68.0,10.0,3.0,24.4,68%,62%,28%,62%,40%,-6.0,-14.0,16,620,Picton,44.0124,-77.1442,False
Prince of Wales Public School,Hastings & Prince Edward DSB,belleville,Elementary,English,66.0,20.0,0.0,222.8,66%,45%,28%,52%,43%,-3.0,16.0,35,350,Belleville,44.18017,-77.3841,False
Sir John A Macdonald Public School,Hastings & Prince Edward DSB,belleville,Elementary,English,83.0,10.0,0.0,222.8,83%,86%,46%,84%,91%,-4.0,14.0,5,255,Belleville,44.15578,-77.4092,False
Sophiasburgh Central Public School,Hastings & Prince Edward DSB,prince edward,Elementary,English,56.0,5.0,0.0,24.4,56%,50%,33%,72%,67%,-44.0,-11.0,10,145,Picton,44.10616,-77.2177,True
Stirling Public School,Hastings & Prince Edward DSB,stirling-rawdon,Elementary,English,90.0,7.0,3.0,17.8,90%,87%,58%,80%,78%,-1.0,-6.0,11,700,Stirling,44.29373,-77.553,False
Susanna Moodie Senior Elementary School,Hastings & Prince Edward DSB,belleville,Elementary,English,79.0,10.0,5.0,222.8,79%,84%,37%,70%,50%,5.0,7.0,10,305,Belleville,44.15735,-77.424,False
Trent River Public School,Hastings & Prince Edward DSB,quinte west,Elementary,English,29.0,15.0,5.0,94.0,29%,35%,12%,29%,35%,-28.0,-6.0,15,470,Trenton,44.10944,-77.5747,True
Tweed Elementary School,Hastings & Prince Edward DSB,tweed,Elementary,English,86.0,10.0,0.0,6.6,86%,78%,54%,83%,69%,-3.0,-3.0,15,380,Tweed,44.4751,-77.3185,False
Tyendinaga Public School,Hastings & Prince Edward DSB,tyendinaga,Elementary,English,66.0,0.0,0.0,14.5,66%,53%,24%,84%,75%,-10.0,3.0,15,340,Shannonville,44.223,-77.2438,False
V P Carswell Public School,Hastings & Prince Edward DSB,quinte west,Elementary,English,88.0,5.0,5.0,94.0,88%,88%,53%,72%,44%,-6.0,-14.0,15,145,Trenton,44.12196,-77.5742,False
York River Public School,Hastings & Prince Edward DSB,bancroft,Elementary,English,78.0,10.0,10.0,17.9,78%,75%,39%,52%,43%,3.0,11.0,20,200,Bancroft,45.05412,-77.8449,False
Holy Name of Mary School,Huron Perth CDSB,st marys,Elementary,English,92.0,0.0,0.0,593.8,92%,83%,54%,69%,54%,1.0,28.0,5,210,St Marys,43.26431,-81.1399,False
Jeanne Sauvé Catholic School,Huron Perth CDSB,stratford,Elementary,English,100.0,10.0,5.0,1107.0,100%,89%,58%,68%,55%,6.0,2.0,10,255,Stratford,43.36857,-80.9793,False
Our Lady of Mt Carmel School,Huron Perth CDSB,south huron,Elementary,English,100.0,5.0,0.0,23.7,100%,100%,31%,100%,95%,7.0,-2.0,5,130,Dashwood,43.25478,-81.6143,False
Precious Blood Separate School,Huron Perth CDSB,south huron,Elementary,English,77.0,10.0,0.0,23.7,77%,64%,36%,80%,84%,-18.0,1.0,10,225,Exeter,43.34655,-81.4855,False
Sacred Heart Separate School,Huron Perth CDSB,north huron,Elementary,English,60.0,10.0,15.0,28.2,60%,60%,20%,30%,35%,4.0,-11.0,10,190,Wingham,43.87991,-81.308,False
St Aloysius School,Huron Perth CDSB,stratford,Elementary,English,100.0,5.0,5.0,1107.0,100%,95%,79%,70%,50%,4.0,4.0,10,230,Stratford,43.37882,-80.9919,False
St Ambrose Separate School,Huron Perth CDSB,stratford,Elementary,English,92.0,10.0,0.0,1107.0,92%,100%,38%,69%,69%,14.0,5.0,20,160,Stratford,43.35748,-80.9833,False
St Boniface Separate School,Huron Perth CDSB,bluewater,Elementary,English,88.0,5.0,0.0,18.1,88%,85%,46%,83%,67%,-1.0,-7.0,10,225,Zurich,43.42378,-81.6283,False
St Columban Separate School,Huron Perth CDSB,huron east,Elementary,English,84.0,5.0,0.0,14.2,84%,75%,22%,70%,63%,-8.0,-18.0,5,170,Dublin,43.52282,-81.3221,False
St James Separate School,Huron Perth CDSB,huron east,Elementary,English,77.0,10.0,5.0,14.2,77%,77%,59%,86%,71%,-17.0,24.0,5,185,Seaforth,43.55225,-81.3915,False
St Joseph Separate School,Huron Perth CDSB,central huron,Elementary,English,83.0,10.0,5.0,17.4,83%,77%,37%,96%,78%,-7.0,-10.0,20,225,Clinton,43.61556,-81.5284,False
St Joseph Separate School,Huron Perth CDSB,stratford,Elementary,English,94.0,5.0,0.0,1107.0,94%,94%,29%,77%,77%,8.0,-28.0,10,125,Stratford,43.3626,-80.9975,False
St Mary's Separate School,Huron Perth CDSB,perth east,Elementary,English,90.0,10.0,25.0,17.7,90%,86%,43%,93%,76%,16.0,-12.0,10,365,Listowel,43.718,-80.9509,False
St Marys Separate School,Huron Perth CDSB,goderich,Elementary,English,76.0,5.0,0.0,923.1,76%,76%,47%,77%,57%,-18.0,12.0,10,330,Goderich,43.73322,-81.7076,False
St Patricks Separate School,Huron Perth CDSB,perth east,Elementary,English,94.0,5.0,10.0,17.7,94%,100%,75%,80%,80%,1.0,25.0,10,125,Sebringville,43.47667,-81.0749,False
Holy Cross Catholic School,Huron-Superior CDSB,sault ste marie,Elementary,English,68.0,5.0,5.0,324.6,68%,71%,29%,61%,51%,-18.0,-17.0,25,455,Sault Ste Marie,46.51057,-84.279,False
Holy Family Catholic School,Huron-Superior CDSB,sault ste marie,Elementary,English,90.0,10.0,10.0,324.6,90%,100%,45%,53%,62%,27.0,22.0,30,175,Sault Ste Marie,46.54157,-84.3875,False
Our Lady of Fatima Catholic School,Huron-Superior CDSB,elliot lake,Elementary,English,88.0,15.0,10.0,16.3,88%,82%,24%,86%,57%,16.0,14.0,25,275,Elliot Lake,46.38281,-82.6602,False
Our Lady of Lourdes Catholic School,Huron-Superior CDSB,sault ste marie,Elementary,English,74.0,10.0,0.0,324.6,74%,77%,29%,68%,57%,-3.0,6.0,20,310,Sault Ste Marie,46.541,-84.3723,False
Sacred Heart Catholic School,Huron-Superior CDSB,espanola,Elementary,English,65.0,10.0,10.0,64.0,65%,65%,35%,56%,12%,-14.0,21.0,30,260,Espanola,46.260606,-81.773804,False
St Francis French Immersion Catholic School,Huron-Superior CDSB,sault ste marie,Elementary,English,97.0,10.0,5.0,324.6,97%,95%,22%,63%,53%,0.0,-34.0,20,205,Sault Ste Marie,46.53255,-84.3976,False
St Mary Catholic School,Huron-Superior CDSB,sables-spanish rivers,Elementary,English,69.0,15.0,20.0,4.0,69%,88%,12%,72%,44%,-8.0,-34.0,30,150,Massey,46.2144,-82.0787,False
St Mary's Catholic School,Huron-Superior CDSB,blind river,Elementary,English,71.0,15.0,10.0,6.7,71%,71%,29%,69%,50%,3.0,3.0,40,165,Blind River,46.18467,-82.9593,False
St Mary's French Immersion Catholic School,Huron-Superior CDSB,sault ste marie,Elementary,English,93.0,5.0,0.0,324.6,93%,90%,69%,90%,90%,-4.0,4.0,10,340,Sault Ste Marie,46.52245,-84.2669,False
St Paul Catholic School,Huron-Superior CDSB,sault ste marie,Elementary,English,73.0,10.0,0.0,324.6,73%,82%,39%,79%,41%,-19.0,-10.0,20,370,Sault Ste Marie,46.53058,-84.3096,False
St. Basil Catholic School,Huron-Superior CDSB,sault ste marie,Elementary,English,48.0,18.0,4.0,324.6,48%,47%,15%,57%,40%,-15.0,3.0,23,715,Sault Ste. Marie,46.52273,-84.3292,True
Baltimore Public School,Kawartha Pine Ridge DSB,hamilton,Elementary,English,93.0,0.0,0.0,509.1,93%,83%,41%,92%,78%,8.0,-17.0,10,255,Baltimore,44.02402,-78.1451,False
Baltimore Public School,Kawartha Pine Ridge DSB,hamilton,Elementary,English,93.0,0.0,0.0,509.1,93%,83%,41%,92%,78%,8.0,-17.0,10,255,Baltimore,44.02402,-78.1451,False
Baltimore Public School,Kawartha Pine Ridge DSB,hamilton,Elementary,English,93.0,0.0,0.0,43.2,93%,83%,41%,92%,78%,8.0,-17.0,10,255,Baltimore,44.02402,-78.1451,False
Beatrice Strong Public School,Kawartha Pine Ridge DSB,port hope,Elementary,English,64.0,5.0,5.0,62.0,64%,64%,32%,77%,53%,0.0,27.0,15,235,Port Hope,43.96432,-78.2823,False
Brighton Public School,Kawartha Pine Ridge DSB,brighton,Elementary,English,70.0,0.0,0.0,54.2,70%,68%,29%,82%,64%,-16.0,-9.0,15,500,Brighton,44.04299,-77.7328,False
Burnham Public School,Kawartha Pine Ridge DSB,cobourg,Elementary,English,71.0,5.0,0.0,915.7,71%,74%,48%,73%,57%,-16.0,-7.0,15,275,Cobourg,43.96432,-78.1885,False
C R Gummow Public School,Kawartha Pine Ridge DSB,cobourg,Elementary,English,83.0,9.0,0.0,915.7,83%,80%,58%,66%,49%,-4.0,-3.0,15,770,Cobourg,43.96568,-78.1536,False
Camborne Public School,Kawartha Pine Ridge DSB,hamilton,Elementary,English,97.0,0.0,0.0,509.1,97%,90%,52%,94%,84%,12.0,2.0,5,195,Cobourg,44.04031,-78.2211,False
Camborne Public School,Kawartha Pine Ridge DSB,hamilton,Elementary,English,97.0,0.0,0.0,509.1,97%,90%,52%,94%,84%,12.0,2.0,5,195,Cobourg,44.04031,-78.2211,False
Camborne Public School,Kawartha Pine Ridge DSB,hamilton,Elementary,English,97.0,0.0,0.0,43.2,97%,90%,52%,94%,84%,12.0,2.0,5,195,Cobourg,44.04031,-78.2211,False
Central Public School,Kawartha Pine Ridge DSB,clarington,Elementary,English,70.0,10.0,0.0,166.0,70%,78%,43%,61%,32%,3.0,7.0,10,245,Bowmanville,43.91492,-78.6897,False
Charles Bowman Public School,Kawartha Pine Ridge DSB,clarington,Elementary,English,80.0,6.0,1.0,166.0,80%,75%,49%,83%,81%,-6.0,14.0,12,910,Bowmanville,43.93102,-78.6974,False
Chemong Public School,Kawartha Pine Ridge DSB,peterborough,Elementary,English,89.0,0.0,0.0,39.1,89%,87%,37%,72%,70%,4.0,1.0,10,445,Bridgenorth,44.37967,-78.3815,False
Chemong Public School,Kawartha Pine Ridge DSB,peterborough,Elementary,English,89.0,0.0,0.0,1291.8,89%,87%,37%,72%,70%,4.0,1.0,10,445,Bridgenorth,44.37967,-78.3815,False
Courtice North Public School,Kawartha Pine Ridge DSB,clarington,Elementary,English,86.0,2.0,0.0,166.0,86%,71%,45%,78%,71%,19.0,1.0,15,520,Courtice,43.91443,-78.7867,False
Dr Emily Stowe Public School,Kawartha Pine Ridge DSB,clarington,Elementary,English,90.0,0.0,0.0,166.0,90%,77%,62%,76%,76%,4.0,14.0,20,370,Courtice,43.90528,-78.7928,False
Dr G J MacGillivray Public School,Kawartha Pine Ridge DSB,clarington,Elementary,English,83.0,3.0,0.0,166.0,83%,79%,61%,66%,62%,3.0,7.0,6,905,Courtice,43.89427,-78.7964,False
Dr M S Hawkins Sr. Public School,Kawartha Pine Ridge DSB,port hope,Elementary,English,77.0,10.0,0.0,62.0,77%,74%,38%,,,,,35,275,Port Hope,43.95765,-78.3102,False
Dr Ross Tilley Public School,Kawartha Pine Ridge DSB,clarington,Elementary,English,82.0,6.0,4.0,166.0,82%,67%,51%,78%,60%,14.0,28.0,16,600,Bowmanville,43.89844,-78.7012,False
Duke of Cambridge Public School,Kawartha Pine Ridge DSB,clarington,Elementary,English,98.0,5.0,2.0,166.0,98%,97%,74%,80%,53%,1.0,10.0,11,815,Bowmanville,43.91389,-78.6798,False
Edmison Heights Public School,Kawartha Pine Ridge DSB,peterborough,Elementary,English,91.0,9.0,1.0,39.1,91%,89%,61%,72%,61%,-7.0,-8.0,7,545,Peterborough,44.33456,-78.3205,False
Edmison Heights Public School,Kawartha Pine Ridge DSB,peterborough,Elementary,English,91.0,9.0,1.0,1291.8,91%,89%,61%,72%,61%,-7.0,-8.0,7,545,Peterborough,44.33456,-78.3205,False
Enniskillen Public School,Kawartha Pine Ridge DSB,enniskillen,Elementary,English,75.0,0.0,0.0,8.4,75%,71%,46%,71%,33%,-25.0,-4.0,10,245,Hampton,44.01819,-78.7716,False
Grafton Public School,Kawartha Pine Ridge DSB,alnwickhaldimand,Elementary,English,97.0,5.0,0.0,18.8,97%,69%,52%,74%,63%,14.0,10.0,10,270,Grafton,43.98653,-78.0217,False
Harold Longworth Public School,Kawartha Pine Ridge DSB,clarington,Elementary,English,72.0,6.0,4.0,166.0,72%,63%,25%,51%,48%,-10.0,-1.0,13,615,Bowmanville,43.93252,-78.6825,False
Hastings Public School,Kawartha Pine Ridge DSB,trent hills,Elementary,English,100.0,5.0,0.0,27.0,100%,73%,70%,92%,92%,0.0,27.0,10,120,Hastings,44.31057,-77.9602,False
Havelock-Belmont Public School,Kawartha Pine Ridge DSB,havelock-belmont-methuen,Elementary,English,54.0,15.0,5.0,9.6,54%,50%,21%,50%,42%,-36.0,-17.0,20,215,Havelock,44.43647,-77.8794,True
Highland Heights Public School,Kawartha Pine Ridge DSB,peterborough,Elementary,English,72.0,10.0,10.0,39.1,72%,68%,20%,63%,44%,5.0,-7.0,30,210,Peterborough,44.31817,-78.3367,False
Highland Heights Public School,Kawartha Pine Ridge DSB,peterborough,Elementary,English,72.0,10.0,10.0,1291.8,72%,68%,20%,63%,44%,5.0,-7.0,30,210,Peterborough,44.31817,-78.3367,False
Hillcrest Public School,Kawartha Pine Ridge DSB,trent hills,Elementary,English,58.0,10.0,5.0,27.0,58%,67%,17%,61%,58%,-18.0,-21.0,20,250,Campbellford,44.30707,-77.791,True
James Strath Public School,Kawartha Pine Ridge DSB,peterborough,Elementary,English,91.0,5.0,1.0,39.1,91%,91%,62%,82%,69%,4.0,8.0,21,615,Peterborough,44.28744,-78.3772,False
James Strath Public School,Kawartha Pine Ridge DSB,peterborough,Elementary,English,91.0,5.0,1.0,1291.8,91%,91%,62%,82%,69%,4.0,8.0,21,615,Peterborough,44.28744,-78.3772,False
John M James Public School,Kawartha Pine Ridge DSB,clarington,Elementary,English,83.0,5.0,1.0,166.0,83%,90%,33%,80%,61%,2.0,9.0,17,505,Bowmanville,43.92419,-78.6741,False
Kaawaate East City Public School,Kawartha Pine Ridge DSB,peterborough,Elementary,English,71.0,10.0,1.0,39.1,71%,65%,28%,76%,57%,-12.0,-1.0,17,785,Peterborough,44.307811441,-78.30510586,False
Kaawaate East City Public School,Kawartha Pine Ridge DSB,peterborough,Elementary,English,71.0,10.0,1.0,1291.8,71%,65%,28%,76%,57%,-12.0,-1.0,17,785,Peterborough,44.307811441,-78.30510586,False
Kawartha Heights Public School,Kawartha Pine Ridge DSB,peterborough,Elementary,English,68.0,10.0,5.0,39.1,68%,74%,35%,83%,73%,-19.0,-4.0,15,250,Peterborough,44.27824,-78.3658,False
Kawartha Heights Public School,Kawartha Pine Ridge DSB,peterborough,Elementary,English,68.0,10.0,5.0,1291.8,68%,74%,35%,83%,73%,-19.0,-4.0,15,250,Peterborough,44.27824,-78.3658,False
Keith Wightman Public School,Kawartha Pine Ridge DSB,peterborough,Elementary,English,59.0,20.0,10.0,39.1,59%,65%,29%,60%,47%,-26.0,4.0,20,240,Peterborough,44.28674,-78.3414,True
Keith Wightman Public School,Kawartha Pine Ridge DSB,peterborough,Elementary,English,59.0,20.0,10.0,1291.8,59%,65%,29%,60%,47%,-26.0,4.0,20,240,Peterborough,44.28674,-78.3414,True
Kent Public School,Kawartha Pine Ridge DSB,trent hills,Elementary,English,23.0,10.0,0.0,27.0,23%,45%,6%,41%,48%,-59.0,-30.0,25,270,Campbellford,44.312,-77.8014,True
Lydia Trull Public School,Kawartha Pine Ridge DSB,clarington,Elementary,English,100.0,0.0,0.0,166.0,100%,92%,35%,59%,62%,0.0,4.0,20,350,Courtice,43.90633,-78.7812,False
M J Hobbs Senior Public School,Kawartha Pine Ridge DSB,clarington,Elementary,English,88.0,0.0,5.0,166.0,88%,90%,60%,80%,68%,-6.0,10.0,25,320,Hampton,43.96466,-78.744,False
Merwin Greer Public School,Kawartha Pine Ridge DSB,cobourg,Elementary,English,100.0,5.0,0.0,915.7,100%,93%,43%,93%,67%,0.0,-19.0,15,105,Cobourg,43.96534,-78.1414,False
Millbrook/South Cavan Public School,Kawartha Pine Ridge DSB,cavan monaghan,Elementary,English,67.0,3.0,0.0,32.7,67%,66%,39%,73%,70%,-25.0,-4.0,13,585,Millbrook,44.1555,-78.4497,False
Murray Centennial Public School,Kawartha Pine Ridge DSB,quinte west,Elementary,English,78.0,5.0,1.0,94.0,78%,81%,37%,65%,57%,-1.0,11.0,19,580,Trenton,44.09731,-77.6162,False
North Cavan Public School,Kawartha Pine Ridge DSB,cavan monaghan,Elementary,English,96.0,5.0,0.0,32.7,96%,96%,64%,69%,58%,-4.0,-3.0,20,210,Cavan,44.21827,-78.476,False
North Hope Central Public School,Kawartha Pine Ridge DSB,port hope,Elementary,English,71.0,5.0,0.0,62.0,71%,57%,43%,65%,53%,-29.0,0.0,10,120,Campbellcroft,44.0546,-78.4164,False
North Shore Public School,Kawartha Pine Ridge DSB,otonabee-south monaghan,Elementary,English,90.0,5.0,0.0,20.5,90%,90%,31%,67%,53%,-5.0,-8.0,20,395,Keene,44.23823,-78.1819,False
Northumberland Hills Public School,Kawartha Pine Ridge DSB,cramahe,Elementary,English,62.0,5.0,0.0,32.2,62%,70%,32%,67%,81%,-6.0,-3.0,10,360,Castleton,44.09688,-77.9333,False
Norwood District Public School,Kawartha Pine Ridge DSB,asphodel-norwood,Elementary,English,72.0,10.0,0.0,28.8,72%,78%,28%,61%,57%,-7.0,-21.0,10,330,Norwood,44.37965,-77.9739,False
Orono Public School,Kawartha Pine Ridge DSB,clarington,Elementary,English,91.0,0.0,0.0,166.0,91%,89%,54%,77%,60%,17.0,2.0,10,225,Orono,43.97984,-78.6159,False
Otonabee Valley Public School,Kawartha Pine Ridge DSB,peterborough,Elementary,English,61.0,10.0,5.0,39.1,61%,57%,29%,33%,21%,-27.0,12.0,20,255,Peterborough,44.282,-78.3093,False
Otonabee Valley Public School,Kawartha Pine Ridge DSB,peterborough,Elementary,English,61.0,10.0,5.0,1291.8,61%,57%,29%,33%,21%,-27.0,12.0,20,255,Peterborough,44.282,-78.3093,False
Percy Centennial Public School,Kawartha Pine Ridge DSB,trent hills,Elementary,English,88.0,10.0,0.0,27.0,88%,82%,64%,71%,71%,-6.0,5.0,15,280,Warkworth,44.2038,-77.8817,False
Plainville Public School,Kawartha Pine Ridge DSB,hamilton,Elementary,English,79.0,0.0,0.0,509.1,79%,62%,38%,71%,53%,-13.0,-2.0,15,230,Gores Landing,44.10239,-78.2275,False
Plainville Public School,Kawartha Pine Ridge DSB,hamilton,Elementary,English,79.0,0.0,0.0,509.1,79%,62%,38%,71%,53%,-13.0,-2.0,15,230,Gores Landing,44.10239,-78.2275,False
Plainville Public School,Kawartha Pine Ridge DSB,hamilton,Elementary,English,79.0,0.0,0.0,43.2,79%,62%,38%,71%,53%,-13.0,-2.0,15,230,Gores Landing,44.10239,-78.2275,False
Prince of Wales Public School,Kawartha Pine Ridge DSB,peterborough,Elementary,English,78.0,20.0,8.0,39.1,78%,61%,29%,57%,48%,-8.0,-25.0,22,555,Peterborough,44.29754,-78.3353,False
Prince of Wales Public School,Kawartha Pine Ridge DSB,peterborough,Elementary,English,78.0,20.0,8.0,1291.8,78%,61%,29%,57%,48%,-8.0,-25.0,22,555,Peterborough,44.29754,-78.3353,False
Queen Elizabeth Public School,Kawartha Pine Ridge DSB,peterborough,Elementary,English,100.0,20.0,0.0,39.1,100%,100%,59%,62%,25%,21.0,37.0,30,220,Peterborough,44.32135,-78.3243,False
Queen Elizabeth Public School,Kawartha Pine Ridge DSB,peterborough,Elementary,English,100.0,20.0,0.0,1291.8,100%,100%,59%,62%,25%,21.0,37.0,30,220,Peterborough,44.32135,-78.3243,False
Queen Mary Public School,Kawartha Pine Ridge DSB,peterborough,Elementary,English,91.0,20.0,5.0,39.1,91%,71%,43%,41%,19%,17.0,13.0,20,365,Peterborough,44.30515,-78.3384,False
Queen Mary Public School,Kawartha Pine Ridge DSB,peterborough,Elementary,English,91.0,20.0,5.0,1291.8,91%,71%,43%,41%,19%,17.0,13.0,20,365,Peterborough,44.30515,-78.3384,False
R F Downey Public School,Kawartha Pine Ridge DSB,peterborough,Elementary,English,70.0,10.0,0.0,39.1,70%,67%,26%,71%,77%,-8.0,-23.0,25,265,Peterborough,44.3341,-78.3329,False
R F Downey Public School,Kawartha Pine Ridge DSB,peterborough,Elementary,English,70.0,10.0,0.0,1291.8,70%,67%,26%,71%,77%,-8.0,-23.0,25,265,Peterborough,44.3341,-78.3329,False
Roger Neilson Public School,Kawartha Pine Ridge DSB,peterborough,Elementary,English,71.0,20.0,5.0,39.1,71%,71%,16%,65%,70%,-6.0,-25.0,20,250,Peterborough,44.27443,-78.3312,False
Roger Neilson Public School,Kawartha Pine Ridge DSB,peterborough,Elementary,English,71.0,20.0,5.0,1291.8,71%,71%,16%,65%,70%,-6.0,-25.0,20,250,Peterborough,44.27443,-78.3312,False
Roseneath Centennial Public School,Kawartha Pine Ridge DSB,alnwickhaldimand,Elementary,English,79.0,5.0,0.0,18.8,79%,84%,37%,42%,42%,6.0,-3.0,10,185,Roseneath,44.18851,-78.0597,False
S T Worden Public School,Kawartha Pine Ridge DSB,clarington,Elementary,English,75.0,0.0,0.0,166.0,75%,67%,35%,68%,55%,-18.0,-22.0,10,255,Courtice,43.91034,-78.8082,False
Smithfield Public School,Kawartha Pine Ridge DSB,brighton,Elementary,English,71.0,5.0,0.0,54.2,71%,71%,29%,76%,60%,-5.0,11.0,15,210,Brighton,44.0656,-77.6807,False
Spring Valley Public School,Kawartha Pine Ridge DSB,brighton,Elementary,English,56.0,5.0,0.0,54.2,56%,62%,25%,65%,46%,-40.0,-13.0,20,200,Brighton,44.06399,-77.7422,True
Stockdale Public School,Kawartha Pine Ridge DSB,quinte west,Elementary,English,95.0,0.0,0.0,94.0,95%,100%,30%,64%,60%,8.0,-9.0,20,235,Frankford,44.20184,-77.6307,False
Terry Fox Public School,Kawartha Pine Ridge DSB,cobourg,Elementary,English,84.0,10.0,5.0,915.7,84%,80%,44%,77%,77%,-6.0,11.0,20,380,Cobourg,43.97775,-78.1929,False
The Pines Sr. Public School,Kawartha Pine Ridge DSB,clarington,Elementary,English,74.0,0.0,5.0,166.0,74%,80%,32%,,,,,30,320,Newcastle,43.94253,-78.6013,False
Vincent Massey Public School,Kawartha Pine Ridge DSB,clarington,Elementary,English,45.0,10.0,0.0,166.0,45%,38%,15%,86%,75%,-32.0,-18.0,20,400,Bowmanville,43.91227,-78.6789,True
Warsaw Public School,Kawartha Pine Ridge DSB,douro-dummer,Elementary,English,50.0,5.0,0.0,16.6,50%,50%,10%,40%,40%,-33.0,-29.0,20,140,Warsaw,44.43586,-78.1316,True
Waverley Public School,Kawartha Pine Ridge DSB,cobourg,Elementary,English,76.0,0.0,5.0,915.7,76%,76%,43%,44%,46%,5.0,5.0,20,380,Bowmanville,43.902,-78.6918,False
Westmount Public School,Kawartha Pine Ridge DSB,peterborough,Elementary,English,82.0,6.0,1.0,39.1,82%,75%,49%,67%,52%,-11.0,-18.0,9,510,Peterborough,44.30454,-78.3527,False
Westmount Public School,Kawartha Pine Ridge DSB,peterborough,Elementary,English,82.0,6.0,1.0,1291.8,82%,75%,49%,67%,52%,-11.0,-18.0,9,510,Peterborough,44.30454,-78.3527,False
Evergreen Public School,Keewatin-Patricia DSB,kenora,Elementary,English,43.0,5.0,10.0,0.2,43%,52%,29%,36%,14%,-7.0,10.0,15,145,Kenora,49.77279,-94.4724,True
Evergreen Public School,Keewatin-Patricia DSB,kenora,Elementary,English,43.0,5.0,10.0,70.7,43%,52%,29%,36%,14%,-7.0,10.0,15,145,Kenora,49.77279,-94.4724,True
Evergreen Public School,Keewatin-Patricia DSB,kenora,Elementary,English,43.0,5.0,10.0,0.0,43%,52%,29%,36%,14%,-7.0,10.0,15,145,Kenora,49.77279,-94.4724,True
Golden Learning Centre,Keewatin-Patricia DSB,red lake,Elementary,English,86.0,0.0,10.0,6.8,86%,82%,36%,94%,78%,-14.0,-33.0,5,190,Balmertown,51.05949,-93.74,False
Keewatin Public School,Keewatin-Patricia DSB,kenora,Elementary,English,38.0,5.0,10.0,0.2,38%,24%,12%,64%,23%,-15.0,-1.0,10,165,Keewatin,49.76,-94.561,True
Keewatin Public School,Keewatin-Patricia DSB,kenora,Elementary,English,38.0,5.0,10.0,70.7,38%,24%,12%,64%,23%,-15.0,-1.0,10,165,Keewatin,49.76,-94.561,True
Keewatin Public School,Keewatin-Patricia DSB,kenora,Elementary,English,38.0,5.0,10.0,0.0,38%,24%,12%,64%,23%,-15.0,-1.0,10,165,Keewatin,49.76,-94.561,True
King George VI Public School,Keewatin-Patricia DSB,kenora,Elementary,English,50.0,10.0,5.0,0.2,50%,36%,0%,45%,39%,-42.0,-38.0,10,255,Kenora,49.76224,-94.4819,True
King George VI Public School,Keewatin-Patricia DSB,kenora,Elementary,English,50.0,10.0,5.0,70.7,50%,36%,0%,45%,39%,-42.0,-38.0,10,255,Kenora,49.76224,-94.4819,True
King George VI Public School,Keewatin-Patricia DSB,kenora,Elementary,English,50.0,10.0,5.0,0.0,50%,36%,0%,45%,39%,-42.0,-38.0,10,255,Kenora,49.76224,-94.4819,True
New Prospect Public School,Keewatin-Patricia DSB,dryden,Elementary,English,94.0,5.0,0.0,112.7,94%,100%,77%,74%,77%,-2.0,16.0,5,315,Dryden,49.79332,-92.8375,False
Open Roads Public School,Keewatin-Patricia DSB,dryden,Elementary,English,79.0,5.0,5.0,112.7,79%,66%,21%,79%,69%,-18.0,-36.0,10,355,Dryden,49.7736,-92.8405,False
Red Lake Madsen Public School,Keewatin-Patricia DSB,red lake,Elementary,English,100.0,5.0,5.0,6.8,100%,93%,93%,85%,80%,15.0,53.0,10,160,Red Lake,51.01936,-93.8271,False
Sioux Mountain Public School,Keewatin-Patricia DSB,sioux lookout,Elementary,English,50.0,10.0,15.0,15.4,50%,43%,18%,30%,23%,-8.0,8.0,15,330,Sioux Lookout,50.10714,-91.9099,True
Valleyview Public School,Keewatin-Patricia DSB,kenora,Elementary,English,68.0,0.0,5.0,0.2,68%,61%,36%,84%,81%,-15.0,-22.0,0,350,Kenora,49.78314,-94.4457,False
Valleyview Public School,Keewatin-Patricia DSB,kenora,Elementary,English,68.0,0.0,5.0,70.7,68%,61%,36%,84%,81%,-15.0,-22.0,0,350,Kenora,49.78314,-94.4457,False
Valleyview Public School,Keewatin-Patricia DSB,kenora,Elementary,English,68.0,0.0,5.0,0.0,68%,61%,36%,84%,81%,-15.0,-22.0,0,350,Kenora,49.78314,-94.4457,False
St John School,Kenora CDSB,red lake,Elementary,English,78.0,5.0,0.0,6.8,78%,50%,44%,92%,67%,-5.0,11.0,20,135,Red Lake,51.01931,-93.8187,False
St Louis Separate School,Kenora CDSB,kenora,Elementary,English,90.0,5.0,5.0,0.2,90%,85%,30%,67%,40%,-10.0,1.0,25,125,Keewatin,49.75911,-94.5565,False
St Louis Separate School,Kenora CDSB,kenora,Elementary,English,90.0,5.0,5.0,70.7,90%,85%,30%,67%,40%,-10.0,1.0,25,125,Keewatin,49.75911,-94.5565,False
St Louis Separate School,Kenora CDSB,kenora,Elementary,English,90.0,5.0,5.0,0.0,90%,85%,30%,67%,40%,-10.0,1.0,25,125,Keewatin,49.75911,-94.5565,False
St. John Paul II School,Kenora CDSB,kenora,Elementary,English,56.0,10.0,10.0,0.2,56%,53%,21%,77%,68%,-18.0,-11.0,15,225,Kenora,49.78139,-94.4603,True
St. John Paul II School,Kenora CDSB,kenora,Elementary,English,56.0,10.0,10.0,70.7,56%,53%,21%,77%,68%,-18.0,-11.0,15,225,Kenora,49.78139,-94.4603,True
St. John Paul II School,Kenora CDSB,kenora,Elementary,English,56.0,10.0,10.0,0.0,56%,53%,21%,77%,68%,-18.0,-11.0,15,225,Kenora,49.78139,-94.4603,True
École Ste Marguerite Bourgeoys,Kenora CDSB,kenora,Elementary,English,85.0,5.0,0.0,0.2,85%,95%,70%,83%,65%,15.0,33.0,10,220,Kenora,49.78189,-94.4587,False
École Ste Marguerite Bourgeoys,Kenora CDSB,kenora,Elementary,English,85.0,5.0,0.0,70.7,85%,95%,70%,83%,65%,15.0,33.0,10,220,Kenora,49.78189,-94.4587,False
École Ste Marguerite Bourgeoys,Kenora CDSB,kenora,Elementary,English,85.0,5.0,0.0,0.0,85%,95%,70%,83%,65%,15.0,33.0,10,220,Kenora,49.78189,-94.4587,False
Algonquin Avenue Public School,Lakehead DSB,thunder bay,Elementary,English,79.0,30.0,20.0,1.4,79%,81%,37%,73%,54%,0.0,31.0,10,255,Thunder Bay,48.43859,-89.2505,False
Algonquin Avenue Public School,Lakehead DSB,thunder bay,Elementary,English,79.0,30.0,20.0,332.1,79%,81%,37%,73%,54%,0.0,31.0,10,255,Thunder Bay,48.43859,-89.2505,False
Algonquin Avenue Public School,Lakehead DSB,thunder bay,Elementary,English,79.0,30.0,20.0,0.1,79%,81%,37%,73%,54%,0.0,31.0,10,255,Thunder Bay,48.43859,-89.2505,False
Armstrong Elementary School,Lakehead DSB,thunder bay,Elementary,English,17.0,5.0,30.0,1.4,17%,38%,0%,77%,54%,-25.0,-8.0,10,145,Armstrong,50.29654,-89.0477,True
Armstrong Elementary School,Lakehead DSB,thunder bay,Elementary,English,17.0,5.0,30.0,332.1,17%,38%,0%,77%,54%,-25.0,-8.0,10,145,Armstrong,50.29654,-89.0477,True
Armstrong Elementary School,Lakehead DSB,thunder bay,Elementary,English,17.0,5.0,30.0,0.1,17%,38%,0%,77%,54%,-25.0,-8.0,10,145,Armstrong,50.29654,-89.0477,True
C D Howe Public School,Lakehead DSB,thunder bay,Elementary,English,76.0,10.0,5.0,1.4,76%,66%,21%,80%,70%,-7.0,-21.0,15,255,Thunder Bay,48.44817,-89.2425,False
C D Howe Public School,Lakehead DSB,thunder bay,Elementary,English,76.0,10.0,5.0,332.1,76%,66%,21%,80%,70%,-7.0,-21.0,15,255,Thunder Bay,48.44817,-89.2425,False
C D Howe Public School,Lakehead DSB,thunder bay,Elementary,English,76.0,10.0,5.0,0.1,76%,66%,21%,80%,70%,-7.0,-21.0,15,255,Thunder Bay,48.44817,-89.2425,False
Claude E Garton Public School,Lakehead DSB,thunder bay,Elementary,English,97.0,10.0,0.0,1.4,97%,95%,76%,86%,80%,30.0,55.0,10,440,Thunder Bay,48.46482,-89.187,False
Claude E Garton Public School,Lakehead DSB,thunder bay,Elementary,English,97.0,10.0,0.0,332.1,97%,95%,76%,86%,80%,30.0,55.0,10,440,Thunder Bay,48.46482,-89.187,False
Claude E Garton Public School,Lakehead DSB,thunder bay,Elementary,English,97.0,10.0,0.0,0.1,97%,95%,76%,86%,80%,30.0,55.0,10,440,Thunder Bay,48.46482,-89.187,False
Crestview Public School,Lakehead DSB,oliver paipoonge,Elementary,English,94.0,5.0,0.0,17.2,94%,88%,38%,94%,94%,2.0,7.0,10,200,Murillo,48.41489,-89.4866,False
Ecole Elsie MacGill PS (Elementary),Lakehead DSB,thunder bay,Elementary,English,96.0,10.0,4.0,1.4,96%,96%,58%,90%,78%,7.0,32.0,6,775,Thunder Bay,48.38839,-89.28096,False
Ecole Elsie MacGill PS (Elementary),Lakehead DSB,thunder bay,Elementary,English,96.0,10.0,4.0,332.1,96%,96%,58%,90%,78%,7.0,32.0,6,775,Thunder Bay,48.38839,-89.28096,False
Ecole Elsie MacGill PS (Elementary),Lakehead DSB,thunder bay,Elementary,English,96.0,10.0,4.0,0.1,96%,96%,58%,90%,78%,7.0,32.0,6,775,Thunder Bay,48.38839,-89.28096,False
Ecole Gron Morgan Public School,Lakehead DSB,thunder bay,Elementary,English,82.0,12.0,7.0,1.4,82%,88%,64%,86%,65%,-7.0,10.0,10,760,Thunder Bay,48.43421,-89.2457,False
Ecole Gron Morgan Public School,Lakehead DSB,thunder bay,Elementary,English,82.0,12.0,7.0,332.1,82%,88%,64%,86%,65%,-7.0,10.0,10,760,Thunder Bay,48.43421,-89.2457,False
Ecole Gron Morgan Public School,Lakehead DSB,thunder bay,Elementary,English,82.0,12.0,7.0,0.1,82%,88%,64%,86%,65%,-7.0,10.0,10,760,Thunder Bay,48.43421,-89.2457,False
Five Mile Public School,Lakehead DSB,shuniah,Elementary,English,87.0,0.0,0.0,5.7,87%,80%,53%,97%,83%,7.0,18.0,10,250,Thunder Bay,48.47303,-89.3095,False
Gorham and Ware Community Public School,Lakehead DSB,neebing,Elementary,English,95.0,10.0,0.0,2.6,95%,95%,70%,88%,92%,16.0,34.0,10,210,Gorham,48.56337,-89.3605,False
Kakabeka Falls District Public School,Lakehead DSB,oliver paipoonge,Elementary,English,88.0,0.0,0.0,17.2,88%,80%,40%,78%,56%,-12.0,2.0,5,220,Kakabeka Falls,48.40229,-89.6158,False
Kingsway Park Public School,Lakehead DSB,thunder bay,Elementary,English,86.0,10.0,5.0,1.4,86%,84%,49%,65%,38%,19.0,37.0,10,385,Thunder Bay,48.37209,-89.2667,False
Kingsway Park Public School,Lakehead DSB,thunder bay,Elementary,English,86.0,10.0,5.0,332.1,86%,84%,49%,65%,38%,19.0,37.0,10,385,Thunder Bay,48.37209,-89.2667,False
Kingsway Park Public School,Lakehead DSB,thunder bay,Elementary,English,86.0,10.0,5.0,0.1,86%,84%,49%,65%,38%,19.0,37.0,10,385,Thunder Bay,48.37209,-89.2667,False
McKellar Park Central Public School,Lakehead DSB,thunder bay,Elementary,English,81.0,25.0,5.0,1.4,81%,94%,31%,92%,75%,12.0,8.0,20,130,Thunder Bay,48.38739,-89.2493,False
McKellar Park Central Public School,Lakehead DSB,thunder bay,Elementary,English,81.0,25.0,5.0,332.1,81%,94%,31%,92%,75%,12.0,8.0,20,130,Thunder Bay,48.38739,-89.2493,False
McKellar Park Central Public School,Lakehead DSB,thunder bay,Elementary,English,81.0,25.0,5.0,0.1,81%,94%,31%,92%,75%,12.0,8.0,20,130,Thunder Bay,48.38739,-89.2493,False
McKenzie Public School,Lakehead DSB,shuniah,Elementary,English,92.0,0.0,0.0,5.7,92%,75%,33%,92%,83%,-8.0,8.0,10,120,Shuniah,48.52877,-88.9562,False
Nor'wester View Public School,Lakehead DSB,thunder bay,Elementary,English,93.0,0.0,5.0,1.4,93%,97%,62%,97%,88%,9.0,15.0,5,305,Thunder Bay,48.31608,-89.3602,False
Nor'wester View Public School,Lakehead DSB,thunder bay,Elementary,English,93.0,0.0,5.0,332.1,93%,97%,62%,97%,88%,9.0,15.0,5,305,Thunder Bay,48.31608,-89.3602,False
Nor'wester View Public School,Lakehead DSB,thunder bay,Elementary,English,93.0,0.0,5.0,0.1,93%,97%,62%,97%,88%,9.0,15.0,5,305,Thunder Bay,48.31608,-89.3602,False
Sherbrooke Public School,Lakehead DSB,thunder bay,Elementary,English,64.0,35.0,15.0,1.4,64%,40%,7%,73%,45%,-1.0,-17.0,30,150,Thunder Bay,48.39613,-89.2807,False
Sherbrooke Public School,Lakehead DSB,thunder bay,Elementary,English,64.0,35.0,15.0,332.1,64%,40%,7%,73%,45%,-1.0,-17.0,30,150,Thunder Bay,48.39613,-89.2807,False
Sherbrooke Public School,Lakehead DSB,thunder bay,Elementary,English,64.0,35.0,15.0,0.1,64%,40%,7%,73%,45%,-1.0,-17.0,30,150,Thunder Bay,48.39613,-89.2807,False
St James Public School,Lakehead DSB,thunder bay,Elementary,English,93.0,20.0,5.0,1.4,93%,80%,53%,73%,53%,22.0,34.0,15,195,Thunder Bay,48.4419,-89.2144,False
St James Public School,Lakehead DSB,thunder bay,Elementary,English,93.0,20.0,5.0,332.1,93%,80%,53%,73%,53%,22.0,34.0,15,195,Thunder Bay,48.4419,-89.2144,False
St James Public School,Lakehead DSB,thunder bay,Elementary,English,93.0,20.0,5.0,0.1,93%,80%,53%,73%,53%,22.0,34.0,15,195,Thunder Bay,48.4419,-89.2144,False
Valley Central Public School,Lakehead DSB,oliver paipoonge,Elementary,English,91.0,0.0,5.0,17.2,91%,87%,57%,100%,100%,1.0,-3.0,10,245,Slate River,48.32558,-89.4683,False
Vance Chapman Public School,Lakehead DSB,thunder bay,Elementary,English,86.0,10.0,5.0,1.4,86%,86%,93%,94%,100%,28.0,72.0,20,205,Thunder Bay,48.4609,-89.2223,False
Vance Chapman Public School,Lakehead DSB,thunder bay,Elementary,English,86.0,10.0,5.0,332.1,86%,86%,93%,94%,100%,28.0,72.0,20,205,Thunder Bay,48.4609,-89.2223,False
Vance Chapman Public School,Lakehead DSB,thunder bay,Elementary,English,86.0,10.0,5.0,0.1,86%,86%,93%,94%,100%,28.0,72.0,20,205,Thunder Bay,48.4609,-89.2223,False
Westmount Public School,Lakehead DSB,thunder bay,Elementary,English,70.0,15.0,5.0,1.4,70%,78%,52%,76%,62%,-15.0,19.0,20,330,Thunder Bay,48.37932,-89.2793,False
Westmount Public School,Lakehead DSB,thunder bay,Elementary,English,70.0,15.0,5.0,332.1,70%,78%,52%,76%,62%,-15.0,19.0,20,330,Thunder Bay,48.37932,-89.2793,False
Westmount Public School,Lakehead DSB,thunder bay,Elementary,English,70.0,15.0,5.0,0.1,70%,78%,52%,76%,62%,-15.0,19.0,20,330,Thunder Bay,48.37932,-89.2793,False
Whitefish Valley Public School,Lakehead DSB,gillies,Elementary,English,100.0,10.0,0.0,4.8,100%,73%,60%,57%,57%,19.0,35.0,10,155,Kakabeka Falls,48.30463,-89.7018,False
Woodcrest Public School,Lakehead DSB,thunder bay,Elementary,English,67.0,7.0,3.0,1.4,67%,62%,44%,68%,58%,-20.0,3.0,12,535,Thunder Bay,48.45083,-89.2856,False
Woodcrest Public School,Lakehead DSB,thunder bay,Elementary,English,67.0,7.0,3.0,332.1,67%,62%,44%,68%,58%,-20.0,3.0,12,535,Thunder Bay,48.45083,-89.2856,False
Woodcrest Public School,Lakehead DSB,thunder bay,Elementary,English,67.0,7.0,3.0,0.1,67%,62%,44%,68%,58%,-20.0,3.0,12,535,Thunder Bay,48.45083,-89.2856,False
A A Wright Public School,Lambton Kent DSB,chatham-kent,Elementary,English,54.0,20.0,10.0,42.3,54%,59%,21%,62%,42%,-10.0,11.0,15,270,Wallaceburg,42.59151,-82.4041,True
A A Wright Public School,Lambton Kent DSB,chatham-kent,Elementary,English,54.0,20.0,10.0,42.4,54%,59%,21%,62%,42%,-10.0,11.0,15,270,Wallaceburg,42.59151,-82.4041,True
Aberarder Central School,Lambton Kent DSB,plympton-wyoming,Elementary,English,100.0,5.0,0.0,26.1,100%,100%,75%,75%,58%,12.0,19.0,20,120,Camlachie,43.05384,-82.0964,False
Bosanquet Central Public School,Lambton Kent DSB,lambton shores,Elementary,English,48.0,5.0,0.0,35.9,48%,33%,10%,67%,44%,-28.0,-19.0,20,190,Thedford,43.15662,-81.8818,True
Brigden School,Lambton Kent DSB,st clair,Elementary,English,83.0,5.0,0.0,23.7,83%,83%,50%,67%,67%,-17.0,9.0,10,180,Brigden,42.81509,-82.281,False
Bright's Grove Public School,Lambton Kent DSB,sarnia,Elementary,English,89.0,5.0,0.0,439.6,89%,77%,60%,78%,72%,-5.0,10.0,10,335,Bright's Grove,43.03063,-82.2631,False
Brooke Central School,Lambton Kent DSB,brooke-alvinston,Elementary,English,75.0,10.0,5.0,7.6,75%,61%,21%,55%,55%,10.0,-14.0,10,265,Alvinston,42.84186,-81.871,False
Cathcart Boulevard Public School,Lambton Kent DSB,sarnia,Elementary,English,96.0,2.0,0.0,439.6,96%,92%,59%,92%,81%,1.0,-9.0,11,525,Sarnia,43.01014,-82.3634,False
Colonel Cameron Public School,Lambton Kent DSB,st clair,Elementary,English,81.0,0.0,0.0,23.7,81%,76%,57%,50%,43%,12.0,35.0,15,245,Corunna,42.88468,-82.4384,False
Confederation Central School,Lambton Kent DSB,sarnia,Elementary,English,85.0,0.0,0.0,439.6,85%,70%,50%,69%,69%,1.0,6.0,20,250,Sarnia,42.95877,-82.2697,False
Dawn-Euphemia School,Lambton Kent DSB,dawn-euphemia,Elementary,English,93.0,5.0,10.0,4.4,93%,79%,50%,62%,56%,7.0,0.0,10,135,Dresden,42.70801,-82.1211,False
Dresden Area Central School,Lambton Kent DSB,chatham-kent,Elementary,English,89.0,5.0,10.0,42.3,89%,84%,54%,62%,48%,13.0,15.0,10,395,Dresden,42.58557,-82.179,False
Dresden Area Central School,Lambton Kent DSB,chatham-kent,Elementary,English,89.0,5.0,10.0,42.4,89%,84%,54%,62%,48%,13.0,15.0,10,395,Dresden,42.58557,-82.179,False
East Lambton Elementary School,Lambton Kent DSB,warwick,Elementary,English,74.0,0.0,5.0,12.5,74%,58%,32%,57%,57%,0.0,15.0,10,235,Watford,42.95159,-81.8756,False
Errol Road Public School,Lambton Kent DSB,sarnia,Elementary,English,75.0,5.0,0.0,439.6,75%,88%,41%,88%,71%,-10.0,-9.0,15,440,Sarnia,43.00288,-82.3744,False
Errol Village Public School,Lambton Kent DSB,plympton-wyoming,Elementary,English,94.0,0.0,0.0,26.1,94%,91%,71%,60%,62%,-6.0,21.0,10,280,Camlachie,43.04304,-82.1868,False
Grand Bend Public School,Lambton Kent DSB,lambton shores,Elementary,English,89.0,5.0,0.0,35.9,89%,81%,56%,83%,70%,-7.0,-6.0,5,270,Grand Bend,43.30994,-81.7547,False
Gregory Drive Public School,Lambton Kent DSB,chatham-kent,Elementary,English,82.0,5.0,0.0,42.3,82%,86%,46%,70%,44%,-6.0,13.0,10,255,Chatham,42.42034,-82.2156,False
Gregory Drive Public School,Lambton Kent DSB,chatham-kent,Elementary,English,82.0,5.0,0.0,42.4,82%,86%,46%,70%,44%,-6.0,13.0,10,255,Chatham,42.42034,-82.2156,False
H W Burgess Public School,Lambton Kent DSB,chatham-kent,Elementary,English,95.0,5.0,0.0,42.3,95%,95%,70%,47%,47%,-5.0,26.0,10,180,Wallaceburg,42.59704,-82.3712,False
H W Burgess Public School,Lambton Kent DSB,chatham-kent,Elementary,English,95.0,5.0,0.0,42.4,95%,95%,70%,47%,47%,-5.0,26.0,10,180,Wallaceburg,42.59704,-82.3712,False
Hanna Memorial Public School,Lambton Kent DSB,sarnia,Elementary,English,92.0,20.0,5.0,439.6,92%,69%,15%,62%,19%,52.0,5.0,20,185,Sarnia,42.97531,-82.3905,False
Harwich-Raleigh Public School,Lambton Kent DSB,chatham-kent,Elementary,English,82.0,10.0,0.0,42.3,82%,78%,51%,59%,61%,5.0,14.0,5,355,Blenheim,42.33285,-81.9887,False
Harwich-Raleigh Public School,Lambton Kent DSB,chatham-kent,Elementary,English,82.0,10.0,0.0,42.4,82%,78%,51%,59%,61%,5.0,14.0,5,355,Blenheim,42.33285,-81.9887,False
High Park Public School,Lambton Kent DSB,sarnia,Elementary,English,41.0,20.0,5.0,439.6,41%,46%,17%,53%,38%,-18.0,10.0,15,475,Sarnia,42.98221,-82.3719,True
Indian Creek Road Public School,Lambton Kent DSB,chatham-kent,Elementary,English,91.0,7.0,2.0,42.3,91%,88%,60%,79%,65%,-3.0,4.0,10,645,Chatham,42.37852,-82.1814,False
Indian Creek Road Public School,Lambton Kent DSB,chatham-kent,Elementary,English,91.0,7.0,2.0,42.4,91%,88%,60%,79%,65%,-3.0,4.0,10,645,Chatham,42.37852,-82.1814,False
King George VI Public School,Lambton Kent DSB,chatham-kent,Elementary,English,71.0,15.0,5.0,42.3,71%,68%,48%,56%,37%,10.0,27.0,20,315,Chatham,42.41883,-82.1915,False
King George VI Public School,Lambton Kent DSB,chatham-kent,Elementary,English,71.0,15.0,5.0,42.4,71%,68%,48%,56%,37%,10.0,27.0,20,315,Chatham,42.41883,-82.1915,False
King George VI Public School,Lambton Kent DSB,sarnia,Elementary,English,100.0,10.0,5.0,439.6,100%,95%,75%,85%,77%,5.0,17.0,15,275,Sarnia,43.0022,-82.3911,False
Kinnwood Central Public School,Lambton Kent DSB,lambton shores,Elementary,English,82.0,10.0,0.0,35.9,82%,76%,56%,70%,55%,0.0,35.0,10,315,Forest,43.09193,-81.9969,False
Lakeroad Public School,Lambton Kent DSB,sarnia,Elementary,English,90.0,10.0,0.0,439.6,90%,70%,50%,90%,90%,-10.0,30.0,15,165,Sarnia,43.01244,-82.3732,False
Lambton Central Centennial School,Lambton Kent DSB,enniskillen,Elementary,English,91.0,5.0,0.0,8.4,91%,73%,55%,65%,55%,6.0,15.0,15,215,Petrolia,42.85901,-82.1258,False
Lansdowne Public School,Lambton Kent DSB,sarnia,Elementary,English,58.0,25.0,0.0,439.6,58%,55%,19%,26%,41%,-14.0,7.0,20,305,Sarnia,42.96506,-82.3711,True
London Road School,Lambton Kent DSB,sarnia,Elementary,English,75.0,15.0,0.0,439.6,75%,69%,12%,67%,25%,14.0,12.0,20,170,Sarnia,42.97935,-82.3997,False
McNaughton Ave Public School,Lambton Kent DSB,chatham-kent,Elementary,English,80.0,8.0,5.0,42.3,80%,77%,41%,68%,55%,-15.0,0.0,9,740,Chatham,42.42688,-82.1815,False
McNaughton Ave Public School,Lambton Kent DSB,chatham-kent,Elementary,English,80.0,8.0,5.0,42.4,80%,77%,41%,68%,55%,-15.0,0.0,9,740,Chatham,42.42688,-82.1815,False
Naahii Ridge Public School,Lambton Kent DSB,chatham-kent,Elementary,English,85.0,10.0,10.0,42.3,85%,85%,34%,53%,28%,-3.0,-16.0,10,285,Ridgetown,42.44732,-81.8739,False
Naahii Ridge Public School,Lambton Kent DSB,chatham-kent,Elementary,English,85.0,10.0,10.0,42.4,85%,85%,34%,53%,28%,-3.0,-16.0,10,285,Ridgetown,42.44732,-81.8739,False
P.E. McGibbon Public School,Lambton Kent DSB,sarnia,Elementary,English,50.0,20.0,4.0,439.6,50%,45%,30%,30%,25%,-18.0,14.0,21,515,SARNIA,42.96696,-82.3923,True
Plympton-Wyoming Public School,Lambton Kent DSB,plympton-wyoming,Elementary,English,88.0,0.0,0.0,26.1,88%,69%,54%,84%,64%,8.0,22.0,20,285,Wyoming,42.95085,-82.123,False
Queen Elizabeth II C Public School,Lambton Kent DSB,chatham-kent,Elementary,English,37.0,20.0,5.0,42.3,37%,48%,12%,36%,30%,-19.0,8.0,20,305,Chatham,42.39633,-82.1714,True
Queen Elizabeth II C Public School,Lambton Kent DSB,chatham-kent,Elementary,English,37.0,20.0,5.0,42.4,37%,48%,12%,36%,30%,-19.0,8.0,20,305,Chatham,42.39633,-82.1714,True
Queen Elizabeth II P Public School,Lambton Kent DSB,petrolia,Elementary,English,63.0,5.0,0.0,482.6,63%,67%,43%,35%,42%,-21.0,-7.0,10,325,Petrolia,42.88493,-82.1532,False
Queen Elizabeth II School,Lambton Kent DSB,sarnia,Elementary,English,52.0,25.0,10.0,439.6,52%,60%,36%,58%,53%,-24.0,26.0,10,265,Sarnia,42.97161,-82.373,True
Riverview Central School,Lambton Kent DSB,st clair,Elementary,English,100.0,0.0,0.0,23.7,100%,90%,60%,71%,71%,27.0,24.0,10,135,Port Lambton,42.68504,-82.4948,False
Rosedale Public School,Lambton Kent DSB,sarnia,Elementary,English,83.0,5.0,0.0,439.6,83%,76%,37%,80%,78%,-2.0,-6.0,10,490,Sarnia,42.99295,-82.3746,False
Sir John Moore Community School,Lambton Kent DSB,st clair,Elementary,English,72.0,0.0,0.0,23.7,72%,68%,44%,72%,67%,2.0,23.0,15,470,Corunna,42.87714,-82.4458,False
Tecumseh Public School,Lambton Kent DSB,chatham-kent,Elementary,English,65.0,10.0,6.0,42.3,65%,57%,24%,48%,42%,10.0,9.0,14,570,Chatham,42.409,-82.2101,False
Tecumseh Public School,Lambton Kent DSB,chatham-kent,Elementary,English,65.0,10.0,6.0,42.4,65%,57%,24%,48%,42%,10.0,9.0,14,570,Chatham,42.409,-82.2101,False
Thamesville Area Central Public School,Lambton Kent DSB,chatham-kent,Elementary,English,89.0,10.0,20.0,42.3,89%,78%,28%,19%,19%,16.0,1.0,15,160,Thamesville,42.55589,-81.9765,False
Thamesville Area Central Public School,Lambton Kent DSB,chatham-kent,Elementary,English,89.0,10.0,20.0,42.4,89%,78%,28%,19%,19%,16.0,1.0,15,160,Thamesville,42.55589,-81.9765,False
Tilbury Area Public School,Lambton Kent DSB,chatham-kent,Elementary,English,78.0,5.0,20.0,42.3,78%,75%,37%,62%,41%,-6.0,15.0,10,335,Tilbury,42.25935,-82.4269,False
Tilbury Area Public School,Lambton Kent DSB,chatham-kent,Elementary,English,78.0,5.0,20.0,42.4,78%,75%,37%,62%,41%,-6.0,15.0,10,335,Tilbury,42.25935,-82.4269,False
Victor Lauriston Public School,Lambton Kent DSB,chatham-kent,Elementary,English,39.0,20.0,10.0,42.3,39%,53%,8%,48%,33%,-31.0,-9.0,15,315,Chatham,42.39392,-82.1769,True
Victor Lauriston Public School,Lambton Kent DSB,chatham-kent,Elementary,English,39.0,20.0,10.0,42.4,39%,53%,8%,48%,33%,-31.0,-9.0,15,315,Chatham,42.39392,-82.1769,True
W J Baird Public School,Lambton Kent DSB,chatham-kent,Elementary,English,80.0,5.0,0.0,42.3,80%,70%,40%,100%,89%,15.0,5.0,20,190,Blenheim,42.33085,-81.9933,False
W J Baird Public School,Lambton Kent DSB,chatham-kent,Elementary,English,80.0,5.0,0.0,42.4,80%,70%,40%,100%,89%,15.0,5.0,20,190,Blenheim,42.33085,-81.9933,False
Wheatley Area Public School,Lambton Kent DSB,chatham-kent,Elementary,English,89.0,10.0,30.0,42.3,89%,89%,44%,55%,65%,-11.0,-6.0,15,175,Wheatley,42.10155,-82.4632,False
Wheatley Area Public School,Lambton Kent DSB,chatham-kent,Elementary,English,89.0,10.0,30.0,42.4,89%,89%,44%,55%,65%,-11.0,-6.0,15,175,Wheatley,42.10155,-82.4632,False
Winston Churchill Public School,Lambton Kent DSB,chatham-kent,Elementary,English,78.0,20.0,10.0,42.3,78%,83%,43%,75%,57%,18.0,23.0,20,280,Chatham,42.39537,-82.1976,False
Winston Churchill Public School,Lambton Kent DSB,chatham-kent,Elementary,English,78.0,20.0,10.0,42.4,78%,83%,43%,75%,57%,18.0,23.0,20,280,Chatham,42.39537,-82.1976,False
Zone Township Central School,Lambton Kent DSB,chatham-kent,Elementary,English,70.0,10.0,5.0,42.3,70%,60%,20%,N/R,N/R,-3.0,13.0,5,110,Bothwell,42.63431,-81.8751,False
Zone Township Central School,Lambton Kent DSB,chatham-kent,Elementary,English,70.0,10.0,5.0,42.4,70%,60%,20%,N/R,N/R,-3.0,13.0,5,110,Bothwell,42.63431,-81.8751,False
École Hillcrest Public School,Lambton Kent DSB,petrolia,Elementary,English,83.0,0.0,5.0,482.6,83%,78%,74%,62%,69%,4.0,36.0,10,280,Petrolia,42.87867,-82.1353,False
AmherstView Public School,Limestone DSB,loyalist,Elementary,English,77.0,5.0,1.0,52.4,77%,79%,44%,71%,63%,-13.0,-6.0,16,650,AmherstView,44.22501,-76.6389,False
Bath Public School,Limestone DSB,loyalist,Elementary,English,100.0,0.0,0.0,52.4,100%,79%,64%,70%,43%,12.0,30.0,20,275,Bath,44.18674,-76.7796,False
Bayridge Public School,Limestone DSB,kingston,Elementary,English,58.0,10.0,0.0,293.4,58%,61%,30%,71%,55%,-10.0,-5.0,25,340,Kingston,44.24897,-76.5943,True
Cataraqui Woods Elementary School,Limestone DSB,kingston,Elementary,English,85.0,10.0,0.0,293.4,85%,74%,35%,81%,60%,-8.0,-7.0,15,395,Kingston,44.2675,-76.5798,False
Centennial Public School,Limestone DSB,kingston,Elementary,English,53.0,20.0,10.0,293.4,53%,63%,33%,66%,60%,-31.0,-3.0,15,315,Kingston,44.23184,-76.5196,True
Central Public School,Limestone DSB,kingston,Elementary,English,84.0,15.0,0.0,293.4,84%,72%,52%,83%,42%,-2.0,7.0,25,195,Kingston,44.23414,-76.4861,False
Elginburg & District Public School,Limestone DSB,kingston,Elementary,English,81.0,5.0,0.0,293.4,81%,65%,38%,72%,44%,-6.0,15.0,15,260,Elginburg,44.31945,-76.5399,False
Enterprise Public School,Limestone DSB,stone mills,Elementary,English,73.0,10.0,5.0,11.3,73%,55%,27%,72%,44%,33.0,7.0,20,115,Enterprise,44.46478,-76.8821,False
Fairfield Elementary School,Limestone DSB,loyalist,Elementary,English,74.0,5.0,0.0,52.4,74%,63%,37%,79%,55%,-2.0,13.0,25,275,Amherstview,44.22331,-76.6562,False
Glenburnie Public School,Limestone DSB,kingston,Elementary,English,92.0,0.0,0.0,293.4,92%,67%,17%,N/R,N/R,1.0,-28.0,30,130,Glenburnie,44.32108,-76.4612,False
Granite Ridge Education Centre Public School,Limestone DSB,south frontenac,Elementary,English,50.0,10.0,0.0,21.3,50%,33%,0%,58%,58%,-27.0,-31.0,25,200,Sharbot Lake,44.78318,-76.6805,True
Harrowsmith Public School,Limestone DSB,south frontenac,Elementary,English,84.0,5.0,0.0,21.3,84%,93%,51%,72%,66%,8.0,8.0,20,350,Harrowsmith,44.40282,-76.6741,False
James R Henderson Public School,Limestone DSB,kingston,Elementary,English,89.0,5.0,2.0,293.4,89%,81%,43%,72%,52%,-7.0,-18.0,13,570,Kingston,44.22913,-76.5754,False
John Graves Simcoe Public School,Limestone DSB,kingston,Elementary,English,55.0,35.0,15.0,293.4,55%,45%,0%,25%,5%,8.0,-6.0,35,200,Kingston,44.25984,-76.4893,True
Joyceville Public School,Limestone DSB,kingston,Elementary,English,79.0,5.0,0.0,293.4,79%,47%,47%,88%,76%,14.0,32.0,20,195,Joyceville,44.36033,-76.335,False
Lancaster Drive Public School,Limestone DSB,kingston,Elementary,English,86.0,5.0,0.0,293.4,86%,89%,54%,82%,79%,-5.0,-7.0,15,380,Kingston,44.25606,-76.5971,False
Lord Strathcona Public School,Limestone DSB,kingston,Elementary,English,84.0,30.0,10.0,293.4,84%,74%,45%,94%,47%,19.0,23.0,10,195,Kingston,44.25035,-76.5226,False
Loughborough Public School,Limestone DSB,south frontenac,Elementary,English,72.0,5.0,0.0,21.3,72%,78%,44%,76%,80%,-3.0,19.0,10,415,Sydenham,44.40794,-76.5938,False
Molly Brant Elementary School,Limestone DSB,kingston,Elementary,English,35.0,20.0,0.0,293.4,35%,38%,12%,43%,17%,0.0,6.0,30,405,Kingston,44.25445,-76.4994,True
Newburgh Public School,Limestone DSB,stone mills,Elementary,English,82.0,5.0,10.0,11.3,82%,73%,45%,47%,47%,-18.0,-5.0,20,135,Newburgh,44.32819,-76.8749,False
North Addington Education Centre Public School,Limestone DSB,addington highlands,Elementary,English,82.0,10.0,10.0,2.0,82%,71%,18%,72%,52%,7.0,6.0,15,255,Cloyne,44.81607,-77.1857,False
Odessa Public School,Limestone DSB,loyalist,Elementary,English,76.0,0.0,0.0,52.4,76%,56%,12%,66%,41%,-3.0,-21.0,25,405,Odessa,44.27712,-76.7258,False
Perth Road Public School,Limestone DSB,south frontenac,Elementary,English,81.0,0.0,0.0,21.3,81%,73%,38%,43%,33%,-15.0,11.0,25,310,Perth Road,44.43314,-76.4836,False
Polson Park Public School,Limestone DSB,kingston,Elementary,English,85.0,15.0,0.0,293.4,85%,95%,58%,71%,55%,2.0,24.0,10,455,Kingston,44.23544,-76.5298,False
Prince Charles Public School,Limestone DSB,south frontenac,Elementary,English,67.0,5.0,0.0,21.3,67%,50%,28%,44%,50%,9.0,11.0,25,155,Verona,44.48763,-76.6917,False
R Gordon Sinclair Public School,Limestone DSB,kingston,Elementary,English,100.0,5.0,0.0,293.4,100%,95%,80%,79%,71%,8.0,13.0,15,240,Kingston,44.21652,-76.5688,False
Rideau Heights Public School,Limestone DSB,kingston,Elementary,English,35.0,30.0,10.0,293.4,35%,33%,5%,40%,27%,-42.0,-33.0,40,210,Kingston,44.26538,-76.4808,True
Rideau Public School,Limestone DSB,kingston,Elementary,English,95.0,10.0,5.0,293.4,95%,90%,65%,77%,80%,1.0,1.0,10,430,Kingston,44.23541,-76.5048,False
Selby Public School,Limestone DSB,greater napanee,Elementary,English,93.0,10.0,5.0,36.5,93%,71%,21%,67%,72%,12.0,-12.0,15,265,Selby,44.30934,-76.987,False
Southview Public School,Limestone DSB,greater napanee,Elementary,English,72.0,10.0,1.0,36.5,72%,72%,32%,75%,66%,-7.0,-3.0,26,620,Napanee,44.2387,-76.9369,False
Storrington Public School,Limestone DSB,south frontenac,Elementary,English,95.0,0.0,0.0,21.3,95%,91%,59%,47%,41%,36.0,30.0,20,210,Battersea,44.43008,-76.3855,False
Tamworth Elementary School,Limestone DSB,stone mills,Elementary,English,73.0,5.0,5.0,11.3,73%,64%,36%,100%,92%,-27.0,16.0,15,145,Tamworth,44.4849,-76.9909,False
The Prince Charles School,Limestone DSB,greater napanee,Elementary,English,74.0,10.0,0.0,36.5,74%,74%,46%,52%,48%,-13.0,24.0,20,465,Napanee,44.24969,-76.9572,False
Truedell Public School,Limestone DSB,kingston,Elementary,English,77.0,0.0,5.0,293.4,77%,71%,48%,62%,42%,2.0,-2.0,20,270,Kingston,44.24402,-76.5794,False
W.J. Holsgrove Public School,Limestone DSB,kingston,Elementary,English,54.0,5.0,5.0,293.4,54%,46%,21%,65%,68%,9.0,16.0,25,270,Westbrook,44.26855,-76.621,True
Welborne Avenue Public School,Limestone DSB,kingston,Elementary,English,91.0,5.0,0.0,293.4,91%,82%,43%,90%,80%,1.0,3.0,20,400,Kingston,44.22242,-76.5795,False
Winston Churchill Public School,Limestone DSB,kingston,Elementary,English,100.0,10.0,0.0,293.4,100%,87%,77%,79%,79%,19.0,8.0,15,230,Kingston,44.22946,-76.5043,False
École Maple Elementary School Public School,Limestone DSB,kingston,Elementary,English,86.0,2.0,0.0,293.4,86%,79%,45%,74%,59%,-1.0,-3.0,10,825,Kingston,44.26649,-76.4469,False
Assumption Separate School,London District Catholic School Board,aylmer,Elementary,English,73.0,5.0,30.0,1208.6,73%,73%,27%,30%,25%,-14.0,-20.0,10,180,Aylmer,42.77007,-80.9835,False
Blessed Sacrament Separate School,London District Catholic School Board,london,Elementary,English,57.0,26.0,16.0,1004.3,57%,48%,23%,67%,37%,-17.0,-9.0,7,515,London,43.0053,-81.2182,True
Holy Family Elementary School,London District Catholic School Board,london,Elementary,English,57.0,10.0,10.0,1004.3,57%,48%,52%,62%,38%,-32.0,19.0,10,260,London,42.9916,-81.1566,True
Holy Family School,London District Catholic School Board,woodstock,Elementary,English,84.0,5.0,0.0,827.2,84%,76%,32%,59%,34%,-16.0,-31.0,10,235,Woodstock,43.1347,-80.7679,False
Holy Rosary Separate School,London District Catholic School Board,london,Elementary,English,53.0,15.0,5.0,1004.3,53%,58%,16%,38%,21%,-9.0,10.0,10,250,London,42.9663,-81.2302,True
Monsignor J H O'Neil School,London District Catholic School Board,tillsonburg,Elementary,English,88.0,10.0,15.0,838.6,88%,84%,42%,,,9.0,-3.0,15,200,Tillsonburg,42.8707,-80.7501,False
Monsignor Morrison Separate School,London District Catholic School Board,st thomas,Elementary,English,75.0,8.0,5.0,1203.2,75%,72%,34%,58%,46%,-7.0,-7.0,8,510,St Thomas,42.7937,-81.183,False
Notre Dame Separate School,London District Catholic School Board,london,Elementary,English,92.0,20.0,0.0,1004.3,92%,97%,58%,88%,62%,18.0,21.0,10,355,London,42.9755,-81.301,False
Our Lady Immaculate School,London District Catholic School Board,strathroy-caradoc,Elementary,English,79.0,5.0,0.0,88.1,79%,64%,38%,81%,54%,0.0,0.0,10,325,Strathroy,42.95986,-81.6204,False
Our Lady of Lourdes Separate School,London District Catholic School Board,middlesex centre,Elementary,English,88.0,3.0,0.0,32.2,88%,88%,58%,73%,68%,-2.0,-14.0,8,555,Delaware,42.91074,-81.4095,False
Sacred Heart Separate School,London District Catholic School Board,north middlesex,Elementary,English,100.0,0.0,0.0,10.5,100%,100%,45%,N/R,N/R,0.0,-26.0,0,105,Parkhill,43.1586,-81.6869,False
Sir Arthur Carty Separate School,London District Catholic School Board,london,Elementary,English,77.0,19.0,15.0,1004.3,77%,79%,42%,72%,58%,-6.0,17.0,9,680,London,42.93766,-81.2391,False
St Anne's Separate School,London District Catholic School Board,london,Elementary,English,89.0,15.0,5.0,1004.3,89%,86%,32%,67%,42%,1.0,4.0,10,390,London,43.02133,-81.2129,False
St Anthony Catholic French Immersion School,London District Catholic School Board,london,Elementary,English,88.0,10.0,10.0,1004.3,88%,85%,45%,79%,66%,9.0,16.0,10,460,London,42.93111,-81.2352,False
St Bernadette Separate School,London District Catholic School Board,london,Elementary,English,35.0,10.0,0.0,1004.3,35%,30%,4%,39%,27%,0.0,-1.0,15,295,London,42.9818,-81.1834,True
St Catherine of Siena Elementary School,London District Catholic School Board,london,Elementary,English,83.0,9.0,2.0,1004.3,83%,80%,45%,84%,70%,-9.0,-22.0,9,915,London,43.0315,-81.2902,False
St Charles Separate School,London District Catholic School Board,southwest middlesex,Elementary,English,86.0,5.0,0.0,13.8,86%,71%,79%,77%,54%,10.0,50.0,10,110,Glencoe,42.7531,-81.7112,False
St David Separate School,London District Catholic School Board,thames centre,Elementary,English,88.0,5.0,0.0,32.2,88%,88%,71%,79%,68%,-8.0,19.0,10,265,Dorchester,42.98909,-81.0708,False
St Francis School,London District Catholic School Board,london,Elementary,English,70.0,10.0,10.0,1004.3,70%,70%,28%,43%,30%,-1.0,-11.0,10,495,London,42.94386,-81.2084,False
St George Separate School,London District Catholic School Board,london,Elementary,English,95.0,5.0,5.0,1004.3,95%,95%,76%,80%,80%,3.0,23.0,10,280,London,42.95588,-81.3263,False
St Jude Separate School,London District Catholic School Board,london,Elementary,English,96.0,15.0,10.0,1004.3,96%,96%,64%,76%,56%,0.0,6.0,5,275,London,42.94909,-81.2691,False
St Jude's School,London District Catholic School Board,ingersoll,Elementary,English,82.0,10.0,5.0,1075.3,82%,82%,42%,80%,56%,-8.0,-21.0,10,370,Ingersoll,43.0296,-80.8659,False
St Marguerite d'Youville School,London District Catholic School Board,london,Elementary,English,83.0,10.0,5.0,1004.3,83%,85%,57%,77%,63%,-9.0,7.0,10,480,London,43.0066,-81.321,False
St Mark Separate School,London District Catholic School Board,london,Elementary,English,91.0,10.0,0.0,1004.3,91%,89%,54%,53%,39%,4.0,-1.0,10,410,London,43.0351,-81.2361,False
St Martin Separate School,London District Catholic School Board,london,Elementary,English,82.0,15.0,0.0,1004.3,82%,82%,60%,84%,65%,-14.0,8.0,10,400,London,42.9698,-81.2537,False
St Mary School,London District Catholic School Board,london,Elementary,English,96.0,5.0,0.0,1004.3,96%,98%,84%,,,-4.0,2.0,5,215,London,42.988,-81.2284,False
St Mary's Separate School,London District Catholic School Board,west elgin,Elementary,English,96.0,5.0,5.0,15.7,96%,78%,26%,89%,39%,8.0,-36.0,10,220,West Lorne,42.6053,-81.6022,False
St Michael Separate School,London District Catholic School Board,london,Elementary,English,56.0,30.0,20.0,1004.3,56%,48%,25%,74%,64%,-25.0,-8.0,10,370,London,43.0042,-81.2446,True
St Michael's School,London District Catholic School Board,woodstock,Elementary,English,69.0,6.0,6.0,827.2,69%,74%,47%,50%,52%,-3.0,19.0,11,555,Woodstock,43.1471,-80.7322,False
St Patrick Separate School,London District Catholic School Board,lucan biddulph,Elementary,English,84.0,5.0,0.0,33.6,84%,88%,59%,71%,74%,-6.0,14.0,10,295,Lucan,43.17463,-81.3692,False
St Patrick's School,London District Catholic School Board,woodstock,Elementary,English,79.0,10.0,5.0,827.2,79%,76%,36%,76%,57%,-16.0,-10.0,10,435,Woodstock,43.11678,-80.7581,False
St Paul Separate School,London District Catholic School Board,london,Elementary,English,91.0,10.0,0.0,1004.3,91%,94%,71%,86%,74%,-3.0,16.0,10,395,London,42.97797,-81.3186,False
St Pius X Separate School,London District Catholic School Board,london,Elementary,English,60.0,15.0,10.0,1004.3,60%,62%,29%,78%,49%,-28.0,-11.0,5,440,London,42.9938,-81.1854,False
St Sebastian Separate School,London District Catholic School Board,london,Elementary,English,92.0,20.0,15.0,1004.3,92%,92%,40%,66%,37%,6.0,2.0,10,330,London,42.9654,-81.206,False
St Theresa Separate School,London District Catholic School Board,london,Elementary,English,81.0,0.0,0.0,1004.3,81%,76%,38%,94%,100%,-2.0,-17.0,5,375,London,42.9483,-81.3391,False
St Thomas More Separate School,London District Catholic School Board,london,Elementary,English,82.0,25.0,5.0,1004.3,82%,82%,41%,57%,27%,11.0,-2.0,5,325,London,42.999,-81.2896,False
St Vincent de Paul Separate School,London District Catholic School Board,strathroy-caradoc,Elementary,English,73.0,5.0,0.0,88.1,73%,59%,23%,62%,42%,2.0,-36.0,10,225,Strathroy,42.9462,-81.6193,False
St. Anne's Separate School,London District Catholic School Board,central elgin,Elementary,English,79.0,6.0,1.0,49.1,79%,81%,33%,73%,51%,-2.0,-3.0,10,750,St. Thomas,42.76771,-81.1703,False
St. John French Immersion School,London District Catholic School Board,london,Elementary,English,95.0,12.0,5.0,1004.3,95%,93%,74%,88%,80%,-1.0,17.0,5,550,London,42.97827,-81.2335,False
St. Kateri Separate School,London District Catholic School Board,london,Elementary,English,86.0,10.0,0.0,1004.3,86%,95%,71%,86%,77%,-12.0,-3.0,10,415,London,43.0237,-81.2643,False
St. Nicholas Senior Separate School,London District Catholic School Board,london,Elementary,English,89.0,8.0,2.0,1004.3,89%,87%,52%,75%,64%,-3.0,-6.0,6,510,London,42.96889,-81.3623,False
St. Rose of Lima Separate School,London District Catholic School Board,london,Elementary,English,88.0,10.0,2.0,1004.3,88%,89%,66%,95%,69%,4.0,25.0,10,600,London,42.94549,-81.2938,False
Ministik Public School,Moose Factory Island DSAB,cochrane,Elementary,English,31.0,0.0,15.0,0.6,31%,37%,6%,24%,19%,-6.0,-1.0,10,280,Moose Factory,51.25071,-80.6129,True
Ministik Public School,Moose Factory Island DSAB,cochrane,Elementary,English,31.0,0.0,15.0,10.0,31%,37%,6%,24%,19%,-6.0,-1.0,10,280,Moose Factory,51.25071,-80.6129,True
Moosonee Public School,Moosonee DSAB,moosonee,Elementary,English,52.0,20.0,0.0,2.8,52%,48%,22%,74%,53%,-1.0,4.0,5,240,Moosonee,51.274257602,-80.64548135,True
Alliance French Immersion Public School,Near North DSB,north bay,Elementary,English,90.0,10.0,0.0,166.9,90%,81%,60%,66%,49%,2.0,22.0,5,475,North Bay,46.32238,-79.4534,False
Evergreen Heights Education Centre,Near North DSB,perry,Elementary,English,57.0,10.0,0.0,14.2,57%,27%,20%,50%,36%,-14.0,15.0,20,270,Emsdale,45.54143,-79.3242,True
Ferris Glen Public School,Near North DSB,east ferris,Elementary,English,73.0,10.0,0.0,32.6,73%,60%,33%,55%,36%,-2.0,-2.0,10,215,Corbeil,46.26537,-79.2961,False
Humphrey Central Public School,Near North DSB,seguin,Elementary,English,75.0,5.0,0.0,9.0,75%,75%,42%,80%,68%,8.0,34.0,10,200,Seguin,45.28904,-79.813,False
Magnetawan Central Public School,Near North DSB,magnetawan,Elementary,English,42.0,20.0,0.0,3.3,42%,67%,33%,80%,60%,-29.0,19.0,10,75,Magnetawan,45.65957,-79.6406,True
Maple View Public School,Near North DSB,north bay,Elementary,English,71.0,10.0,0.0,166.9,71%,79%,43%,52%,40%,,,15,370,North Bay,46.328990514,-79.42861791,False
Mapleridge Public School,Near North DSB,powassan,Elementary,English,73.0,10.0,10.0,15.0,73%,77%,27%,67%,54%,-1.0,-6.0,20,285,Powassan,46.07931,-79.3619,False
Mattawa District Public School,Near North DSB,mattawa,Elementary,English,52.0,10.0,5.0,513.1,52%,57%,14%,57%,43%,-24.0,2.0,20,130,Mattawa,46.31228,-78.7056,True
McDougall Public School,Near North DSB,mcdougall,Elementary,English,79.0,10.0,0.0,10.4,79%,86%,21%,61%,43%,-2.0,9.0,30,175,McDougall,45.39762,-80.0274,False
Nobel Public School,Near North DSB,mcdougall,Elementary,English,70.0,5.0,0.0,10.4,70%,74%,22%,60%,50%,-24.0,-13.0,20,190,Nobel,45.41385,-80.0824,False
Parry Sound Public School School,Near North DSB,parry sound,Elementary,English,76.0,10.0,10.0,5.1,76%,76%,38%,59%,33%,-19.0,15.0,20,430,Parry Sound,45.35802,-80.0297,False
Parry Sound Public School School,Near North DSB,parry sound,Elementary,English,76.0,10.0,10.0,524.9,76%,76%,38%,59%,33%,-19.0,15.0,20,430,Parry Sound,45.35802,-80.0297,False
Silver Birches Elementary School,Near North DSB,north bay,Elementary,English,85.0,10.0,5.0,166.9,85%,65%,31%,32%,29%,-4.0,5.0,15,220,North Bay,46.2813,-79.4394,False
South River Public School,Near North DSB,south river,Elementary,English,93.0,15.0,0.0,268.0,93%,93%,60%,61%,50%,18.0,18.0,25,180,South River,45.83968,-79.3844,False
South Shore Education Centre,Near North DSB,nipissing,Elementary,English,82.0,10.0,5.0,5.0,82%,100%,55%,100%,85%,-18.0,32.0,10,120,Nipissing,46.09508,-79.5106,False
South Shore Education Centre,Near North DSB,nipissing,Elementary,English,82.0,10.0,5.0,4.6,82%,100%,55%,100%,85%,-18.0,32.0,10,120,Nipissing,46.09508,-79.5106,False
Sundridge Centennial Public School,Near North DSB,sundridge,Elementary,English,67.0,10.0,5.0,417.7,67%,50%,33%,33%,33%,25.0,21.0,15,260,Sundridge,45.77226,-79.3876,False
Sunset Park Public School,Near North DSB,north bay,Elementary,English,66.0,10.0,5.0,166.9,66%,63%,39%,58%,38%,-15.0,24.0,20,395,North Bay,46.2587,-79.4068,False
Vincent Massey Public School,Near North DSB,north bay,Elementary,English,87.0,10.0,5.0,166.9,87%,83%,48%,77%,57%,-1.0,-6.0,15,415,North Bay,46.33818,-79.4296,False
Woodland Public School,Near North DSB,nipissing,Elementary,English,56.0,17.0,8.0,5.0,56%,57%,8%,52%,30%,-16.0,-5.0,22,525,North Bay,46.32984,-79.4793,True
Woodland Public School,Near North DSB,nipissing,Elementary,English,56.0,17.0,8.0,4.6,56%,57%,8%,52%,30%,-16.0,-5.0,22,525,North Bay,46.32984,-79.4793,True
Alexander Kuska KSG Catholic Elementary School,Niagara CDSB,welland,Elementary,English,82.0,10.0,0.0,686.9,82%,80%,58%,56%,37%,3.0,23.0,10,500,Welland,43.01956,-79.2705,False
Assumption Catholic Elementary School,Niagara CDSB,st catharines,Elementary,English,94.0,10.0,5.0,1422.1,94%,72%,28%,73%,40%,1.0,-22.0,15,165,St Catharines,43.21271,-79.2178,False
Canadian Martyrs Catholic Elementary School,Niagara CDSB,st catharines,Elementary,English,86.0,10.0,5.0,1422.1,86%,86%,63%,66%,51%,-1.0,27.0,10,490,St Catharines,43.19263,-79.2157,False
Father Hennepin Catholic Elementary School,Niagara CDSB,niagara falls,Elementary,English,85.0,15.0,0.0,449.1,85%,95%,70%,96%,96%,-10.0,15.0,10,305,Niagara Falls,43.07385,-79.0913,False
Holy Name Catholic Elementary School,Niagara CDSB,welland,Elementary,English,94.0,5.0,0.0,686.9,94%,73%,64%,84%,77%,2.0,3.0,10,425,Welland,42.99513,-79.2715,False
Loretto Catholic Elementary School,Niagara CDSB,niagara falls,Elementary,English,91.0,10.0,0.0,449.1,91%,87%,72%,82%,88%,7.0,40.0,15,410,Niagara Falls,43.0751,-79.1371,False
Mary Ward Catholic Elementary School,Niagara CDSB,niagara falls,Elementary,English,91.0,10.0,0.0,449.1,91%,91%,71%,85%,73%,-9.0,8.0,10,360,Niagara Falls,43.12886,-79.1132,False
Notre Dame Catholic Elementary School,Niagara CDSB,niagara falls,Elementary,English,91.0,10.0,0.0,449.1,91%,94%,70%,78%,74%,19.0,50.0,10,365,Niagara Falls,43.11643,-79.1061,False
Our Lady of Fatima Catholic Elementary School,Niagara CDSB,grimsby,Elementary,English,94.0,4.0,3.0,420.4,94%,88%,49%,87%,74%,7.0,27.0,9,530,Grimsby,43.20259,-79.5667,False
Our Lady of Fatima Catholic Elementary School,Niagara CDSB,st catharines,Elementary,English,100.0,10.0,5.0,1422.1,100%,97%,86%,92%,84%,22.0,34.0,20,350,St Catharines,43.19072,-79.2324,False
Our Lady of Mount Carmel Catholic Elementary School,Niagara CDSB,niagara falls,Elementary,English,79.0,13.0,3.0,449.1,79%,84%,42%,68%,63%,-6.0,9.0,12,775,Niagara Falls,43.08062,-79.1075,False
Our Lady of Victory Catholic Elementary School,Niagara CDSB,fort erie,Elementary,English,89.0,15.0,5.0,197.9,89%,89%,47%,65%,35%,0.0,22.0,15,275,Fort Erie,42.9186,-78.917,False
Our Lady of the Holy Rosary Catholic Elementary School,Niagara CDSB,thorold,Elementary,English,78.0,11.0,2.0,285.9,78%,80%,61%,82%,74%,-6.0,28.0,15,720,Thorold,43.12173,-79.2159,False
Sacred Heart Catholic Elementary School,Niagara CDSB,niagara falls,Elementary,English,88.0,10.0,5.0,449.1,88%,79%,52%,52%,48%,-5.0,-2.0,20,300,Niagara Falls,43.0546,-79.0527,False
St Alexander Catholic Elementary School,Niagara CDSB,pelham,Elementary,English,89.0,10.0,0.0,144.0,89%,94%,50%,84%,75%,0.0,-14.0,10,460,Fonthill,43.0463,-79.2815,False
St Alfred Catholic Elementary School,Niagara CDSB,st catharines,Elementary,English,72.0,20.0,5.0,1422.1,72%,66%,34%,67%,60%,-28.0,-47.0,20,370,St Catharines,43.1811,-79.2285,False
St Andrew Catholic Elementary School,Niagara CDSB,welland,Elementary,English,92.0,10.0,5.0,686.9,92%,100%,67%,73%,54%,13.0,46.0,20,315,Welland,42.99236,-79.2277,False
St Ann Catholic Elementary School,Niagara CDSB,st catharines,Elementary,English,84.0,5.0,0.0,1422.1,84%,89%,76%,89%,70%,-8.0,19.0,10,335,St Catharines,43.1943,-79.2811,False
St Ann Catholic Elementary School,Niagara CDSB,pelham,Elementary,English,85.0,0.0,0.0,144.0,85%,95%,25%,N/R,N/R,-8.0,-46.0,20,120,Fenwick,43.02342,-79.3655,False
St Anthony Catholic Elementary School,Niagara CDSB,st catharines,Elementary,English,81.0,20.0,10.0,1422.1,81%,71%,35%,86%,74%,-4.0,-20.0,15,385,St Catharines,43.14034,-79.2565,False
St Augustine Catholic Elementary School,Niagara CDSB,welland,Elementary,English,74.0,20.0,0.0,686.9,74%,74%,37%,47%,40%,12.0,12.0,25,165,Welland,42.97,-79.2646,False
St Christopher Catholic Elementary School,Niagara CDSB,st catharines,Elementary,English,67.0,20.0,10.0,1422.1,67%,44%,22%,60%,33%,-6.0,-18.0,15,195,St Catharines,43.15418,-79.2051,False
St Denis Catholic Elementary School,Niagara CDSB,st catharines,Elementary,English,83.0,20.0,0.0,1422.1,83%,72%,41%,65%,38%,16.0,-6.0,15,285,St Catharines,43.17276,-79.2497,False
St Gabriel Lalemant Catholic Elementary School,Niagara CDSB,niagara falls,Elementary,English,46.0,10.0,5.0,449.1,46%,77%,15%,83%,74%,-54.0,-65.0,10,165,Niagara Falls,43.12224,-79.0984,True
St George Catholic Elementary School,Niagara CDSB,fort erie,Elementary,English,84.0,10.0,5.0,197.9,84%,84%,26%,74%,52%,3.0,-12.0,25,220,Crystal Beach,42.8746,-79.0567,False
St James Catholic Elementary School,Niagara CDSB,st catharines,Elementary,English,69.0,5.0,0.0,1422.1,69%,65%,38%,88%,69%,-31.0,-4.0,10,195,St Catharines,43.20364,-79.2434,False
St John Bosco Catholic Elementary School,Niagara CDSB,port colborne,Elementary,English,58.0,10.0,0.0,164.2,58%,53%,32%,59%,41%,11.0,3.0,20,175,Port Colborne,42.8977,-79.2636,True
St John Catholic Elementary School,Niagara CDSB,lincoln,Elementary,English,91.0,0.0,0.0,158.0,91%,89%,57%,86%,57%,-5.0,-11.0,10,355,Beamsville,43.18052,-79.5097,False
St John Henry Newman Catholic Elementary School,Niagara CDSB,niagara falls,Elementary,English,93.0,10.0,0.0,449.1,93%,90%,67%,69%,76%,10.0,14.0,10,485,Niagara Falls,43.09342,-79.1325,False
St Joseph Catholic Elementary School,Niagara CDSB,grimsby,Elementary,English,95.0,5.0,0.0,420.4,95%,95%,76%,81%,81%,3.0,22.0,10,230,Grimsby,43.19222,-79.5576,False
St Kevin Catholic Elementary School,Niagara CDSB,welland,Elementary,English,93.0,5.0,0.0,686.9,93%,86%,82%,74%,52%,21.0,64.0,10,370,Welland,43.0017,-79.2485,False
St Mark Catholic Elementary School,Niagara CDSB,lincoln,Elementary,English,77.0,4.0,0.0,158.0,77%,77%,48%,87%,83%,-12.0,-5.0,13,695,Beamsville,43.1578,-79.4799,False
St Martin Catholic Elementary School,Niagara CDSB,west lincoln,Elementary,English,81.0,5.0,1.0,39.9,81%,77%,57%,82%,75%,-5.0,21.0,8,525,Smithville,43.0993,-79.5506,False
St Mary Catholic Elementary School,Niagara CDSB,niagara falls,Elementary,English,84.0,10.0,5.0,449.1,84%,89%,47%,93%,72%,-6.0,-18.0,10,235,Niagara Falls,43.10479,-79.0898,False
St Mary Catholic Elementary School,Niagara CDSB,welland,Elementary,English,86.0,20.0,10.0,686.9,86%,64%,57%,79%,68%,41.0,39.0,20,195,Welland,42.98053,-79.2457,False
St Michael Catholic Elementary School,Niagara CDSB,niagara-on-the-lake,Elementary,English,93.0,10.0,0.0,145.3,93%,86%,69%,93%,93%,-3.0,19.0,10,270,Niagara-on-the-Lake,43.2098,-79.1364,False
St Nicholas Catholic Elementary School,Niagara CDSB,st catharines,Elementary,English,73.0,20.0,10.0,1422.1,73%,73%,20%,69%,50%,0.0,13.0,30,200,St Catharines,43.16371,-79.2419,False
St Patrick Catholic Elementary School,Niagara CDSB,niagara falls,Elementary,English,86.0,25.0,5.0,449.1,86%,93%,64%,63%,58%,8.0,29.0,20,180,Niagara Falls,43.10678,-79.0739,False
St Patrick Catholic Elementary School,Niagara CDSB,port colborne,Elementary,English,85.0,10.0,0.0,164.2,85%,69%,54%,94%,81%,-15.0,30.0,10,155,Port Colborne,42.8859,-79.2709,False
St Peter Catholic Elementary School,Niagara CDSB,st catharines,Elementary,English,96.0,10.0,0.0,1422.1,96%,100%,56%,71%,57%,4.0,14.0,15,240,St Catharines,43.1295,-79.2476,False
St Philomena Catholic Elementary School,Niagara CDSB,fort erie,Elementary,English,87.0,10.0,0.0,197.9,87%,87%,26%,82%,85%,4.0,-26.0,20,255,Fort Erie,42.89574,-78.9652,False
St Teresa of Calcutta Catholic Elementary School,Niagara CDSB,st catharines,Elementary,English,71.0,15.0,5.0,1422.1,71%,71%,58%,56%,31%,7.0,12.0,15,225,St. Catharines,43.162629496,-79.27718433,False
St Theresa Catholic Elementary School,Niagara CDSB,st catharines,Elementary,English,71.0,10.0,0.0,1422.1,71%,65%,35%,77%,85%,6.0,5.0,10,210,St Catharines,43.14348,-79.207,False
St Therese Catholic Elementary School,Niagara CDSB,port colborne,Elementary,English,80.0,10.0,5.0,164.2,80%,85%,30%,62%,85%,11.0,-1.0,20,190,Port Colborne,42.89232,-79.2286,False
St Vincent de Paul Catholic Elementary School,Niagara CDSB,niagara falls,Elementary,English,100.0,5.0,0.0,449.1,100%,100%,85%,100%,95%,0.0,10.0,15,235,Niagara Falls,43.11512,-79.1371,False
Holy Cross Catholic School,Nipissing-Parry Sound CDSB,north bay,Elementary,English,75.0,10.0,0.0,166.9,75%,75%,20%,67%,25%,-7.0,-15.0,20,215,North Bay,46.32288,-79.4161,False
Mother St Bride School,Nipissing-Parry Sound CDSB,north bay,Elementary,English,42.0,15.0,10.0,166.9,42%,46%,17%,46%,17%,-8.0,5.0,25,170,North Bay,46.31771,-79.4635,True
Our Lady of Fatima Separate School,Nipissing-Parry Sound CDSB,north bay,Elementary,English,100.0,15.0,0.0,166.9,100%,74%,26%,52%,52%,21.0,-48.0,25,205,North Bay,46.28062,-79.4431,False
St Gregory Separate School,Nipissing-Parry Sound CDSB,powassan,Elementary,English,91.0,10.0,10.0,15.0,91%,82%,36%,45%,27%,-9.0,22.0,20,120,Powassan,46.08058,-79.3712,False
St Hubert Separate School,Nipissing-Parry Sound CDSB,north bay,Elementary,English,78.0,10.0,0.0,166.9,78%,87%,30%,50%,30%,-5.0,1.0,35,220,North Bay,46.32431,-79.4606,False
St Theresa School,Nipissing-Parry Sound CDSB,east ferris,Elementary,English,63.0,0.0,0.0,32.6,63%,63%,22%,51%,42%,-20.0,-8.0,15,360,Callander,46.23586,-79.3746,False
St. Luke Separate School,Nipissing-Parry Sound CDSB,north bay,Elementary,English,88.0,10.0,5.0,166.9,88%,97%,82%,75%,46%,-5.0,43.0,20,305,North Bay,46.30562,-79.4552,False
Aileen Wright English Catholic School,Northeastern CDSB,cochrane,Elementary,English,50.0,10.0,5.0,0.6,50%,58%,0%,25%,17%,-33.0,-8.0,15,125,Cochrane,49.0662,-81.0289,True
Aileen Wright English Catholic School,Northeastern CDSB,cochrane,Elementary,English,50.0,10.0,5.0,10.0,50%,58%,0%,25%,17%,-33.0,-8.0,15,125,Cochrane,49.0662,-81.0289,True
Bishop Belleau School,Northeastern CDSB,cochrane,Elementary,English,30.0,20.0,0.0,0.6,30%,40%,N/R,N/R,N/R,-20.0,,20,70,Moosonee,51.27308,-80.6402,True
Bishop Belleau School,Northeastern CDSB,cochrane,Elementary,English,30.0,20.0,0.0,10.0,30%,40%,N/R,N/R,N/R,-20.0,,20,70,Moosonee,51.27308,-80.6402,True
Holy Family School,Northeastern CDSB,englehart,Elementary,English,55.0,15.0,10.0,494.2,55%,18%,9%,N/R,N/R,30.0,9.0,15,125,Englehart,47.82155,-79.8757,True
O'Gorman Intermediate Catholic School,Northeastern CDSB,timmins,Elementary,English,59.0,10.0,5.0,13.9,59%,52%,22%,,,-17.0,-5.0,20,200,Timmins,48.486,-81.3344,True
Sacred Heart Catholic School,Northeastern CDSB,kirkland lake,Elementary,English,84.0,10.0,5.0,29.7,84%,66%,25%,,,7.0,13.0,20,145,Kirkland Lake,48.14736,-80.0291,False
St. Anne English Catholic School,Northeastern CDSB,iroquois falls,Elementary,English,95.0,15.0,5.0,7.4,95%,85%,20%,59%,41%,24.0,6.0,10,175,Iroquois Falls,48.7572,-80.6861,False
St. Joseph School,Northeastern CDSB,timmins,Elementary,English,83.0,10.0,0.0,13.9,83%,75%,8%,69%,38%,10.0,-19.0,15,110,South Porcupine,48.4839,-81.2059,False
St. Patrick Catholic School,Northeastern CDSB,cobalt,Elementary,English,47.0,20.0,5.0,478.5,47%,60%,27%,N/R,N/R,-33.0,13.0,30,125,Cobalt,47.3993,-79.6785,True
St. Patrick School,Northeastern CDSB,kapuskasing,Elementary,English,86.0,5.0,5.0,95.9,86%,71%,30%,77%,46%,10.0,18.0,20,170,Kapuskasing,49.42272,-82.4228,False
Sacred Heart Separate School,Northwest CDSB,sioux lookout,Elementary,English,81.0,10.0,10.0,15.4,81%,70%,44%,52%,43%,7.0,27.0,25,265,Sioux Lookout,50.09975,-91.9266,False
St Josephs Separate School,Northwest CDSB,dryden,Elementary,English,76.0,5.0,0.0,112.7,76%,68%,22%,91%,75%,8.0,3.0,30,375,Dryden,49.77457,-92.8279,False
St Mary Separate School,Northwest CDSB,fort frances,Elementary,English,62.0,5.0,0.0,292.2,62%,53%,38%,69%,56%,-11.0,2.0,20,415,Fort Frances,48.61079,-93.4218,False
Assumption Catholic Elementary School,Ottawa CSB,ottawa,Elementary,English,90.0,30.0,10.0,364.9,90%,95%,38%,87%,60%,44.0,34.0,15,200,Vanier,45.43501,-75.6605,False
Assumption Catholic Elementary School,Ottawa CSB,ottawa,Elementary,English,90.0,30.0,10.0,364.9,90%,95%,38%,87%,60%,44.0,34.0,15,200,Vanier,45.43501,-75.6605,False
Chapel Hill Catholic Elementary School,Ottawa CSB,ottawa,Elementary,English,90.0,5.0,0.0,364.9,90%,83%,69%,92%,88%,-7.0,-7.0,15,200,Orleans,45.4522,-75.5407,False
Chapel Hill Catholic Elementary School,Ottawa CSB,ottawa,Elementary,English,90.0,5.0,0.0,364.9,90%,83%,69%,92%,88%,-7.0,-7.0,15,200,Orleans,45.4522,-75.5407,False
Convent Glen Catholic Elementary School,Ottawa CSB,ottawa,Elementary,English,95.0,0.0,0.0,364.9,95%,88%,67%,96%,79%,7.0,-11.0,15,250,Orleans,45.47328,-75.5474,False
Convent Glen Catholic Elementary School,Ottawa CSB,ottawa,Elementary,English,95.0,0.0,0.0,364.9,95%,88%,67%,96%,79%,7.0,-11.0,15,250,Orleans,45.47328,-75.5474,False
Corpus Christi Catholic Elementary School,Ottawa CSB,ottawa,Elementary,English,93.0,15.0,0.0,364.9,93%,91%,56%,81%,57%,8.0,15.0,20,260,Ottawa,45.40152,-75.6909,False
Corpus Christi Catholic Elementary School,Ottawa CSB,ottawa,Elementary,English,93.0,15.0,0.0,364.9,93%,91%,56%,81%,57%,8.0,15.0,20,260,Ottawa,45.40152,-75.6909,False
Divine Infant Catholic Elementary School,Ottawa CSB,ottawa,Elementary,English,70.0,5.0,5.0,364.9,70%,83%,27%,69%,62%,-6.0,-16.0,20,235,Orleans,45.48674,-75.5135,False
Divine Infant Catholic Elementary School,Ottawa CSB,ottawa,Elementary,English,70.0,5.0,5.0,364.9,70%,83%,27%,69%,62%,-6.0,-16.0,20,235,Orleans,45.48674,-75.5135,False
Dr F J McDonald Catholic Elementary School,Ottawa CSB,ottawa,Elementary,English,65.0,25.0,20.0,364.9,65%,74%,30%,72%,59%,-30.0,-23.0,30,195,Ottawa,45.36023,-75.8009,False
Dr F J McDonald Catholic Elementary School,Ottawa CSB,ottawa,Elementary,English,65.0,25.0,20.0,364.9,65%,74%,30%,72%,59%,-30.0,-23.0,30,195,Ottawa,45.36023,-75.8009,False
Georges Vanier Catholic Elementary School,Ottawa CSB,ottawa,Elementary,English,74.0,10.0,0.0,364.9,74%,79%,58%,78%,64%,-18.0,-11.0,15,330,Kanata,45.33214,-75.9072,False
Georges Vanier Catholic Elementary School,Ottawa CSB,ottawa,Elementary,English,74.0,10.0,0.0,364.9,74%,79%,58%,78%,64%,-18.0,-11.0,15,330,Kanata,45.33214,-75.9072,False
Good Shepherd Elementary School,Ottawa CSB,ottawa,Elementary,English,87.0,10.0,10.0,364.9,87%,74%,28%,53%,35%,6.0,-14.0,20,300,Gloucester,45.43307,-75.5644,False
Good Shepherd Elementary School,Ottawa CSB,ottawa,Elementary,English,87.0,10.0,10.0,364.9,87%,74%,28%,53%,35%,6.0,-14.0,20,300,Gloucester,45.43307,-75.5644,False
Guardian Angels Elementary School,Ottawa CSB,ottawa,Elementary,English,92.0,3.0,0.0,364.9,92%,90%,62%,81%,79%,-3.0,-17.0,12,780,Stittsville,45.2501,-75.9063,False
Guardian Angels Elementary School,Ottawa CSB,ottawa,Elementary,English,92.0,3.0,0.0,364.9,92%,90%,62%,81%,79%,-3.0,-17.0,12,780,Stittsville,45.2501,-75.9063,False
Holy Cross Elementary School,Ottawa CSB,ottawa,Elementary,English,92.0,10.0,5.0,364.9,92%,88%,46%,76%,71%,9.0,8.0,20,205,Ottawa,45.36324,-75.685,False
Holy Cross Elementary School,Ottawa CSB,ottawa,Elementary,English,92.0,10.0,5.0,364.9,92%,88%,46%,76%,71%,9.0,8.0,20,205,Ottawa,45.36324,-75.685,False
Holy Family Elementary School,Ottawa CSB,ottawa,Elementary,English,80.0,10.0,0.0,364.9,80%,76%,43%,55%,42%,1.0,1.0,15,375,Ottawa,45.35352,-75.6637,False
Holy Family Elementary School,Ottawa CSB,ottawa,Elementary,English,80.0,10.0,0.0,364.9,80%,76%,43%,55%,42%,1.0,1.0,15,375,Ottawa,45.35352,-75.6637,False
Holy Redeemer Elementary School,Ottawa CSB,ottawa,Elementary,English,97.0,10.0,0.0,364.9,97%,85%,71%,61%,66%,11.0,23.0,20,450,Kanata,45.30341,-75.9006,False
Holy Redeemer Elementary School,Ottawa CSB,ottawa,Elementary,English,97.0,10.0,0.0,364.9,97%,85%,71%,61%,66%,11.0,23.0,20,450,Kanata,45.30341,-75.9006,False
Holy Spirit Elementary School,Ottawa CSB,ottawa,Elementary,English,96.0,0.0,0.0,364.9,96%,81%,65%,87%,68%,-2.0,0.0,15,320,Stittsville,45.26359,-75.9257,False
Holy Spirit Elementary School,Ottawa CSB,ottawa,Elementary,English,96.0,0.0,0.0,364.9,96%,81%,65%,87%,68%,-2.0,0.0,15,320,Stittsville,45.26359,-75.9257,False
Monsignor Paul Baxter Elementary School,Ottawa CSB,ottawa,Elementary,English,83.0,10.0,0.0,364.9,83%,80%,66%,69%,62%,-5.0,-1.0,20,305,Nepean,45.28089,-75.7287,False
Monsignor Paul Baxter Elementary School,Ottawa CSB,ottawa,Elementary,English,83.0,10.0,0.0,364.9,83%,80%,66%,69%,62%,-5.0,-1.0,20,305,Nepean,45.28089,-75.7287,False
Our Lady of Fatima Elementary School,Ottawa CSB,ottawa,Elementary,English,85.0,20.0,10.0,364.9,85%,85%,22%,48%,44%,-3.0,-25.0,15,265,Ottawa,45.37745,-75.7734,False
Our Lady of Fatima Elementary School,Ottawa CSB,ottawa,Elementary,English,85.0,20.0,10.0,364.9,85%,85%,22%,48%,44%,-3.0,-25.0,15,265,Ottawa,45.37745,-75.7734,False
Our Lady of Mount Carmel Elementary School,Ottawa CSB,ottawa,Elementary,English,67.0,20.0,15.0,364.9,67%,67%,28%,41%,22%,-19.0,8.0,20,335,Ottawa,45.45855,-75.52361,False
Our Lady of Mount Carmel Elementary School,Ottawa CSB,ottawa,Elementary,English,67.0,20.0,15.0,364.9,67%,67%,28%,41%,22%,-19.0,8.0,20,335,Ottawa,45.45855,-75.52361,False
Our Lady of Peace Elementary School,Ottawa CSB,ottawa,Elementary,English,88.0,10.0,0.0,364.9,88%,88%,50%,74%,56%,9.0,27.0,20,310,Nepean,45.32104,-75.827,False
Our Lady of Peace Elementary School,Ottawa CSB,ottawa,Elementary,English,88.0,10.0,0.0,364.9,88%,88%,50%,74%,56%,9.0,27.0,20,310,Nepean,45.32104,-75.827,False
Our Lady of Victory Elementary School,Ottawa CSB,ottawa,Elementary,English,86.0,15.0,5.0,364.9,86%,86%,31%,32%,23%,1.0,-19.0,20,225,Ottawa,45.35016,-75.7798,False
Our Lady of Victory Elementary School,Ottawa CSB,ottawa,Elementary,English,86.0,15.0,5.0,364.9,86%,86%,31%,32%,23%,1.0,-19.0,20,225,Ottawa,45.35016,-75.7798,False
Our Lady of Wisdom Elementary School,Ottawa CSB,ottawa,Elementary,English,78.0,4.0,2.0,364.9,78%,77%,35%,62%,58%,-18.0,-9.0,14,510,Orleans,45.46742,-75.5007,False
Our Lady of Wisdom Elementary School,Ottawa CSB,ottawa,Elementary,English,78.0,4.0,2.0,364.9,78%,77%,35%,62%,58%,-18.0,-9.0,14,510,Orleans,45.46742,-75.5007,False
Prince of Peace Elementary School,Ottawa CSB,ottawa,Elementary,English,63.0,30.0,20.0,364.9,63%,54%,20%,57%,50%,-20.0,-6.0,15,335,Ottawa,45.37384,-75.6455,False
Prince of Peace Elementary School,Ottawa CSB,ottawa,Elementary,English,63.0,30.0,20.0,364.9,63%,54%,20%,57%,50%,-20.0,-6.0,15,335,Ottawa,45.37384,-75.6455,False
St Andrew Elementary School,Ottawa CSB,ottawa,Elementary,English,80.0,5.0,0.0,364.9,80%,78%,54%,84%,79%,-11.0,-7.0,10,315,Nepean,45.2851,-75.7088,False
St Andrew Elementary School,Ottawa CSB,ottawa,Elementary,English,80.0,5.0,0.0,364.9,80%,78%,54%,84%,79%,-11.0,-7.0,10,315,Nepean,45.2851,-75.7088,False
St Anne Elementary School,Ottawa CSB,ottawa,Elementary,English,90.0,4.0,0.0,364.9,90%,90%,75%,94%,89%,-3.0,8.0,15,615,Kanata,45.28203,-75.8447,False
St Anne Elementary School,Ottawa CSB,ottawa,Elementary,English,90.0,4.0,0.0,364.9,90%,90%,75%,94%,89%,-3.0,8.0,15,615,Kanata,45.28203,-75.8447,False
St Anthony Elementary School,Ottawa CSB,ottawa,Elementary,English,70.0,20.0,5.0,364.9,70%,80%,20%,67%,67%,-30.0,-36.0,20,105,Ottawa,45.4064,-75.7084,False
St Anthony Elementary School,Ottawa CSB,ottawa,Elementary,English,70.0,20.0,5.0,364.9,70%,80%,20%,67%,67%,-30.0,-36.0,20,105,Ottawa,45.4064,-75.7084,False
St Augustine Elementary School,Ottawa CSB,ottawa,Elementary,English,79.0,20.0,10.0,364.9,79%,82%,39%,71%,51%,-15.0,-14.0,15,270,Ottawa,45.36831,-75.7117,False
St Augustine Elementary School,Ottawa CSB,ottawa,Elementary,English,79.0,20.0,10.0,364.9,79%,82%,39%,71%,51%,-15.0,-14.0,15,270,Ottawa,45.36831,-75.7117,False
St Bernard Elementary School,Ottawa CSB,ottawa,Elementary,English,81.0,15.0,11.0,364.9,81%,76%,47%,71%,58%,-12.0,-3.0,13,525,Ottawa,45.35152,-75.6245,False
St Bernard Elementary School,Ottawa CSB,ottawa,Elementary,English,81.0,15.0,11.0,364.9,81%,76%,47%,71%,58%,-12.0,-3.0,13,525,Ottawa,45.35152,-75.6245,False
St Brigid Elementary School,Ottawa CSB,ottawa,Elementary,English,78.0,20.0,10.0,364.9,78%,72%,31%,45%,19%,-6.0,-13.0,15,310,Ottawa,45.44579,-75.6784,False
St Brigid Elementary School,Ottawa CSB,ottawa,Elementary,English,78.0,20.0,10.0,364.9,78%,72%,31%,45%,19%,-6.0,-13.0,15,310,Ottawa,45.44579,-75.6784,False
St Catherine Elementary School,Ottawa CSB,ottawa,Elementary,English,78.0,0.0,0.0,364.9,78%,70%,44%,64%,52%,-14.0,-4.0,10,165,Metcalfe,45.23279,-75.4707,False
St Catherine Elementary School,Ottawa CSB,ottawa,Elementary,English,78.0,0.0,0.0,364.9,78%,70%,44%,64%,52%,-14.0,-4.0,10,165,Metcalfe,45.23279,-75.4707,False
St Clare Elementary School,Ottawa CSB,ottawa,Elementary,English,81.0,5.0,0.0,364.9,81%,91%,32%,70%,60%,1.0,-5.0,15,325,Orleans,45.46933,-75.4741,False
St Clare Elementary School,Ottawa CSB,ottawa,Elementary,English,81.0,5.0,0.0,364.9,81%,91%,32%,70%,60%,1.0,-5.0,15,325,Orleans,45.46933,-75.4741,False
St Daniel Elementary School,Ottawa CSB,ottawa,Elementary,English,68.0,5.0,0.0,364.9,68%,68%,27%,60%,50%,-13.0,-11.0,20,190,Ottawa,45.35473,-75.7635,False
St Daniel Elementary School,Ottawa CSB,ottawa,Elementary,English,68.0,5.0,0.0,364.9,68%,68%,27%,60%,50%,-13.0,-11.0,20,190,Ottawa,45.35473,-75.7635,False
St Elizabeth Ann Seton Elementary School,Ottawa CSB,ottawa,Elementary,English,100.0,5.0,2.0,364.9,100%,92%,55%,87%,69%,9.0,10.0,16,550,Nepean,45.27095,-75.7687,False
St Elizabeth Ann Seton Elementary School,Ottawa CSB,ottawa,Elementary,English,100.0,5.0,2.0,364.9,100%,92%,55%,87%,69%,9.0,10.0,16,550,Nepean,45.27095,-75.7687,False
St Elizabeth Elementary School,Ottawa CSB,ottawa,Elementary,English,74.0,30.0,10.0,364.9,74%,74%,44%,75%,50%,2.0,7.0,20,325,Ottawa,45.38179,-75.7381,False
St Elizabeth Elementary School,Ottawa CSB,ottawa,Elementary,English,74.0,30.0,10.0,364.9,74%,74%,44%,75%,50%,2.0,7.0,20,325,Ottawa,45.38179,-75.7381,False
St Emily (Elementary) Separate School,Ottawa CSB,ottawa,Elementary,English,86.0,7.0,2.0,364.9,86%,83%,53%,90%,86%,-5.0,11.0,10,585,Nepean,45.27224,-75.7218,False
St Emily (Elementary) Separate School,Ottawa CSB,ottawa,Elementary,English,86.0,7.0,2.0,364.9,86%,83%,53%,90%,86%,-5.0,11.0,10,585,Nepean,45.27224,-75.7218,False
St Francis of Assisi Elementary School,Ottawa CSB,ottawa,Elementary,English,88.0,5.0,0.0,364.9,88%,78%,57%,86%,79%,-1.0,15.0,25,360,Orleans,45.47803,-75.4797,False
St Francis of Assisi Elementary School,Ottawa CSB,ottawa,Elementary,English,88.0,5.0,0.0,364.9,88%,78%,57%,86%,79%,-1.0,15.0,25,360,Orleans,45.47803,-75.4797,False
St George Elementary School,Ottawa CSB,ottawa,Elementary,English,86.0,5.0,5.0,364.9,86%,86%,71%,81%,69%,-8.0,-4.0,10,295,Ottawa,45.40443,-75.7475,False
St George Elementary School,Ottawa CSB,ottawa,Elementary,English,86.0,5.0,5.0,364.9,86%,86%,71%,81%,69%,-8.0,-4.0,10,295,Ottawa,45.40443,-75.7475,False
St Gregory Elementary School,Ottawa CSB,ottawa,Elementary,English,89.0,15.0,0.0,364.9,89%,87%,41%,82%,78%,-4.0,-12.0,5,460,Nepean,45.3444,-75.7504,False
St Gregory Elementary School,Ottawa CSB,ottawa,Elementary,English,89.0,15.0,0.0,364.9,89%,87%,41%,82%,78%,-4.0,-12.0,5,460,Nepean,45.3444,-75.7504,False
St Isidore Elementary School,Ottawa CSB,ottawa,Elementary,English,92.0,0.0,0.0,364.9,92%,92%,54%,86%,75%,-1.0,-6.0,15,305,Kanata,45.36719,-75.9489,False
St Isidore Elementary School,Ottawa CSB,ottawa,Elementary,English,92.0,0.0,0.0,364.9,92%,92%,54%,86%,75%,-1.0,-6.0,15,305,Kanata,45.36719,-75.9489,False
St James Elementary School,Ottawa CSB,ottawa,Elementary,English,95.0,0.0,0.0,364.9,95%,95%,71%,86%,80%,-1.0,3.0,10,425,Kanata,45.2909,-75.8615,False
St James Elementary School,Ottawa CSB,ottawa,Elementary,English,95.0,0.0,0.0,364.9,95%,95%,71%,86%,80%,-1.0,3.0,10,425,Kanata,45.2909,-75.8615,False
St Jerome Elementary School,Ottawa CSB,ottawa,Elementary,English,87.0,5.0,1.0,364.9,87%,93%,60%,89%,85%,-11.0,-9.0,14,880,Gloucester,45.2767,-75.6891,False
St Jerome Elementary School,Ottawa CSB,ottawa,Elementary,English,87.0,5.0,1.0,364.9,87%,93%,60%,89%,85%,-11.0,-9.0,14,880,Gloucester,45.2767,-75.6891,False
St John the Apostle Elementary School,Ottawa CSB,ottawa,Elementary,English,90.0,10.0,5.0,364.9,90%,88%,52%,89%,76%,12.0,11.0,20,315,Nepean,45.33384,-75.7931,False
St John the Apostle Elementary School,Ottawa CSB,ottawa,Elementary,English,90.0,10.0,5.0,364.9,90%,88%,52%,89%,76%,12.0,11.0,20,315,Nepean,45.33384,-75.7931,False
St Leonard Elementary School,Ottawa CSB,ottawa,Elementary,English,74.0,3.0,0.0,364.9,74%,79%,43%,89%,77%,-18.0,-14.0,11,670,Manotick,45.23705,-75.6917,False
St Leonard Elementary School,Ottawa CSB,ottawa,Elementary,English,74.0,3.0,0.0,364.9,74%,79%,43%,89%,77%,-18.0,-14.0,11,670,Manotick,45.23705,-75.6917,False
St Luke (Nepean) Elementary School,Ottawa CSB,ottawa,Elementary,English,92.0,10.0,5.0,364.9,92%,94%,84%,95%,76%,-4.0,25.0,10,465,Nepean,45.29175,-75.735,False
St Luke (Nepean) Elementary School,Ottawa CSB,ottawa,Elementary,English,92.0,10.0,5.0,364.9,92%,94%,84%,95%,76%,-4.0,25.0,10,465,Nepean,45.29175,-75.735,False
St Luke (Ottawa) Elementary School,Ottawa CSB,ottawa,Elementary,English,93.0,25.0,10.0,364.9,93%,83%,37%,29%,29%,14.0,5.0,10,270,Ottawa,45.39483,-75.6151,False
St Luke (Ottawa) Elementary School,Ottawa CSB,ottawa,Elementary,English,93.0,25.0,10.0,364.9,93%,83%,37%,29%,29%,14.0,5.0,10,270,Ottawa,45.39483,-75.6151,False
St Marguerite d'Youville Elementary School,Ottawa CSB,ottawa,Elementary,English,87.0,10.0,10.0,364.9,87%,84%,53%,77%,62%,3.0,-5.0,25,340,Ottawa,45.3676,-75.6249,False
St Marguerite d'Youville Elementary School,Ottawa CSB,ottawa,Elementary,English,87.0,10.0,10.0,364.9,87%,84%,53%,77%,62%,3.0,-5.0,25,340,Ottawa,45.3676,-75.6249,False
St Martin de Porres Elementary School,Ottawa CSB,ottawa,Elementary,English,82.0,6.0,3.0,364.9,82%,82%,50%,81%,59%,-3.0,-2.0,12,535,Kanata,45.29285,-75.8845,False
St Martin de Porres Elementary School,Ottawa CSB,ottawa,Elementary,English,82.0,6.0,3.0,364.9,82%,82%,50%,81%,59%,-3.0,-2.0,12,535,Kanata,45.29285,-75.8845,False
St Mary (Gloucester) Elementary School,Ottawa CSB,ottawa,Elementary,English,96.0,0.0,0.0,364.9,96%,87%,58%,69%,60%,7.0,32.0,15,375,GLOUCESTER,45.2799,-75.5711,False
St Mary (Gloucester) Elementary School,Ottawa CSB,ottawa,Elementary,English,96.0,0.0,0.0,364.9,96%,87%,58%,69%,60%,7.0,32.0,15,375,GLOUCESTER,45.2799,-75.5711,False
St Michael (Corkery) Elementary School,Ottawa CSB,ottawa,Elementary,English,73.0,5.0,0.0,364.9,73%,73%,46%,68%,66%,-19.0,-3.0,15,260,Carp,45.28396,-76.1008,False
St Michael (Corkery) Elementary School,Ottawa CSB,ottawa,Elementary,English,73.0,5.0,0.0,364.9,73%,73%,46%,68%,66%,-19.0,-3.0,15,260,Carp,45.28396,-76.1008,False
St Michael (Fitzroy) Elementary School,Ottawa CSB,ottawa,Elementary,English,100.0,0.0,0.0,364.9,100%,100%,74%,67%,50%,9.0,19.0,15,160,Fitzroy Harbour,45.4715,-76.2161,False
St Michael (Fitzroy) Elementary School,Ottawa CSB,ottawa,Elementary,English,100.0,0.0,0.0,364.9,100%,100%,74%,67%,50%,9.0,19.0,15,160,Fitzroy Harbour,45.4715,-76.2161,False
St Michael Elementary School,Ottawa CSB,ottawa,Elementary,English,60.0,30.0,20.0,364.9,60%,48%,24%,41%,29%,-2.0,10.0,20,170,Ottawa,45.42864,-75.6485,False
St Michael Elementary School,Ottawa CSB,ottawa,Elementary,English,60.0,30.0,20.0,364.9,60%,48%,24%,41%,29%,-2.0,10.0,20,170,Ottawa,45.42864,-75.6485,False
St Monica Elementary School,Ottawa CSB,ottawa,Elementary,English,85.0,5.0,0.0,364.9,85%,82%,47%,84%,53%,,,15,265,Nepean,45.323,-75.7178,False
St Monica Elementary School,Ottawa CSB,ottawa,Elementary,English,85.0,5.0,0.0,364.9,85%,82%,47%,84%,53%,,,15,265,Nepean,45.323,-75.7178,False
St Patrick Elementary School,Ottawa CSB,ottawa,Elementary,English,82.0,5.0,0.0,364.9,82%,75%,30%,96%,78%,-18.0,-26.0,10,370,Nepean,45.28363,-75.7607,False
St Patrick Elementary School,Ottawa CSB,ottawa,Elementary,English,82.0,5.0,0.0,364.9,82%,75%,30%,96%,78%,-18.0,-26.0,10,370,Nepean,45.28363,-75.7607,False
St Philip Elementary School,Ottawa CSB,ottawa,Elementary,English,87.0,2.0,0.0,364.9,87%,81%,43%,78%,71%,-5.0,13.0,12,515,Richmond,45.1854,-75.8363,False
St Philip Elementary School,Ottawa CSB,ottawa,Elementary,English,87.0,2.0,0.0,364.9,87%,81%,43%,78%,71%,-5.0,13.0,12,515,Richmond,45.1854,-75.8363,False
St Rita Elementary School,Ottawa CSB,ottawa,Elementary,English,91.0,20.0,10.0,364.9,91%,91%,34%,62%,60%,10.0,-9.0,10,385,Nepean,45.3602,-75.7111,False
St Rita Elementary School,Ottawa CSB,ottawa,Elementary,English,91.0,20.0,10.0,364.9,91%,91%,34%,62%,60%,10.0,-9.0,10,385,Nepean,45.3602,-75.7111,False
St Theresa Elementary School,Ottawa CSB,ottawa,Elementary,English,96.0,0.0,0.0,364.9,96%,87%,42%,71%,78%,4.0,1.0,15,415,Cumberland,45.4636,-75.4667,False
St Theresa Elementary School,Ottawa CSB,ottawa,Elementary,English,96.0,0.0,0.0,364.9,96%,87%,42%,71%,78%,4.0,1.0,15,415,Cumberland,45.4636,-75.4667,False
St Thomas More Elementary School,Ottawa CSB,ottawa,Elementary,English,86.0,9.0,3.0,364.9,86%,87%,47%,63%,58%,-3.0,-12.0,11,600,Ottawa,45.37477,-75.6063,False
St Thomas More Elementary School,Ottawa CSB,ottawa,Elementary,English,86.0,9.0,3.0,364.9,86%,87%,47%,63%,58%,-3.0,-12.0,11,600,Ottawa,45.37477,-75.6063,False
St. Benedict Elementary School,Ottawa CSB,ottawa,Elementary,English,93.0,6.0,2.0,364.9,93%,95%,69%,88%,74%,-3.0,-3.0,11,760,NEPEAN,45.24233,-75.7349,False
St. Benedict Elementary School,Ottawa CSB,ottawa,Elementary,English,93.0,6.0,2.0,364.9,93%,95%,69%,88%,74%,-3.0,-3.0,11,760,NEPEAN,45.24233,-75.7349,False
St. Bernadette Catholic Elementary School,Ottawa CSB,ottawa,Elementary,English,84.0,10.0,0.0,364.9,84%,84%,63%,78%,76%,,,5,465,Stittsville,45.2702,-75.88571,False
St. Bernadette Catholic Elementary School,Ottawa CSB,ottawa,Elementary,English,84.0,10.0,0.0,364.9,84%,84%,63%,78%,76%,,,5,465,Stittsville,45.2702,-75.88571,False
St. Brother Andre Elementary School,Ottawa CSB,ottawa,Elementary,English,93.0,20.0,10.0,364.9,93%,90%,76%,88%,73%,-4.0,18.0,20,245,Gloucester,45.44385,-75.5996,False
St. Brother Andre Elementary School,Ottawa CSB,ottawa,Elementary,English,93.0,20.0,10.0,364.9,93%,90%,76%,88%,73%,-4.0,18.0,20,245,Gloucester,45.44385,-75.5996,False
St. Cecilia Catholic School,Ottawa CSB,ottawa,Elementary,English,89.0,6.0,1.0,364.9,89%,90%,67%,86%,88%,-3.0,5.0,14,565,Nepean,45.25472,-75.7316,False
St. Cecilia Catholic School,Ottawa CSB,ottawa,Elementary,English,89.0,6.0,1.0,364.9,89%,90%,67%,86%,88%,-3.0,5.0,14,565,Nepean,45.25472,-75.7316,False
St. Dominic Catholic Elementary School,Ottawa CSB,ottawa,Elementary,English,82.0,0.0,5.0,364.9,82%,81%,42%,87%,76%,-12.0,-10.0,20,455,Cumberland,45.45155,-75.4705,False
St. Dominic Catholic Elementary School,Ottawa CSB,ottawa,Elementary,English,82.0,0.0,5.0,364.9,82%,81%,42%,87%,76%,-12.0,-10.0,20,455,Cumberland,45.45155,-75.4705,False
St. Gabriel Elementary School,Ottawa CSB,ottawa,Elementary,English,96.0,5.0,0.0,364.9,96%,96%,93%,91%,96%,4.0,39.0,15,200,Kanata,45.3253,-75.9297,False
St. Gabriel Elementary School,Ottawa CSB,ottawa,Elementary,English,96.0,5.0,0.0,364.9,96%,96%,93%,91%,96%,4.0,39.0,15,200,Kanata,45.3253,-75.9297,False
St. Gemma Elementary School,Ottawa CSB,ottawa,Elementary,English,96.0,10.0,5.0,364.9,96%,98%,64%,92%,81%,4.0,-7.0,10,345,Ottawa,45.38672,-75.6467,False
St. Gemma Elementary School,Ottawa CSB,ottawa,Elementary,English,96.0,10.0,5.0,364.9,96%,98%,64%,92%,81%,4.0,-7.0,10,345,Ottawa,45.38672,-75.6467,False
St. Isabel Catholic Elementary School,Ottawa CSB,ottawa,Elementary,English,100.0,5.0,0.0,364.9,100%,95%,82%,100%,89%,11.0,16.0,20,305,Kanata,45.32664,-75.9411,False
St. Isabel Catholic Elementary School,Ottawa CSB,ottawa,Elementary,English,100.0,5.0,0.0,364.9,100%,95%,82%,100%,89%,11.0,16.0,20,305,Kanata,45.32664,-75.9411,False
St. John Paul II Elementary School,Ottawa CSB,ottawa,Elementary,English,86.0,15.0,10.0,364.9,86%,86%,28%,67%,51%,12.0,-9.0,20,250,Gloucester,45.42301,-75.602,False
St. John Paul II Elementary School,Ottawa CSB,ottawa,Elementary,English,86.0,15.0,10.0,364.9,86%,86%,28%,67%,51%,12.0,-9.0,20,250,Gloucester,45.42301,-75.602,False
St. John XXIII Elementary School,Ottawa CSB,ottawa,Elementary,English,78.0,10.0,10.0,364.9,78%,72%,28%,75%,78%,8.0,10.0,20,270,Nepean,45.32804,-75.7689,False
St. John XXIII Elementary School,Ottawa CSB,ottawa,Elementary,English,78.0,10.0,10.0,364.9,78%,72%,28%,75%,78%,8.0,10.0,20,270,Nepean,45.32804,-75.7689,False
St. Kateri Tekakwitha Elementary School,Ottawa CSB,ottawa,Elementary,English,91.0,0.0,0.0,364.9,91%,93%,57%,61%,54%,2.0,24.0,15,495,Orleans,45.45657,-75.5232,False
St. Kateri Tekakwitha Elementary School,Ottawa CSB,ottawa,Elementary,English,91.0,0.0,0.0,364.9,91%,93%,57%,61%,54%,2.0,24.0,15,495,Orleans,45.45657,-75.5232,False
St. Rose of Lima Elementary School,Ottawa CSB,ottawa,Elementary,English,75.0,15.0,10.0,364.9,75%,75%,45%,70%,75%,-19.0,-2.0,15,360,Nepean,45.3507,-75.8068,False
St. Rose of Lima Elementary School,Ottawa CSB,ottawa,Elementary,English,75.0,15.0,10.0,364.9,75%,75%,45%,70%,75%,-19.0,-2.0,15,360,Nepean,45.3507,-75.8068,False
St. Stephen Catholic Elementary School,Ottawa CSB,ottawa,Elementary,English,93.0,4.0,1.0,364.9,93%,90%,74%,94%,81%,2.0,20.0,13,590,Stittsville,45.27533,-75.9319,False
St. Stephen Catholic Elementary School,Ottawa CSB,ottawa,Elementary,English,93.0,4.0,1.0,364.9,93%,90%,74%,94%,81%,2.0,20.0,13,590,Stittsville,45.27533,-75.9319,False
Thomas D'Arcy McGee Elementary School,Ottawa CSB,ottawa,Elementary,English,93.0,10.0,5.0,364.9,93%,79%,50%,88%,47%,8.0,-4.0,30,165,Gloucester,45.45424,-75.6042,False
Thomas D'Arcy McGee Elementary School,Ottawa CSB,ottawa,Elementary,English,93.0,10.0,5.0,364.9,93%,79%,50%,88%,47%,8.0,-4.0,30,165,Gloucester,45.45424,-75.6042,False
A. Lorne Cassidy Elementary School,Ottawa-Carleton DSB,ottawa,Elementary,English,92.0,1.0,1.0,364.9,92%,88%,52%,84%,57%,2.0,-12.0,18,540,Stittsville,45.2625,-75.9332,False
A. Lorne Cassidy Elementary School,Ottawa-Carleton DSB,ottawa,Elementary,English,92.0,1.0,1.0,364.9,92%,88%,52%,84%,57%,2.0,-12.0,18,540,Stittsville,45.2625,-75.9332,False
Adrienne Clarkson Elementary School,Ottawa-Carleton DSB,ottawa,Elementary,English,87.0,0.0,0.0,364.9,87%,85%,62%,67%,62%,-9.0,-12.0,15,445,Nepean,45.28874,-75.7166,False
Adrienne Clarkson Elementary School,Ottawa-Carleton DSB,ottawa,Elementary,English,87.0,0.0,0.0,364.9,87%,85%,62%,67%,62%,-9.0,-12.0,15,445,Nepean,45.28874,-75.7166,False
Agincourt Road Public School,Ottawa-Carleton DSB,ottawa,Elementary,English,95.0,6.0,3.0,364.9,95%,95%,72%,83%,75%,-1.0,-2.0,10,620,Ottawa,45.36051,-75.752,False
Agincourt Road Public School,Ottawa-Carleton DSB,ottawa,Elementary,English,95.0,6.0,3.0,364.9,95%,95%,72%,83%,75%,-1.0,-2.0,10,620,Ottawa,45.36051,-75.752,False
Alta Vista Public School,Ottawa-Carleton DSB,ottawa,Elementary,English,82.0,11.0,4.0,364.9,82%,84%,48%,68%,55%,-4.0,3.0,15,660,Ottawa,45.38362,-75.6649,False
Alta Vista Public School,Ottawa-Carleton DSB,ottawa,Elementary,English,82.0,11.0,4.0,364.9,82%,84%,48%,68%,55%,-4.0,3.0,15,660,Ottawa,45.38362,-75.6649,False
Avalon Public School,Ottawa-Carleton DSB,ottawa,Elementary,English,78.0,5.0,0.0,364.9,78%,73%,50%,60%,30%,7.0,17.0,10,400,Orleans,45.45835,-75.4661,False
Avalon Public School,Ottawa-Carleton DSB,ottawa,Elementary,English,78.0,5.0,0.0,364.9,78%,73%,50%,60%,30%,7.0,17.0,10,400,Orleans,45.45835,-75.4661,False
Barrhaven Public School,Ottawa-Carleton DSB,ottawa,Elementary,English,90.0,5.0,0.0,364.9,90%,86%,49%,85%,63%,24.0,12.0,10,470,Nepean,45.28106,-75.7641,False
Barrhaven Public School,Ottawa-Carleton DSB,ottawa,Elementary,English,90.0,5.0,0.0,364.9,90%,86%,49%,85%,63%,24.0,12.0,10,470,Nepean,45.28106,-75.7641,False
Bayshore Public School,Ottawa-Carleton DSB,ottawa,Elementary,English,69.0,15.0,15.0,364.9,69%,77%,26%,38%,24%,8.0,-9.0,5,320,Nepean,45.34964,-75.8105,False
Bayshore Public School,Ottawa-Carleton DSB,ottawa,Elementary,English,69.0,15.0,15.0,364.9,69%,77%,26%,38%,24%,8.0,-9.0,5,320,Nepean,45.34964,-75.8105,False
Bells Corners Public School,Ottawa-Carleton DSB,ottawa,Elementary,English,61.0,10.0,10.0,364.9,61%,58%,29%,73%,52%,-16.0,2.0,20,275,Nepean,45.32407,-75.8259,False
Bells Corners Public School,Ottawa-Carleton DSB,ottawa,Elementary,English,61.0,10.0,10.0,364.9,61%,58%,29%,73%,52%,-16.0,2.0,20,275,Nepean,45.32407,-75.8259,False
Berrigan Elementary School,Ottawa-Carleton DSB,ottawa,Elementary,English,85.0,7.0,3.0,364.9,85%,90%,69%,75%,58%,-6.0,2.0,8,710,Nepean,45.28021,-75.7379,False
Berrigan Elementary School,Ottawa-Carleton DSB,ottawa,Elementary,English,85.0,7.0,3.0,364.9,85%,90%,69%,75%,58%,-6.0,2.0,8,710,Nepean,45.28021,-75.7379,False
Blossom Park Public School,Ottawa-Carleton DSB,ottawa,Elementary,English,46.0,20.0,10.0,364.9,46%,47%,6%,33%,29%,-15.0,-4.0,20,315,Gloucester,45.35084,-75.6238,True
Blossom Park Public School,Ottawa-Carleton DSB,ottawa,Elementary,English,46.0,20.0,10.0,364.9,46%,47%,6%,33%,29%,-15.0,-4.0,20,315,Gloucester,45.35084,-75.6238,True
Briargreen Public School,Ottawa-Carleton DSB,ottawa,Elementary,English,77.0,10.0,5.0,364.9,77%,75%,42%,72%,63%,10.0,1.0,20,290,Nepean,45.33755,-75.7771,False
Briargreen Public School,Ottawa-Carleton DSB,ottawa,Elementary,English,77.0,10.0,5.0,364.9,77%,75%,42%,72%,63%,10.0,1.0,20,290,Nepean,45.33755,-75.7771,False
Bridlewood Community Elementary School,Ottawa-Carleton DSB,ottawa,Elementary,English,89.0,0.0,0.0,364.9,89%,89%,63%,65%,52%,-3.0,1.0,10,410,Kanata,45.28474,-75.861,False
Bridlewood Community Elementary School,Ottawa-Carleton DSB,ottawa,Elementary,English,89.0,0.0,0.0,364.9,89%,89%,63%,65%,52%,-3.0,1.0,10,410,Kanata,45.28474,-75.861,False
Broadview Public School,Ottawa-Carleton DSB,ottawa,Elementary,English,86.0,5.0,1.0,364.9,86%,83%,62%,93%,91%,-3.0,14.0,14,880,Ottawa,45.38291,-75.7581,False
Broadview Public School,Ottawa-Carleton DSB,ottawa,Elementary,English,86.0,5.0,1.0,364.9,86%,83%,62%,93%,91%,-3.0,14.0,14,880,Ottawa,45.38291,-75.7581,False
Cambridge Street Community Public School,Ottawa-Carleton DSB,ottawa,Elementary,English,56.0,20.0,10.0,364.9,56%,81%,12%,N/R,N/R,-13.0,-34.0,30,90,Ottawa,45.40818,-75.7055,True
Cambridge Street Community Public School,Ottawa-Carleton DSB,ottawa,Elementary,English,56.0,20.0,10.0,364.9,56%,81%,12%,N/R,N/R,-13.0,-34.0,30,90,Ottawa,45.40818,-75.7055,True
Carleton Heights Public School,Ottawa-Carleton DSB,ottawa,Elementary,English,46.0,26.0,18.0,364.9,46%,33%,26%,31%,20%,-17.0,11.0,15,520,Ottawa,45.36049,-75.7006,True
Carleton Heights Public School,Ottawa-Carleton DSB,ottawa,Elementary,English,46.0,26.0,18.0,364.9,46%,33%,26%,31%,20%,-17.0,11.0,15,520,Ottawa,45.36049,-75.7006,True
Castor Valley Elementary School,Ottawa-Carleton DSB,ottawa,Elementary,English,91.0,2.0,1.0,364.9,91%,92%,66%,83%,77%,-8.0,2.0,9,710,Greely,45.21632,-75.5177,False
Castor Valley Elementary School,Ottawa-Carleton DSB,ottawa,Elementary,English,91.0,2.0,1.0,364.9,91%,92%,66%,83%,77%,-8.0,2.0,9,710,Greely,45.21632,-75.5177,False
Centennial Public School,Ottawa-Carleton DSB,ottawa,Elementary,English,71.0,20.0,0.0,364.9,71%,71%,49%,58%,29%,-18.0,9.0,30,290,Ottawa,45.41525,-75.7046,False
Centennial Public School,Ottawa-Carleton DSB,ottawa,Elementary,English,71.0,20.0,0.0,364.9,71%,71%,49%,58%,29%,-18.0,9.0,30,290,Ottawa,45.41525,-75.7046,False
Chapman Mills Elementary School,Ottawa-Carleton DSB,ottawa,Elementary,English,87.0,8.0,2.0,364.9,87%,84%,68%,79%,69%,-5.0,-7.0,6,705,Ottawa,45.26951,-75.7318,False
Chapman Mills Elementary School,Ottawa-Carleton DSB,ottawa,Elementary,English,87.0,8.0,2.0,364.9,87%,84%,68%,79%,69%,-5.0,-7.0,6,705,Ottawa,45.26951,-75.7318,False
Charles H. Hulse Public School,Ottawa-Carleton DSB,ottawa,Elementary,English,67.0,25.0,25.0,364.9,67%,55%,29%,28%,26%,-12.0,-9.0,25,275,Ottawa,45.3748,-75.6601,False
Charles H. Hulse Public School,Ottawa-Carleton DSB,ottawa,Elementary,English,67.0,25.0,25.0,364.9,67%,55%,29%,28%,26%,-12.0,-9.0,25,275,Ottawa,45.3748,-75.6601,False
Churchill Alternative School,Ottawa-Carleton DSB,ottawa,Elementary,English,90.0,10.0,5.0,364.9,90%,76%,81%,59%,47%,2.0,29.0,30,185,Ottawa,45.39049,-75.7532,False
Churchill Alternative School,Ottawa-Carleton DSB,ottawa,Elementary,English,90.0,10.0,5.0,364.9,90%,76%,81%,59%,47%,2.0,29.0,30,185,Ottawa,45.39049,-75.7532,False
Connaught Public School,Ottawa-Carleton DSB,ottawa,Elementary,English,93.0,5.0,0.0,364.9,93%,86%,62%,81%,83%,-2.0,-8.0,10,390,Ottawa,45.4004,-75.726,False
Connaught Public School,Ottawa-Carleton DSB,ottawa,Elementary,English,93.0,5.0,0.0,364.9,93%,86%,62%,81%,83%,-2.0,-8.0,10,390,Ottawa,45.4004,-75.726,False
D. Roy Kennedy Public School,Ottawa-Carleton DSB,ottawa,Elementary,English,62.0,10.0,10.0,364.9,62%,62%,39%,65%,61%,-19.0,-17.0,15,375,Ottawa,45.36509,-75.7696,False
D. Roy Kennedy Public School,Ottawa-Carleton DSB,ottawa,Elementary,English,62.0,10.0,10.0,364.9,62%,62%,39%,65%,61%,-19.0,-17.0,15,375,Ottawa,45.36509,-75.7696,False
Devonshire Community Public School,Ottawa-Carleton DSB,ottawa,Elementary,English,86.0,10.0,0.0,364.9,86%,93%,62%,80%,70%,-11.0,-6.0,10,300,Ottawa,45.40553,-75.7189,False
Devonshire Community Public School,Ottawa-Carleton DSB,ottawa,Elementary,English,86.0,10.0,0.0,364.9,86%,93%,62%,80%,70%,-11.0,-6.0,10,300,Ottawa,45.40553,-75.7189,False
Dunlop Public School,Ottawa-Carleton DSB,ottawa,Elementary,English,80.0,15.0,10.0,364.9,80%,80%,30%,41%,29%,24.0,30.0,30,115,Ottawa,45.36105,-75.6503,False
Dunlop Public School,Ottawa-Carleton DSB,ottawa,Elementary,English,80.0,15.0,10.0,364.9,80%,80%,30%,41%,29%,24.0,30.0,30,115,Ottawa,45.36105,-75.6503,False
Dunning-Foubert Elementary School,Ottawa-Carleton DSB,ottawa,Elementary,English,72.0,4.0,2.0,364.9,72%,72%,39%,55%,41%,-5.0,4.0,15,535,Orleans,45.46714,-75.4986,False
Dunning-Foubert Elementary School,Ottawa-Carleton DSB,ottawa,Elementary,English,72.0,4.0,2.0,364.9,72%,72%,39%,55%,41%,-5.0,4.0,15,535,Orleans,45.46714,-75.4986,False
Elgin Street Public School,Ottawa-Carleton DSB,ottawa,Elementary,English,85.0,15.0,0.0,364.9,85%,88%,69%,75%,65%,-10.0,-7.0,10,335,Ottawa,45.4163,-75.6894,False
Elgin Street Public School,Ottawa-Carleton DSB,ottawa,Elementary,English,85.0,15.0,0.0,364.9,85%,88%,69%,75%,65%,-10.0,-7.0,10,335,Ottawa,45.4163,-75.6894,False
Elmdale Public School,Ottawa-Carleton DSB,ottawa,Elementary,English,92.0,3.0,1.0,364.9,92%,95%,89%,88%,84%,-6.0,2.0,11,570,Ottawa,45.39424,-75.736,False
Elmdale Public School,Ottawa-Carleton DSB,ottawa,Elementary,English,92.0,3.0,1.0,364.9,92%,95%,89%,88%,84%,-6.0,2.0,11,570,Ottawa,45.39424,-75.736,False
Emily Carr Middle School,Ottawa-Carleton DSB,ottawa,Elementary,English,79.0,5.0,5.0,364.9,79%,77%,38%,,,-1.0,-12.0,20,295,Gloucester,45.43444,-75.5625,False
Emily Carr Middle School,Ottawa-Carleton DSB,ottawa,Elementary,English,79.0,5.0,5.0,364.9,79%,77%,38%,,,-1.0,-12.0,20,295,Gloucester,45.43444,-75.5625,False
Fallingbrook Community Elementary School,Ottawa-Carleton DSB,ottawa,Elementary,English,85.0,0.0,0.0,364.9,85%,85%,44%,70%,74%,0.0,-5.0,10,305,Orleans,45.48117,-75.4874,False
Fallingbrook Community Elementary School,Ottawa-Carleton DSB,ottawa,Elementary,English,85.0,0.0,0.0,364.9,85%,85%,44%,70%,74%,0.0,-5.0,10,305,Orleans,45.48117,-75.4874,False
Farley Mowat Public School,Ottawa-Carleton DSB,ottawa,Elementary,English,81.0,8.0,2.0,364.9,81%,80%,61%,65%,56%,-6.0,11.0,6,610,Nepean,45.2817,-75.7084,False
Farley Mowat Public School,Ottawa-Carleton DSB,ottawa,Elementary,English,81.0,8.0,2.0,364.9,81%,80%,61%,65%,56%,-6.0,11.0,6,610,Nepean,45.2817,-75.7084,False
Featherston Drive Public School,Ottawa-Carleton DSB,ottawa,Elementary,English,53.0,20.0,15.0,364.9,53%,48%,28%,36%,36%,-28.0,6.0,15,280,Ottawa,45.38367,-75.6453,True
Featherston Drive Public School,Ottawa-Carleton DSB,ottawa,Elementary,English,53.0,20.0,15.0,364.9,53%,48%,28%,36%,36%,-28.0,6.0,15,280,Ottawa,45.38367,-75.6453,True
Fielding Drive Public School,Ottawa-Carleton DSB,ottawa,Elementary,English,82.0,10.0,10.0,364.9,82%,75%,38%,,,2.0,6.0,30,445,Ottawa,45.36193,-75.678,False
Fielding Drive Public School,Ottawa-Carleton DSB,ottawa,Elementary,English,82.0,10.0,10.0,364.9,82%,75%,38%,,,2.0,6.0,30,445,Ottawa,45.36193,-75.678,False
First Avenue Public School,Ottawa-Carleton DSB,ottawa,Elementary,English,85.0,5.0,0.0,364.9,85%,88%,76%,100%,92%,-15.0,-24.0,20,200,Ottawa,45.40628,-75.6854,False
First Avenue Public School,Ottawa-Carleton DSB,ottawa,Elementary,English,85.0,5.0,0.0,364.9,85%,88%,76%,100%,92%,-15.0,-24.0,20,200,Ottawa,45.40628,-75.6854,False
Goulbourn Middle School,Ottawa-Carleton DSB,ottawa,Elementary,English,83.0,0.0,0.0,364.9,83%,71%,44%,,,15.0,8.0,20,450,Stittsville,45.2302,-75.9018,False
Goulbourn Middle School,Ottawa-Carleton DSB,ottawa,Elementary,English,83.0,0.0,0.0,364.9,83%,71%,44%,,,15.0,8.0,20,450,Stittsville,45.2302,-75.9018,False
Greely Elementary School,Ottawa-Carleton DSB,ottawa,Elementary,English,70.0,0.0,5.0,364.9,70%,70%,42%,69%,62%,-5.0,17.0,30,145,Greely,45.26105,-75.5637,False
Greely Elementary School,Ottawa-Carleton DSB,ottawa,Elementary,English,70.0,0.0,5.0,364.9,70%,70%,42%,69%,62%,-5.0,17.0,30,145,Greely,45.26105,-75.5637,False
Half Moon Bay Public School,Ottawa-Carleton DSB,ottawa,Elementary,English,91.0,8.0,1.0,364.9,91%,88%,57%,69%,54%,0.0,6.0,7,715,Nepean,45.25315,-75.7462,False
Half Moon Bay Public School,Ottawa-Carleton DSB,ottawa,Elementary,English,91.0,8.0,1.0,364.9,91%,88%,57%,69%,54%,0.0,6.0,7,715,Nepean,45.25315,-75.7462,False
Hawthorne Public School,Ottawa-Carleton DSB,ottawa,Elementary,English,27.0,20.0,10.0,364.9,27%,31%,0%,40%,38%,-13.0,-25.0,20,285,Ottawa,45.39226,-75.6201,True
Hawthorne Public School,Ottawa-Carleton DSB,ottawa,Elementary,English,27.0,20.0,10.0,364.9,27%,31%,0%,40%,38%,-13.0,-25.0,20,285,Ottawa,45.39226,-75.6201,True
Henry Larsen Elementary School,Ottawa-Carleton DSB,ottawa,Elementary,English,77.0,0.0,0.0,364.9,77%,68%,46%,67%,62%,-8.0,-6.0,20,410,Gloucester,45.46028,-75.5121,False
Henry Larsen Elementary School,Ottawa-Carleton DSB,ottawa,Elementary,English,77.0,0.0,0.0,364.9,77%,68%,46%,67%,62%,-8.0,-6.0,20,410,Gloucester,45.46028,-75.5121,False
Henry Munro Middle School,Ottawa-Carleton DSB,ottawa,Elementary,English,70.0,13.0,8.0,364.9,70%,65%,46%,,,-1.0,-2.0,21,560,Gloucester,45.45789,-75.5966,False
Henry Munro Middle School,Ottawa-Carleton DSB,ottawa,Elementary,English,70.0,13.0,8.0,364.9,70%,65%,46%,,,-1.0,-2.0,21,560,Gloucester,45.45789,-75.5966,False
Heritage Public School,Ottawa-Carleton DSB,ottawa,Elementary,English,83.0,0.0,0.0,364.9,83%,83%,54%,75%,66%,7.0,10.0,20,275,Navan,45.42165,-75.4167,False
Heritage Public School,Ottawa-Carleton DSB,ottawa,Elementary,English,83.0,0.0,0.0,364.9,83%,83%,54%,75%,66%,7.0,10.0,20,275,Navan,45.42165,-75.4167,False
Hilson Avenue Public School,Ottawa-Carleton DSB,ottawa,Elementary,English,84.0,10.0,5.0,364.9,84%,82%,60%,82%,68%,0.0,25.0,20,260,Ottawa,45.39521,-75.7447,False
Hilson Avenue Public School,Ottawa-Carleton DSB,ottawa,Elementary,English,84.0,10.0,5.0,364.9,84%,82%,60%,82%,68%,0.0,25.0,20,260,Ottawa,45.39521,-75.7447,False
Hopewell Avenue Public School,Ottawa-Carleton DSB,ottawa,Elementary,English,97.0,3.0,1.0,364.9,97%,90%,75%,93%,87%,0.0,-3.0,10,775,Ottawa,45.39347,-75.6839,False
Hopewell Avenue Public School,Ottawa-Carleton DSB,ottawa,Elementary,English,97.0,3.0,1.0,364.9,97%,90%,75%,93%,87%,0.0,-3.0,10,775,Ottawa,45.39347,-75.6839,False
Huntley Centennial Public School,Ottawa-Carleton DSB,ottawa,Elementary,English,79.0,2.0,0.0,364.9,79%,77%,54%,72%,57%,-16.0,-13.0,18,585,Carp,45.34601,-76.0309,False
Huntley Centennial Public School,Ottawa-Carleton DSB,ottawa,Elementary,English,79.0,2.0,0.0,364.9,79%,77%,54%,72%,57%,-16.0,-13.0,18,585,Carp,45.34601,-76.0309,False
Jack Donohue Public School,Ottawa-Carleton DSB,ottawa,Elementary,English,88.0,5.0,0.0,364.9,88%,91%,36%,79%,88%,-5.0,-24.0,19,610,Kanata,45.35371,-75.9417,False
Jack Donohue Public School,Ottawa-Carleton DSB,ottawa,Elementary,English,88.0,5.0,0.0,364.9,88%,91%,36%,79%,88%,-5.0,-24.0,19,610,Kanata,45.35371,-75.9417,False
Jockvale Elementary School,Ottawa-Carleton DSB,ottawa,Elementary,English,72.0,5.0,0.0,364.9,72%,67%,40%,69%,52%,-15.0,-3.0,10,470,Nepean,45.27934,-75.7597,False
Jockvale Elementary School,Ottawa-Carleton DSB,ottawa,Elementary,English,72.0,5.0,0.0,364.9,72%,67%,40%,69%,52%,-15.0,-3.0,10,470,Nepean,45.27934,-75.7597,False
John Young Elementary School,Ottawa-Carleton DSB,ottawa,Elementary,English,75.0,6.0,3.0,364.9,75%,78%,47%,69%,62%,-14.0,0.0,9,545,Kanata,45.28939,-75.8837,False
John Young Elementary School,Ottawa-Carleton DSB,ottawa,Elementary,English,75.0,6.0,3.0,364.9,75%,78%,47%,69%,62%,-14.0,0.0,9,545,Kanata,45.28939,-75.8837,False
Kanata Highlands Public School,Ottawa-Carleton DSB,ottawa,Elementary,English,100.0,5.0,0.0,364.9,100%,94%,83%,83%,86%,3.0,12.0,5,475,Kanata,45.31183,-75.9315,False
Kanata Highlands Public School,Ottawa-Carleton DSB,ottawa,Elementary,English,100.0,5.0,0.0,364.9,100%,94%,83%,83%,86%,3.0,12.0,5,475,Kanata,45.31183,-75.9315,False
Kars on the Rideau Public School,Ottawa-Carleton DSB,ottawa,Elementary,English,84.0,2.0,0.0,364.9,84%,86%,47%,78%,65%,7.0,9.0,15,635,Kars,45.15277,-75.6506,False
Kars on the Rideau Public School,Ottawa-Carleton DSB,ottawa,Elementary,English,84.0,2.0,0.0,364.9,84%,86%,47%,78%,65%,7.0,9.0,15,635,Kars,45.15277,-75.6506,False
Katimavik Elementary School,Ottawa-Carleton DSB,ottawa,Elementary,English,79.0,10.0,0.0,364.9,79%,65%,44%,,,-2.0,-7.0,35,350,Kanata,45.30953,-75.8898,False
Katimavik Elementary School,Ottawa-Carleton DSB,ottawa,Elementary,English,79.0,10.0,0.0,364.9,79%,65%,44%,,,-2.0,-7.0,35,350,Kanata,45.30953,-75.8898,False
Knoxdale Public School,Ottawa-Carleton DSB,ottawa,Elementary,English,92.0,5.0,3.0,364.9,92%,94%,67%,94%,89%,-7.0,-11.0,13,635,Nepean,45.32765,-75.7811,False
Knoxdale Public School,Ottawa-Carleton DSB,ottawa,Elementary,English,92.0,5.0,3.0,364.9,92%,94%,67%,94%,89%,-7.0,-11.0,13,635,Nepean,45.32765,-75.7811,False
Lady Evelyn Alternative School,Ottawa-Carleton DSB,ottawa,Elementary,English,95.0,20.0,0.0,364.9,95%,76%,19%,85%,77%,25.0,10.0,30,115,Ottawa,45.41167,-75.6789,False
Lady Evelyn Alternative School,Ottawa-Carleton DSB,ottawa,Elementary,English,95.0,20.0,0.0,364.9,95%,76%,19%,85%,77%,25.0,10.0,30,115,Ottawa,45.41167,-75.6789,False
Lakeview Public School,Ottawa-Carleton DSB,ottawa,Elementary,English,92.0,0.0,0.0,364.9,92%,84%,56%,95%,86%,-5.0,3.0,10,285,Nepean,45.34773,-75.8236,False
Lakeview Public School,Ottawa-Carleton DSB,ottawa,Elementary,English,92.0,0.0,0.0,364.9,92%,84%,56%,95%,86%,-5.0,3.0,10,285,Nepean,45.34773,-75.8236,False
Manor Park Public School,Ottawa-Carleton DSB,ottawa,Elementary,English,68.0,19.0,5.0,364.9,68%,75%,25%,64%,56%,-23.0,-21.0,9,655,Ottawa,45.45042,-75.6558,False
Manor Park Public School,Ottawa-Carleton DSB,ottawa,Elementary,English,68.0,19.0,5.0,364.9,68%,75%,25%,64%,56%,-23.0,-21.0,9,655,Ottawa,45.45042,-75.6558,False
Manordale Public School,Ottawa-Carleton DSB,ottawa,Elementary,English,64.0,10.0,20.0,364.9,64%,69%,27%,47%,47%,-7.0,0.0,10,305,Nepean,45.32875,-75.7603,False
Manordale Public School,Ottawa-Carleton DSB,ottawa,Elementary,English,64.0,10.0,20.0,364.9,64%,69%,27%,47%,47%,-7.0,0.0,10,305,Nepean,45.32875,-75.7603,False
Maple Ridge Elementary School,Ottawa-Carleton DSB,ottawa,Elementary,English,92.0,3.0,0.0,364.9,92%,95%,63%,89%,77%,10.0,7.0,18,535,Orleans,45.47088,-75.4614,False
Maple Ridge Elementary School,Ottawa-Carleton DSB,ottawa,Elementary,English,92.0,3.0,0.0,364.9,92%,95%,63%,89%,77%,10.0,7.0,18,535,Orleans,45.47088,-75.4614,False
Mary Honeywell Elementary School,Ottawa-Carleton DSB,ottawa,Elementary,English,97.0,5.0,1.0,364.9,97%,93%,66%,74%,66%,14.0,12.0,16,525,Nepean,45.26882,-75.7672,False
Mary Honeywell Elementary School,Ottawa-Carleton DSB,ottawa,Elementary,English,97.0,5.0,1.0,364.9,97%,93%,66%,74%,66%,14.0,12.0,16,525,Nepean,45.26882,-75.7672,False
Meadowlands Public School,Ottawa-Carleton DSB,ottawa,Elementary,English,59.0,10.0,5.0,364.9,59%,59%,35%,38%,40%,-31.0,-6.0,10,465,Nepean,45.34513,-75.7368,True
Meadowlands Public School,Ottawa-Carleton DSB,ottawa,Elementary,English,59.0,10.0,5.0,364.9,59%,59%,35%,38%,40%,-31.0,-6.0,10,465,Nepean,45.34513,-75.7368,True
Metcalfe Public School,Ottawa-Carleton DSB,ottawa,Elementary,English,48.0,5.0,0.0,364.9,48%,39%,17%,41%,30%,-20.0,-15.0,20,270,Metcalfe,45.23351,-75.4708,True
Metcalfe Public School,Ottawa-Carleton DSB,ottawa,Elementary,English,48.0,5.0,0.0,364.9,48%,39%,17%,41%,30%,-20.0,-15.0,20,270,Metcalfe,45.23351,-75.4708,True
Mutchmor Public School,Ottawa-Carleton DSB,ottawa,Elementary,English,88.0,5.0,0.0,364.9,88%,92%,65%,84%,86%,-7.0,-8.0,5,405,Ottawa,45.4008,-75.6906,False
Mutchmor Public School,Ottawa-Carleton DSB,ottawa,Elementary,English,88.0,5.0,0.0,364.9,88%,92%,65%,84%,86%,-7.0,-8.0,5,405,Ottawa,45.4008,-75.6906,False
Osgoode Public School,Ottawa-Carleton DSB,ottawa,Elementary,English,84.0,5.0,0.0,364.9,84%,76%,26%,80%,46%,-13.0,-41.0,10,275,Osgoode,45.14608,-75.6052,False
Osgoode Public School,Ottawa-Carleton DSB,ottawa,Elementary,English,84.0,5.0,0.0,364.9,84%,76%,26%,80%,46%,-13.0,-41.0,10,275,Osgoode,45.14608,-75.6052,False
Pinecrest Public School,Ottawa-Carleton DSB,ottawa,Elementary,English,51.0,20.0,10.0,364.9,51%,46%,22%,50%,38%,-5.0,9.0,15,455,Ottawa,45.34393,-75.785,True
Pinecrest Public School,Ottawa-Carleton DSB,ottawa,Elementary,English,51.0,20.0,10.0,364.9,51%,46%,22%,50%,38%,-5.0,9.0,15,455,Ottawa,45.34393,-75.785,True
Pleasant Park Public School,Ottawa-Carleton DSB,ottawa,Elementary,English,92.0,14.0,10.0,364.9,92%,95%,64%,67%,53%,10.0,13.0,5,515,Ottawa,45.39272,-75.6462,False
Pleasant Park Public School,Ottawa-Carleton DSB,ottawa,Elementary,English,92.0,14.0,10.0,364.9,92%,95%,64%,67%,53%,10.0,13.0,5,515,Ottawa,45.39272,-75.6462,False
Queen Elizabeth Public School,Ottawa-Carleton DSB,ottawa,Elementary,English,40.0,15.0,10.0,364.9,40%,31%,11%,83%,50%,-25.0,-12.0,20,390,Ottawa,45.43813,-75.6443,True
Queen Elizabeth Public School,Ottawa-Carleton DSB,ottawa,Elementary,English,40.0,15.0,10.0,364.9,40%,31%,11%,83%,50%,-25.0,-12.0,20,390,Ottawa,45.43813,-75.6443,True
Queen Mary Street Public School,Ottawa-Carleton DSB,ottawa,Elementary,English,54.0,30.0,15.0,364.9,54%,50%,21%,18%,18%,4.0,11.0,30,190,Ottawa,45.42631,-75.6423,True
Queen Mary Street Public School,Ottawa-Carleton DSB,ottawa,Elementary,English,54.0,30.0,15.0,364.9,54%,50%,21%,18%,18%,4.0,11.0,30,190,Ottawa,45.42631,-75.6423,True
Regina Street Alternative School,Ottawa-Carleton DSB,ottawa,Elementary,English,45.0,20.0,5.0,364.9,45%,50%,32%,54%,38%,-32.0,-11.0,20,200,Ottawa,45.36665,-75.7902,True
Regina Street Alternative School,Ottawa-Carleton DSB,ottawa,Elementary,English,45.0,20.0,5.0,364.9,45%,50%,32%,54%,38%,-32.0,-11.0,20,200,Ottawa,45.36665,-75.7902,True
Riverview Alternative School,Ottawa-Carleton DSB,ottawa,Elementary,English,58.0,20.0,10.0,364.9,58%,54%,12%,48%,39%,-15.0,-9.0,40,215,Ottawa,45.40587,-75.6547,True
Riverview Alternative School,Ottawa-Carleton DSB,ottawa,Elementary,English,58.0,20.0,10.0,364.9,58%,54%,12%,48%,39%,-15.0,-9.0,40,215,Ottawa,45.40587,-75.6547,True
Robert Bateman Public School,Ottawa-Carleton DSB,ottawa,Elementary,English,74.0,10.0,10.0,364.9,74%,66%,29%,40%,30%,-10.0,-10.0,15,345,Ottawa,45.36914,-75.6205,False
Robert Bateman Public School,Ottawa-Carleton DSB,ottawa,Elementary,English,74.0,10.0,10.0,364.9,74%,66%,29%,40%,30%,-10.0,-10.0,15,345,Ottawa,45.36914,-75.6205,False
Robert E.  Wilson Public School,Ottawa-Carleton DSB,ottawa,Elementary,English,46.0,30.0,10.0,364.9,46%,46%,9%,41%,15%,-22.0,-5.0,5,245,Vanier,45.43275,-75.6512,True
Robert E.  Wilson Public School,Ottawa-Carleton DSB,ottawa,Elementary,English,46.0,30.0,10.0,364.9,46%,46%,9%,41%,15%,-22.0,-5.0,5,245,Vanier,45.43275,-75.6512,True
Roberta Bondar Public School,Ottawa-Carleton DSB,ottawa,Elementary,English,73.0,13.0,6.0,364.9,73%,78%,42%,56%,65%,3.0,16.0,18,645,Ottawa,45.36586,-75.628,False
Roberta Bondar Public School,Ottawa-Carleton DSB,ottawa,Elementary,English,73.0,13.0,6.0,364.9,73%,78%,42%,56%,65%,3.0,16.0,18,645,Ottawa,45.36586,-75.628,False
Roch Carrier Elementary School,Ottawa-Carleton DSB,ottawa,Elementary,English,97.0,0.0,0.0,364.9,97%,92%,77%,78%,66%,7.0,17.0,10,380,Kanata,45.28386,-75.8466,False
Roch Carrier Elementary School,Ottawa-Carleton DSB,ottawa,Elementary,English,97.0,0.0,0.0,364.9,97%,92%,77%,78%,66%,7.0,17.0,10,380,Kanata,45.28386,-75.8466,False
Rockcliffe Park Public School,Ottawa-Carleton DSB,ottawa,Elementary,English,95.0,10.0,0.0,364.9,95%,100%,63%,84%,67%,-2.0,-11.0,10,400,Ottawa,45.4504,-75.6781,False
Rockcliffe Park Public School,Ottawa-Carleton DSB,ottawa,Elementary,English,95.0,10.0,0.0,364.9,95%,100%,63%,84%,67%,-2.0,-11.0,10,400,Ottawa,45.4504,-75.6781,False
Roland Michener Public School,Ottawa-Carleton DSB,ottawa,Elementary,English,85.0,10.0,0.0,364.9,85%,79%,62%,85%,85%,-8.0,24.0,10,320,Kanata,45.32848,-75.8925,False
Roland Michener Public School,Ottawa-Carleton DSB,ottawa,Elementary,English,85.0,10.0,0.0,364.9,85%,79%,62%,85%,85%,-8.0,24.0,10,320,Kanata,45.32848,-75.8925,False
Sawmill Creek Elementary School,Ottawa-Carleton DSB,ottawa,Elementary,English,71.0,15.0,20.0,364.9,71%,69%,31%,57%,49%,7.0,2.0,10,490,Gloucester,45.34937,-75.6334,False
Sawmill Creek Elementary School,Ottawa-Carleton DSB,ottawa,Elementary,English,71.0,15.0,20.0,364.9,71%,69%,31%,57%,49%,7.0,2.0,10,490,Gloucester,45.34937,-75.6334,False
Severn Avenue Public School,Ottawa-Carleton DSB,ottawa,Elementary,English,80.0,20.0,10.0,364.9,80%,60%,60%,71%,68%,-20.0,3.0,10,295,Ottawa,45.3574,-75.7829,False
Severn Avenue Public School,Ottawa-Carleton DSB,ottawa,Elementary,English,80.0,20.0,10.0,364.9,80%,60%,60%,71%,68%,-20.0,3.0,10,295,Ottawa,45.3574,-75.7829,False
Shingwàkons Public School,Ottawa-Carleton DSB,ottawa,Elementary,English,73.0,7.0,3.0,364.9,73%,65%,40%,64%,63%,,,9,740,Stittsville,45.2722,-75.8804,False
Shingwàkons Public School,Ottawa-Carleton DSB,ottawa,Elementary,English,73.0,7.0,3.0,364.9,73%,65%,40%,64%,63%,,,9,740,Stittsville,45.2722,-75.8804,False
Sir Winston Churchill Public School,Ottawa-Carleton DSB,ottawa,Elementary,English,91.0,10.0,10.0,364.9,91%,94%,75%,85%,73%,-3.0,-1.0,15,425,Nepean,45.35406,-75.7281,False
Sir Winston Churchill Public School,Ottawa-Carleton DSB,ottawa,Elementary,English,91.0,10.0,10.0,364.9,91%,94%,75%,85%,73%,-3.0,-1.0,15,425,Nepean,45.35406,-75.7281,False
South March Public School,Ottawa-Carleton DSB,ottawa,Elementary,English,82.0,0.0,0.0,364.9,82%,74%,49%,83%,73%,-2.0,-2.0,10,495,Kanata,45.35731,-75.928,False
South March Public School,Ottawa-Carleton DSB,ottawa,Elementary,English,82.0,0.0,0.0,364.9,82%,74%,49%,83%,73%,-2.0,-2.0,10,495,Kanata,45.35731,-75.928,False
Stephen Leacock Public School,Ottawa-Carleton DSB,ottawa,Elementary,English,100.0,7.0,0.0,364.9,100%,98%,97%,93%,93%,3.0,14.0,9,520,Kanata,45.32494,-75.9027,False
Stephen Leacock Public School,Ottawa-Carleton DSB,ottawa,Elementary,English,100.0,7.0,0.0,364.9,100%,98%,97%,93%,93%,3.0,14.0,9,520,Kanata,45.32494,-75.9027,False
Steve MacLean Public School,Ottawa-Carleton DSB,ottawa,Elementary,English,89.0,5.0,0.0,364.9,89%,84%,68%,71%,67%,-5.0,3.0,12,740,Gloucester,45.28168,-75.6857,False
Steve MacLean Public School,Ottawa-Carleton DSB,ottawa,Elementary,English,89.0,5.0,0.0,364.9,89%,84%,68%,71%,67%,-5.0,3.0,12,740,Gloucester,45.28168,-75.6857,False
Stittsville Public School,Ottawa-Carleton DSB,ottawa,Elementary,English,82.0,4.0,1.0,364.9,82%,80%,50%,60%,57%,-6.0,-2.0,7,760,Stittsville,45.27185,-75.9085,False
Stittsville Public School,Ottawa-Carleton DSB,ottawa,Elementary,English,82.0,4.0,1.0,364.9,82%,80%,50%,60%,57%,-6.0,-2.0,7,760,Stittsville,45.27185,-75.9085,False
Stonecrest Elementary School,Ottawa-Carleton DSB,ottawa,Elementary,English,90.0,2.0,0.0,364.9,90%,88%,47%,68%,51%,3.0,-13.0,16,675,Woodlawn,45.4361,-76.1154,False
Stonecrest Elementary School,Ottawa-Carleton DSB,ottawa,Elementary,English,90.0,2.0,0.0,364.9,90%,88%,47%,68%,51%,3.0,-13.0,16,675,Woodlawn,45.4361,-76.1154,False
Summerside Public School,Ottawa-Carleton DSB,ottawa,Elementary,English,84.0,5.0,1.0,364.9,84%,87%,32%,75%,66%,-1.0,3.0,14,535,Ottawa,45.450524,-75.463679,False
Summerside Public School,Ottawa-Carleton DSB,ottawa,Elementary,English,84.0,5.0,1.0,364.9,84%,87%,32%,75%,66%,-1.0,3.0,14,535,Ottawa,45.450524,-75.463679,False
Terry Fox Elementary School,Ottawa-Carleton DSB,ottawa,Elementary,English,86.0,5.0,0.0,364.9,86%,84%,48%,,,-2.0,-8.0,30,250,Orleans,45.4777,-75.54,False
Terry Fox Elementary School,Ottawa-Carleton DSB,ottawa,Elementary,English,86.0,5.0,0.0,364.9,86%,84%,48%,,,-2.0,-8.0,30,250,Orleans,45.4777,-75.54,False
Trillium Elementary School,Ottawa-Carleton DSB,ottawa,Elementary,English,77.0,5.0,0.0,364.9,77%,85%,38%,64%,64%,-17.0,-12.0,20,395,Orleans,45.47945,-75.4737,False
Trillium Elementary School,Ottawa-Carleton DSB,ottawa,Elementary,English,77.0,5.0,0.0,364.9,77%,85%,38%,64%,64%,-17.0,-12.0,20,395,Orleans,45.47945,-75.4737,False
Vimy Ridge Public School,Ottawa-Carleton DSB,ottawa,Elementary,English,68.0,8.0,3.0,364.9,68%,69%,40%,67%,61%,-8.0,3.0,10,955,Ottawa,45.31811,-75.6042,False
Vimy Ridge Public School,Ottawa-Carleton DSB,ottawa,Elementary,English,68.0,8.0,3.0,364.9,68%,69%,40%,67%,61%,-8.0,3.0,10,955,Ottawa,45.31811,-75.6042,False
Vincent Massey Public School,Ottawa-Carleton DSB,ottawa,Elementary,English,73.0,16.0,5.0,364.9,73%,73%,62%,63%,72%,-12.0,2.0,14,765,Ottawa,45.40067,-75.6362,False
Vincent Massey Public School,Ottawa-Carleton DSB,ottawa,Elementary,English,73.0,16.0,5.0,364.9,73%,73%,62%,63%,72%,-12.0,2.0,14,765,Ottawa,45.40067,-75.6362,False
Viscount Alexander Public School,Ottawa-Carleton DSB,ottawa,Elementary,English,89.0,25.0,5.0,364.9,89%,89%,53%,69%,50%,7.0,-3.0,15,190,Ottawa,45.42027,-75.675,False
Viscount Alexander Public School,Ottawa-Carleton DSB,ottawa,Elementary,English,89.0,25.0,5.0,364.9,89%,89%,53%,69%,50%,7.0,-3.0,15,190,Ottawa,45.42027,-75.675,False
W. Erskine Johnston Public School,Ottawa-Carleton DSB,ottawa,Elementary,English,99.0,8.0,0.0,364.9,99%,98%,92%,85%,84%,1.0,9.0,5,755,Kanata,45.33298,-75.9089,False
W. Erskine Johnston Public School,Ottawa-Carleton DSB,ottawa,Elementary,English,99.0,8.0,0.0,364.9,99%,98%,92%,85%,84%,1.0,9.0,5,755,Kanata,45.33298,-75.9089,False
W.E. Gowling Public School,Ottawa-Carleton DSB,ottawa,Elementary,English,80.0,20.0,10.0,364.9,80%,68%,34%,72%,60%,5.0,-8.0,10,445,Ottawa,45.38239,-75.7316,False
W.E. Gowling Public School,Ottawa-Carleton DSB,ottawa,Elementary,English,80.0,20.0,10.0,364.9,80%,68%,34%,72%,60%,5.0,-8.0,10,445,Ottawa,45.38239,-75.7316,False
W.O. Mitchell Elementary School,Ottawa-Carleton DSB,ottawa,Elementary,English,96.0,3.0,1.0,364.9,96%,88%,70%,92%,80%,-2.0,-2.0,12,515,Kanata,45.29911,-75.8578,False
W.O. Mitchell Elementary School,Ottawa-Carleton DSB,ottawa,Elementary,English,96.0,3.0,1.0,364.9,96%,88%,70%,92%,80%,-2.0,-2.0,12,515,Kanata,45.29911,-75.8578,False
Westwind Public School,Ottawa-Carleton DSB,ottawa,Elementary,English,89.0,3.0,0.0,364.9,89%,87%,60%,82%,62%,-4.0,10.0,8,650,Ottawa,45.24662,-75.9069,False
Westwind Public School,Ottawa-Carleton DSB,ottawa,Elementary,English,89.0,3.0,0.0,364.9,89%,87%,60%,82%,62%,-4.0,10.0,8,650,Ottawa,45.24662,-75.9069,False
Woodroffe Avenue Public School,Ottawa-Carleton DSB,ottawa,Elementary,English,89.0,8.0,2.0,364.9,89%,87%,72%,82%,75%,-11.0,5.0,13,540,Ottawa,45.37425,-75.7724,False
Woodroffe Avenue Public School,Ottawa-Carleton DSB,ottawa,Elementary,English,89.0,8.0,2.0,364.9,89%,87%,72%,82%,75%,-11.0,5.0,13,540,Ottawa,45.37425,-75.7724,False
York Street Public School,Ottawa-Carleton DSB,ottawa,Elementary,English,80.0,30.0,5.0,364.9,80%,90%,30%,69%,46%,-12.0,-12.0,15,240,Ottawa,45.43209,-75.683,False
York Street Public School,Ottawa-Carleton DSB,ottawa,Elementary,English,80.0,30.0,5.0,364.9,80%,90%,30%,69%,46%,-12.0,-12.0,15,240,Ottawa,45.43209,-75.683,False
Allan A Martin Senior Public School,Peel DSB,mississauga,Elementary,English,85.0,8.0,3.0,2452.5,85%,81%,64%,,,-6.0,0.0,26,515,Mississauga,43.58437,-79.5695,False
Allan Drive Middle School,Peel DSB,caledon,Elementary,English,73.0,0.0,0.0,111.2,73%,74%,38%,,,-13.0,-4.0,20,375,Bolton,43.87814,-79.7202,False
Alloa Public School,Peel DSB,caledon,Elementary,English,77.0,4.0,5.0,111.2,77%,86%,36%,74%,67%,0.0,0.0,9,675,Caledon,43.70074,-79.8744,False
Alton Public School,Peel DSB,caledon,Elementary,English,93.0,5.0,0.0,111.2,93%,86%,71%,76%,71%,2.0,-11.0,15,140,Caledon,43.85752,-80.0652,False
Aylesbury Public School,Peel DSB,brampton,Elementary,English,74.0,7.0,6.0,2469.0,74%,74%,41%,56%,52%,-9.0,7.0,13,1020,Brampton,43.67808,-79.8321,False
Balmoral Drive Senior Public School,Peel DSB,brampton,Elementary,English,74.0,15.0,7.0,2469.0,74%,74%,36%,,,7.0,1.0,23,535,Brampton,43.70891,-79.7119,False
Beatty-Fleming Sr Public School,Peel DSB,brampton,Elementary,English,64.0,10.0,5.0,2469.0,64%,64%,29%,,,-23.0,-2.0,20,310,Brampton,43.67898,-79.7784,False
Belfountain Public School,Peel DSB,caledon,Elementary,English,81.0,5.0,5.0,111.2,81%,69%,44%,70%,65%,-12.0,4.0,15,190,Belfountain,43.78838,-80.0183,False
Beryl Ford,Peel DSB,brampton,Elementary,English,89.0,6.0,8.0,2469.0,89%,96%,53%,63%,63%,1.0,6.0,14,535,Brampton,43.79096,-79.6698,False
Bristol Road Middle School,Peel DSB,mississauga,Elementary,English,80.0,10.0,4.0,2452.5,80%,84%,51%,,,-9.0,-5.0,22,620,Mississauga,43.61583,-79.6549,False
Calderstone Middle Middle School,Peel DSB,brampton,Elementary,English,84.0,0.0,10.0,2469.0,84%,81%,49%,,,-5.0,7.0,15,465,Brampton,43.77215,-79.6926,False
Caledon Central Public School,Peel DSB,caledon,Elementary,English,76.0,0.0,0.0,111.2,76%,55%,53%,78%,78%,-12.0,7.0,15,350,CALEDON VILLAGE,43.87111,-79.9833,False
Caledon East Public School,Peel DSB,caledon,Elementary,English,90.0,0.0,0.0,111.2,90%,95%,60%,78%,67%,11.0,15.0,10,260,Caledon East,43.86339,-79.8618,False
Camilla Road Senior Public School,Peel DSB,mississauga,Elementary,English,75.0,19.0,8.0,2452.5,75%,75%,49%,,,-4.0,16.0,18,610,Mississauga,43.57746,-79.6005,False
Cashmere Avenue Public School,Peel DSB,mississauga,Elementary,English,65.0,10.0,10.0,2452.5,65%,69%,35%,79%,68%,-8.0,-10.0,10,320,Mississauga,43.56495,-79.626,False
Castle Oaks Public School,Peel DSB,brampton,Elementary,English,88.0,5.0,9.0,2469.0,88%,83%,45%,71%,60%,-1.0,6.0,6,755,Brampton,43.79457,-79.6712,False
Castlemore Public School,Peel DSB,brampton,Elementary,English,90.0,5.0,10.0,2469.0,90%,95%,78%,78%,71%,-8.0,13.0,10,430,BRAMPTON,43.78995,-79.6881,False
Centennial Senior Public School,Peel DSB,brampton,Elementary,English,78.0,8.0,5.0,2469.0,78%,78%,50%,,,-6.0,-8.0,14,740,Brampton,43.67261,-79.749,False
Cheyne Middle School,Peel DSB,brampton,Elementary,English,83.0,6.0,5.0,2469.0,83%,79%,54%,,,9.0,15.0,15,700,Brampton,43.70571,-79.8178,False
Churchville Public School,Peel DSB,brampton,Elementary,English,89.0,4.0,6.0,2469.0,89%,87%,60%,83%,69%,1.0,-2.0,11,950,Brampton,43.65599,-79.7786,False
Countryside Village PS (Elementary),Peel DSB,brampton,Elementary,English,81.0,8.0,8.0,2469.0,81%,81%,44%,78%,71%,-7.0,-12.0,10,850,Brampton,43.7585,-79.7815,False
Darcel Avenue Senior Public School,Peel DSB,mississauga,Elementary,English,54.0,10.0,10.0,2452.5,54%,60%,24%,,,-14.0,0.0,20,425,Mississauga,43.72978,-79.6359,True
David Leeder Middle School,Peel DSB,mississauga,Elementary,English,80.0,5.0,3.0,2452.5,80%,81%,56%,,,-8.0,8.0,16,730,Mississauga,43.62779,-79.7224,False
Dolphin Senior Public School,Peel DSB,mississauga,Elementary,English,76.0,10.0,0.0,2452.5,76%,74%,59%,,,-6.0,23.0,25,495,Mississauga,43.58554,-79.7221,False
Dolson Public School,Peel DSB,brampton,Elementary,English,86.0,7.0,6.0,2469.0,86%,81%,44%,71%,74%,10.0,5.0,9,1055,Brampton,43.69475,-79.8515,False
Eagle Plains Public School,Peel DSB,brampton,Elementary,English,78.0,5.0,10.0,2469.0,78%,82%,38%,71%,60%,-8.0,-6.0,10,465,Brampton,43.77396,-79.7417,False
Earnscliffe Senior Public School,Peel DSB,brampton,Elementary,English,83.0,7.0,7.0,2469.0,83%,82%,45%,,,2.0,14.0,20,695,Brampton,43.72297,-79.7048,False
Eldorado P.S. (Elementary),Peel DSB,brampton,Elementary,English,86.0,4.0,5.0,2469.0,86%,89%,58%,76%,79%,-7.0,-9.0,10,830,Brampton,43.63425,-79.7812,False
Ellengale Public School,Peel DSB,mississauga,Elementary,English,94.0,15.0,0.0,2452.5,94%,91%,52%,86%,84%,4.0,11.0,10,415,Mississauga,43.56359,-79.6591,False
Elm Drive (Elementary),Peel DSB,mississauga,Elementary,English,69.0,26.0,4.0,2452.5,69%,68%,31%,61%,65%,-23.0,-31.0,7,670,Mississauga,43.58739,-79.63182,False
Erin Centre Middle School,Peel DSB,mississauga,Elementary,English,88.0,10.0,1.0,2452.5,88%,85%,54%,,,-6.0,-18.0,18,690,MISSISSAUGA,43.54687,-79.728,False
Erin Mills Middle School,Peel DSB,mississauga,Elementary,English,74.0,10.0,0.0,2452.5,74%,72%,28%,,,-6.0,-2.0,25,410,Mississauga,43.54255,-79.6866,False
Fairlawn Elementary Public School,Peel DSB,brampton,Elementary,English,91.0,6.0,8.0,2469.0,91%,91%,44%,45%,41%,1.0,-8.0,7,605,Brampton,43.76777,-79.7245,False
Fairwind Senior Public School,Peel DSB,mississauga,Elementary,English,77.0,10.0,5.0,2452.5,77%,76%,38%,,,4.0,5.0,15,500,Mississauga,43.60555,-79.6661,False
Fallingbrook Middle School,Peel DSB,mississauga,Elementary,English,71.0,10.0,0.0,2452.5,71%,79%,44%,,,-1.0,4.0,15,420,Mississauga,43.58684,-79.6837,False
Fletcher's Creek Senior Public School,Peel DSB,brampton,Elementary,English,81.0,9.0,7.0,2469.0,81%,79%,43%,,,2.0,2.0,15,555,Brampton,43.65849,-79.7304,False
Floradale Public School,Peel DSB,mississauga,Elementary,English,73.0,17.0,7.0,2452.5,73%,73%,44%,55%,47%,-14.0,-9.0,8,655,Mississauga,43.57165,-79.6155,False
Forest Avenue Public School,Peel DSB,mississauga,Elementary,English,68.0,10.0,0.0,2452.5,68%,50%,29%,63%,47%,-26.0,-15.0,10,205,Mississauga,43.55813,-79.5823,False
Glenhaven Senior Public School,Peel DSB,mississauga,Elementary,English,67.0,15.0,10.0,2452.5,67%,69%,33%,,,-7.0,-2.0,20,390,Mississauga,43.62231,-79.5972,False
Gordon Graydon Senior Public School,Peel DSB,brampton,Elementary,English,67.0,10.0,10.0,2469.0,67%,63%,30%,,,1.0,8.0,25,435,Brampton,43.70772,-79.7548,False
Great Lakes Public School,Peel DSB,brampton,Elementary,English,72.0,6.0,8.0,2469.0,72%,81%,63%,78%,79%,-17.0,4.0,12,740,Brampton,43.73675,-79.7682,False
Green Glade Senior Public School,Peel DSB,mississauga,Elementary,English,100.0,10.0,0.0,2452.5,100%,94%,71%,,,0.0,6.0,15,225,Mississauga,43.51544,-79.6103,False
Greenbriar Senior Public School,Peel DSB,brampton,Elementary,English,76.0,10.0,10.0,2469.0,76%,78%,47%,,,-8.0,6.0,25,475,BRAMPTON,43.73619,-79.7155,False
Hawthorn Public School,Peel DSB,mississauga,Elementary,English,83.0,5.0,0.0,2452.5,83%,61%,44%,95%,81%,-10.0,-42.0,10,185,Mississauga,43.55771,-79.6349,False
Hazel McCallion Senior Public School,Peel DSB,mississauga,Elementary,English,78.0,7.0,4.0,2452.5,78%,78%,60%,,,-6.0,7.0,20,625,Mississauga,43.58918,-79.7091,False
Herb Campbell Public School,Peel DSB,caledon,Elementary,English,90.0,4.0,3.0,111.2,90%,88%,52%,58%,60%,3.0,4.0,11,720,INGLEWOOD,43.78702,-79.8621,False
Hillcrest Public School,Peel DSB,mississauga,Elementary,English,86.0,10.0,5.0,2452.5,86%,86%,64%,,,-5.0,0.0,25,300,Mississauga,43.52469,-79.6404,False
Hillside Public School Public School,Peel DSB,mississauga,Elementary,English,68.0,9.0,3.0,2452.5,68%,73%,27%,51%,45%,-24.0,8.0,22,590,Mississauga,43.50891,-79.6465,False
Homelands Senior Public School,Peel DSB,mississauga,Elementary,English,78.0,10.0,5.0,2452.5,78%,64%,36%,,,-7.0,-11.0,20,370,Mississauga,43.52362,-79.6672,False
Huttonville Public School,Peel DSB,brampton,Elementary,English,76.0,10.0,0.0,2469.0,76%,76%,41%,85%,82%,-2.0,3.0,10,485,Huttonville,43.64129,-79.8095,False
Ingleborough (Elementary),Peel DSB,brampton,Elementary,English,89.0,6.0,3.0,2469.0,89%,92%,54%,63%,66%,2.0,-1.0,12,705,Brampton,43.65992,-79.8033,False
James Grieve Public School,Peel DSB,brampton,Elementary,English,77.0,7.0,5.0,2469.0,77%,77%,50%,63%,66%,-5.0,2.0,5,710,Brampton,43.77783,-79.7887,False
Kenollie Public School,Peel DSB,mississauga,Elementary,English,94.0,5.0,0.0,2452.5,94%,94%,72%,100%,100%,5.0,-6.0,10,180,Mississauga,43.55699,-79.5974,False
Lisgar Middle School,Peel DSB,mississauga,Elementary,English,79.0,5.0,1.0,2452.5,79%,80%,59%,,,-6.0,5.0,23,610,Mississauga,43.57227,-79.7782,False
Lorenville P.S. (Elementary),Peel DSB,brampton,Elementary,English,91.0,6.0,3.0,2469.0,91%,84%,51%,63%,46%,8.0,6.0,12,935,Brampton,43.66365,-79.8116,False
Lougheed Middle School,Peel DSB,brampton,Elementary,English,85.0,6.0,10.0,2469.0,85%,87%,60%,,,-4.0,9.0,13,660,Brampton,43.75672,-79.7724,False
Macville Public School,Peel DSB,caledon,Elementary,English,99.0,5.0,5.0,111.2,99%,99%,91%,73%,60%,5.0,17.0,20,315,Caledon,43.85567,-79.7872,False
Malala Yousafzai PS (Elementary),Peel DSB,brampton,Elementary,English,79.0,7.0,5.0,2469.0,79%,73%,33%,79%,71%,-17.0,-17.0,13,540,Brampton,43.70106,-79.8626,False
McBride Avenue Public School,Peel DSB,mississauga,Elementary,English,76.0,10.0,5.0,2452.5,76%,67%,43%,73%,48%,-7.0,1.0,5,335,Mississauga,43.56371,-79.6466,False
McClure PS (Elementary),Peel DSB,brampton,Elementary,English,83.0,6.0,7.0,2469.0,83%,83%,44%,68%,72%,-13.0,-2.0,11,810,Brampton,43.67208,-79.7929,False
McCrimmon Middle School,Peel DSB,brampton,Elementary,English,84.0,5.0,5.0,2469.0,84%,81%,38%,,,0.0,-3.0,14,665,Brampton,43.6908,-79.8272,False
Miller's Grove School,Peel DSB,mississauga,Elementary,English,78.0,5.0,0.0,2452.5,78%,78%,30%,71%,76%,-6.0,-18.0,10,185,Mississauga,43.57233,-79.7558,False
Mineola Public School,Peel DSB,mississauga,Elementary,English,92.0,10.0,0.0,2452.5,92%,92%,67%,79%,85%,-5.0,-4.0,10,310,Mississauga,43.56348,-79.5842,False
Morning Star Middle School,Peel DSB,mississauga,Elementary,English,80.0,10.0,10.0,2452.5,80%,73%,42%,,,-4.0,5.0,20,465,Mississauga,43.71407,-79.6484,False
Mount Pleasant Village Public School,Peel DSB,brampton,Elementary,English,76.0,5.0,5.0,2469.0,76%,73%,49%,67%,69%,8.0,11.0,10,460,Brampton,43.67738,-79.8211,False
Mount Royal Public School,Peel DSB,brampton,Elementary,English,88.0,3.0,6.0,2469.0,88%,87%,53%,55%,55%,2.0,0.0,8,855,Brampton,43.79112,-79.7464,False
Mountain Ash (Elementary),Peel DSB,brampton,Elementary,English,85.0,0.0,10.0,2469.0,85%,86%,52%,72%,72%,-11.0,0.0,10,475,Brampton,43.77184,-79.7437,False
Nibi Emosaawdang Public School,Peel DSB,brampton,Elementary,English,54.0,10.0,10.0,2469.0,54%,64%,26%,,,-15.0,-10.0,20,335,Brampton,43.69947,-79.7658,True
Palgrave Public School,Peel DSB,caledon,Elementary,English,75.0,5.0,0.0,111.2,75%,89%,55%,69%,52%,-18.0,8.0,13,555,Palgrave,43.94734,-79.833,False
Plowman's Park Public School,Peel DSB,mississauga,Elementary,English,78.0,15.0,5.0,2452.5,78%,62%,49%,45%,30%,-4.0,8.0,20,375,Mississauga,43.58196,-79.7479,False
Plum Tree Park Public School,Peel DSB,mississauga,Elementary,English,93.0,3.0,0.0,2452.5,93%,95%,73%,87%,81%,-2.0,6.0,10,675,Mississauga,43.58116,-79.7714,False
Pte. Buckam Singh PS (Elementary),Peel DSB,brampton,Elementary,English,94.0,5.0,12.0,2469.0,94%,100%,81%,53%,67%,0.0,27.0,9,630,Brampton,43.815792,-79.73033,False
Queenston Drive Public School,Peel DSB,mississauga,Elementary,English,94.0,20.0,3.0,2452.5,94%,97%,77%,88%,72%,-6.0,3.0,11,510,Mississauga,43.56159,-79.662,False
Ray Lawson,Peel DSB,brampton,Elementary,English,83.0,10.0,5.0,2469.0,83%,74%,43%,57%,62%,-9.0,-5.0,10,360,Brampton,43.64252,-79.746,False
Robert H Lagerquist Senior Public School,Peel DSB,brampton,Elementary,English,82.0,5.0,4.0,2469.0,82%,84%,46%,,,5.0,7.0,19,610,Brampton,43.73251,-79.7953,False
Robert J Lee Public School,Peel DSB,brampton,Elementary,English,71.0,6.0,9.0,2469.0,71%,78%,27%,56%,50%,-4.0,-11.0,8,595,Brampton,43.76392,-79.7352,False
Roberta Bondar Public School,Peel DSB,brampton,Elementary,English,91.0,5.0,6.0,2469.0,91%,93%,73%,65%,63%,7.0,26.0,8,595,BRAMPTON,43.64046,-79.7557,False
Ross Drive P.S. (Elementary),Peel DSB,brampton,Elementary,English,87.0,8.0,8.0,2469.0,87%,82%,59%,59%,65%,-2.0,2.0,9,750,Brampton,43.7505,-79.7842,False
Royal Orchard Middle School,Peel DSB,brampton,Elementary,English,79.0,6.0,4.0,2469.0,79%,77%,47%,,,-4.0,11.0,14,545,Brampton,43.69458,-79.7869,False
Ruth Thompson Middle School,Peel DSB,mississauga,Elementary,English,73.0,10.0,2.0,2452.5,73%,71%,42%,,,-17.0,-12.0,19,735,Mississauga,43.55189,-79.7403,False
Settler's Green Public School,Peel DSB,mississauga,Elementary,English,78.0,8.0,2.0,2452.5,78%,74%,52%,70%,61%,-8.0,2.0,9,510,Mississauga,43.57829,-79.7507,False
Shaw Public School,Peel DSB,brampton,Elementary,English,94.0,0.0,10.0,2469.0,94%,81%,67%,72%,62%,13.0,30.0,15,440,Brampton,43.77533,-79.7513,False
Shelter Bay Public School,Peel DSB,mississauga,Elementary,English,79.0,10.0,5.0,2452.5,79%,82%,50%,78%,68%,-12.0,-5.0,15,425,Mississauga,43.5871,-79.763,False
Sir Isaac Brock P.S. (Elementary),Peel DSB,brampton,Elementary,English,85.0,6.0,10.0,2469.0,85%,83%,65%,80%,80%,0.0,9.0,11,645,Brampton,43.79582,-79.6757,False
Sir William Gage Middle School,Peel DSB,brampton,Elementary,English,88.0,6.0,5.0,2469.0,88%,85%,49%,,,2.0,9.0,13,595,Brampton,43.67196,-79.7743,False
Sir Winston Churchill Public School,Peel DSB,brampton,Elementary,English,76.0,20.0,10.0,2469.0,76%,55%,24%,32%,36%,19.0,15.0,15,365,Brampton,43.68909,-79.7485,False
SouthFields Village (Elementary),Peel DSB,caledon,Elementary,English,88.0,5.0,5.0,111.2,88%,89%,51%,77%,60%,-3.0,0.0,9,1055,CALEDON,43.75554,-79.826,False
Springbrook P.S. (Elementary),Peel DSB,brampton,Elementary,English,87.0,6.0,5.0,2469.0,87%,85%,55%,75%,74%,-2.0,-13.0,13,805,Brampton,43.66607,-79.7947,False
Springfield Public School,Peel DSB,mississauga,Elementary,English,92.0,10.0,5.0,2452.5,92%,84%,56%,77%,64%,-1.0,-4.0,15,370,MISSISSAUGA,43.55725,-79.6541,False
Sunny View Middle School,Peel DSB,brampton,Elementary,English,78.0,5.0,7.0,2469.0,78%,84%,38%,,,-4.0,2.0,10,630,Brampton,43.76157,-79.7565,False
Tecumseh Public School,Peel DSB,mississauga,Elementary,English,88.0,10.0,0.0,2452.5,88%,88%,51%,85%,85%,-7.0,-20.0,30,345,Mississauga,43.54706,-79.6127,False
The Valleys Senior Public School,Peel DSB,mississauga,Elementary,English,60.0,15.0,5.0,2452.5,60%,59%,27%,,,4.0,0.0,20,500,Mississauga,43.59813,-79.6236,False
Thomas Street Middle School,Peel DSB,mississauga,Elementary,English,87.0,13.0,0.0,2452.5,87%,81%,58%,,,0.0,-1.0,16,1005,Mississauga,43.56688,-79.7257,False
Thorndale Public School,Peel DSB,brampton,Elementary,English,83.0,5.0,11.0,2469.0,83%,83%,40%,65%,62%,-3.0,2.0,8,625,Brampton,43.78164,-79.6694,False
Tomken Road Senior Public School,Peel DSB,mississauga,Elementary,English,87.0,11.0,7.0,2452.5,87%,89%,62%,,,-6.0,4.0,20,885,Mississauga,43.6034,-79.5989,False
Tony Pontes (Elementary),Peel DSB,caledon,Elementary,English,75.0,4.0,4.0,111.2,75%,73%,41%,64%,55%,-11.0,6.0,10,685,Caledon,43.76033,-79.8377,False
Treeline Public School,Peel DSB,brampton,Elementary,English,78.0,4.0,5.0,2469.0,78%,78%,49%,71%,65%,-6.0,8.0,11,645,Brampton,43.77849,-79.7331,False
Tribune Drive Public School,Peel DSB,brampton,Elementary,English,86.0,6.0,6.0,2469.0,86%,80%,47%,70%,52%,-4.0,-1.0,9,1095,Brampton,43.69002,-79.8394,False
Walnut Grove P.S. (Elementary),Peel DSB,brampton,Elementary,English,86.0,5.0,10.0,2469.0,86%,92%,47%,71%,61%,-2.0,2.0,9,795,Brampton,43.77949,-79.6952,False
Whaley's Corners Public School,Peel DSB,brampton,Elementary,English,84.0,7.0,7.0,2469.0,84%,86%,60%,79%,75%,-2.0,13.0,10,655,Brampton,43.63183,-79.7865,False
William G. Davis Senior Public School,Peel DSB,brampton,Elementary,English,89.0,5.0,10.0,2469.0,89%,88%,66%,,,8.0,7.0,20,420,BRAMPTON,43.67097,-79.7324,False
Williams Parkway Senior Public School,Peel DSB,brampton,Elementary,English,86.0,6.0,4.0,2469.0,86%,80%,52%,,,-1.0,0.0,21,710,BRAMPTON,43.73072,-79.7331,False
Burkevale Protestant Separate School Separate School,Penetanguishene PSSB,penetanguishene,Elementary,English,100.0,10.0,0.0,396.4,100%,92%,64%,78%,71%,18.0,0.0,15,350,Penetanguishene,44.77589,-79.9336,False
Good Shepherd Catholic Elementary School,Peterborough Victoria Northum Clarington CDSB,clarington,Elementary,English,94.0,2.0,0.0,166.0,94%,90%,66%,62%,51%,7.0,11.0,9,630,Courtice,43.90359,-78.7798,False
Holy Family Catholic Elementary School,Peterborough Victoria Northum Clarington CDSB,clarington,Elementary,English,71.0,5.0,3.0,166.0,71%,70%,36%,57%,59%,-9.0,7.0,14,745,Bowmanville,43.90226,-78.7071,False
Immaculate Conception Catholic Elementary School,Peterborough Victoria Northum Clarington CDSB,peterborough,Elementary,English,76.0,10.0,5.0,39.1,76%,68%,32%,90%,76%,-14.0,-33.0,15,220,Peterborough,44.3048,-78.31,False
Immaculate Conception Catholic Elementary School,Peterborough Victoria Northum Clarington CDSB,peterborough,Elementary,English,76.0,10.0,5.0,1291.8,76%,68%,32%,90%,76%,-14.0,-33.0,15,220,Peterborough,44.3048,-78.31,False
Monsignor Leo Cleary Catholic Elementary School,Peterborough Victoria Northum Clarington CDSB,clarington,Elementary,English,88.0,5.0,0.0,166.0,88%,92%,56%,83%,56%,10.0,50.0,10,190,Courtice,43.9319,-78.7898,False
Monsignor O'Donoghue Catholic Elementary School,Peterborough Victoria Northum Clarington CDSB,peterborough,Elementary,English,82.0,10.0,0.0,39.1,82%,84%,67%,43%,40%,-7.0,10.0,10,390,Peterborough,44.30071,-78.2922,False
Monsignor O'Donoghue Catholic Elementary School,Peterborough Victoria Northum Clarington CDSB,peterborough,Elementary,English,82.0,10.0,0.0,1291.8,82%,84%,67%,43%,40%,-7.0,10.0,10,390,Peterborough,44.30071,-78.2922,False
Notre Dame Catholic Elementary School,Peterborough Victoria Northum Clarington CDSB,cobourg,Elementary,English,95.0,0.0,5.0,915.7,95%,74%,16%,65%,59%,0.0,-41.0,20,160,Cobourg,43.96737,-78.1898,False
St. Alphonsus Catholic Elementary School,Peterborough Victoria Northum Clarington CDSB,peterborough,Elementary,English,89.0,10.0,5.0,39.1,89%,89%,39%,59%,6%,22.0,25.0,20,215,Peterborough,44.28563,-78.3406,False
St. Alphonsus Catholic Elementary School,Peterborough Victoria Northum Clarington CDSB,peterborough,Elementary,English,89.0,10.0,5.0,1291.8,89%,89%,39%,59%,6%,22.0,25.0,20,215,Peterborough,44.28563,-78.3406,False
St. Anne Catholic Elementary School,Peterborough Victoria Northum Clarington CDSB,peterborough,Elementary,English,91.0,11.0,2.0,39.1,91%,83%,72%,73%,53%,-5.0,13.0,12,540,Peterborough,44.32124,-78.3275,False
St. Anne Catholic Elementary School,Peterborough Victoria Northum Clarington CDSB,peterborough,Elementary,English,91.0,11.0,2.0,1291.8,91%,83%,72%,73%,53%,-5.0,13.0,12,540,Peterborough,44.32124,-78.3275,False
St. Anthony Catholic Elementary School,Peterborough Victoria Northum Clarington CDSB,port hope,Elementary,English,68.0,10.0,0.0,62.0,68%,61%,21%,32%,41%,-24.0,-24.0,20,330,Port Hope,43.95341,-78.3136,False
St. Catherine Catholic Elementary School,Peterborough Victoria Northum Clarington CDSB,peterborough,Elementary,English,86.0,4.0,1.0,39.1,86%,80%,36%,63%,49%,-7.0,-22.0,11,620,Peterborough,44.29589,-78.3654,False
St. Catherine Catholic Elementary School,Peterborough Victoria Northum Clarington CDSB,peterborough,Elementary,English,86.0,4.0,1.0,1291.8,86%,80%,36%,63%,49%,-7.0,-22.0,11,620,Peterborough,44.29589,-78.3654,False
St. Dominic Catholic Elementary School,Peterborough Victoria Northum Clarington CDSB,kawartha lakes,Elementary,English,84.0,10.0,0.0,26.1,84%,80%,47%,63%,37%,1.0,24.0,20,380,Lindsay,44.34043,-78.7554,False
St. Dominic Catholic Elementary School,Peterborough Victoria Northum Clarington CDSB,kawartha lakes,Elementary,English,84.0,10.0,0.0,26.1,84%,80%,47%,63%,37%,1.0,24.0,20,380,Lindsay,44.34043,-78.7554,False
St. Elizabeth Catholic Elementary School,Peterborough Victoria Northum Clarington CDSB,clarington,Elementary,English,70.0,6.0,1.0,166.0,70%,69%,35%,59%,47%,2.0,12.0,14,750,Bowmanville,43.92882,-78.693,False
St. Francis of Assisi Catholic Elementary School,Peterborough Victoria Northum Clarington CDSB,clarington,Elementary,English,84.0,4.0,2.0,166.0,84%,89%,52%,81%,71%,9.0,17.0,17,530,Newcastle,43.91046,-78.5996,False
St. John Catholic Elementary School,Peterborough Victoria Northum Clarington CDSB,peterborough,Elementary,English,68.0,10.0,5.0,39.1,68%,50%,36%,67%,45%,-15.0,26.0,20,270,Peterborough,44.28447,-78.3205,False
St. John Catholic Elementary School,Peterborough Victoria Northum Clarington CDSB,peterborough,Elementary,English,68.0,10.0,5.0,1291.8,68%,50%,36%,67%,45%,-15.0,26.0,20,270,Peterborough,44.28447,-78.3205,False
St. John Paul II Catholic Elementary School,Peterborough Victoria Northum Clarington CDSB,kawartha lakes,Elementary,English,74.0,10.0,5.0,26.1,74%,70%,35%,64%,55%,-11.0,0.0,20,225,Lindsay,44.36961,-78.7492,False
St. John Paul II Catholic Elementary School,Peterborough Victoria Northum Clarington CDSB,kawartha lakes,Elementary,English,74.0,10.0,5.0,26.1,74%,70%,35%,64%,55%,-11.0,0.0,20,225,Lindsay,44.36961,-78.7492,False
St. Joseph Catholic Elementary School,Peterborough Victoria Northum Clarington CDSB,douro-dummer,Elementary,English,96.0,5.0,0.0,16.6,96%,78%,35%,95%,100%,0.0,-15.0,20,210,Douro,44.37766,-78.1916,False
St. Joseph Catholic Elementary School,Peterborough Victoria Northum Clarington CDSB,cobourg,Elementary,English,71.0,10.0,5.0,915.7,71%,52%,43%,58%,42%,-4.0,29.0,20,195,Cobourg,43.97892,-78.1638,False
St. Joseph Catholic Elementary School,Peterborough Victoria Northum Clarington CDSB,clarington,Elementary,English,91.0,0.0,0.0,166.0,91%,89%,64%,85%,71%,0.0,18.0,10,490,Bowmanville,43.90281,-78.6751,False
St. Luke Catholic Elementary School,Peterborough Victoria Northum Clarington CDSB,kawartha lakes,Elementary,English,93.0,5.0,0.0,26.1,93%,93%,67%,56%,44%,10.0,50.0,25,155,Lindsay,44.37916,-78.5707,False
St. Luke Catholic Elementary School,Peterborough Victoria Northum Clarington CDSB,kawartha lakes,Elementary,English,93.0,5.0,0.0,26.1,93%,93%,67%,56%,44%,10.0,50.0,25,155,Lindsay,44.37916,-78.5707,False
St. Mary Catholic Elementary School,Peterborough Victoria Northum Clarington CDSB,alnwickhaldimand,Elementary,English,92.0,5.0,0.0,18.8,92%,92%,29%,59%,64%,8.0,-4.0,20,230,Grafton,43.99208,-78.0216,False
St. Mary Catholic Elementary School,Peterborough Victoria Northum Clarington CDSB,trent hills,Elementary,English,88.0,10.0,0.0,27.0,88%,81%,42%,68%,68%,32.0,30.0,10,270,Campbellford,44.30659,-77.7928,False
St. Mary Catholic Elementary School,Peterborough Victoria Northum Clarington CDSB,kawartha lakes,Elementary,English,73.0,15.0,10.0,26.1,73%,45%,18%,55%,36%,23.0,-2.0,20,105,Lindsay,44.35413,-78.7304,False
St. Mary Catholic Elementary School,Peterborough Victoria Northum Clarington CDSB,kawartha lakes,Elementary,English,73.0,15.0,10.0,26.1,73%,45%,18%,55%,36%,23.0,-2.0,20,105,Lindsay,44.35413,-78.7304,False
St. Mother Teresa Catholic Elementary School,Peterborough Victoria Northum Clarington CDSB,clarington,Elementary,English,71.0,5.0,0.0,166.0,71%,70%,36%,79%,81%,-1.0,1.0,10,415,Courtice,43.8966,-78.8009,False
St. Patrick Catholic Elementary School,Peterborough Victoria Northum Clarington CDSB,peterborough,Elementary,English,74.0,15.0,5.0,39.1,74%,59%,33%,60%,30%,-2.0,14.0,25,210,Peterborough,44.27673,-78.3083,False
St. Patrick Catholic Elementary School,Peterborough Victoria Northum Clarington CDSB,peterborough,Elementary,English,74.0,15.0,5.0,1291.8,74%,59%,33%,60%,30%,-2.0,14.0,25,210,Peterborough,44.27673,-78.3083,False
St. Paul Catholic Elementary School,Peterborough Victoria Northum Clarington CDSB,asphodel-norwood,Elementary,English,79.0,10.0,5.0,28.8,79%,74%,26%,86%,74%,1.0,-9.0,20,315,Norwood,44.37811,-77.9833,False
St. Paul Catholic Elementary School,Peterborough Victoria Northum Clarington CDSB,peterborough,Elementary,English,89.0,10.0,0.0,39.1,89%,92%,31%,91%,73%,2.0,-31.0,20,305,Peterborough,44.33285,-78.3254,False
St. Paul Catholic Elementary School,Peterborough Victoria Northum Clarington CDSB,peterborough,Elementary,English,89.0,10.0,0.0,1291.8,89%,92%,31%,91%,73%,2.0,-31.0,20,305,Peterborough,44.33285,-78.3254,False
St. Teresa Catholic Elementary School,Peterborough Victoria Northum Clarington CDSB,peterborough,Elementary,English,88.0,10.0,0.0,39.1,88%,96%,58%,61%,50%,11.0,18.0,15,310,Peterborough,44.3052,-78.3503,False
St. Teresa Catholic Elementary School,Peterborough Victoria Northum Clarington CDSB,peterborough,Elementary,English,88.0,10.0,0.0,1291.8,88%,96%,58%,61%,50%,11.0,18.0,15,310,Peterborough,44.3052,-78.3503,False
A B Ellis Public School,Rainbow DSB,espanola,Elementary,English,54.0,10.0,5.0,64.0,54%,42%,19%,83%,71%,-10.0,1.0,20,270,Espanola,46.25,-81.7748,True
Assiginack Public School,Rainbow DSB,assiginack,Elementary,English,100.0,15.0,0.0,4.5,100%,82%,45%,80%,60%,22.0,34.0,20,105,Manitowaning,45.7472,-81.8105,False
Charles C McLean Public School,Rainbow DSB,gore bay,Elementary,English,78.0,10.0,0.0,157.2,78%,72%,22%,95%,80%,-9.0,-9.0,20,170,Gore Bay,45.91158,-82.4648,False
Markstay Public School,Rainbow DSB,markstay-warren,Elementary,English,80.0,5.0,0.0,5.4,80%,73%,27%,86%,64%,-1.0,15.0,20,170,Markstay,46.4929,-80.5401,False
S Geiger Public School,Rainbow DSB,sables-spanish rivers,Elementary,English,77.0,10.0,20.0,4.0,77%,62%,15%,55%,18%,-23.0,-6.0,20,115,Massey,46.2061,-82.0819,False
Donald Young Public School,Rainy River DSB,emo,Elementary,English,71.0,10.0,5.0,6.0,71%,71%,50%,100%,82%,-9.0,4.0,20,175,Emo,48.6308,-93.8302,False
J W Walker Public School,Rainy River DSB,fort frances,Elementary,English,90.0,5.0,0.0,292.2,90%,76%,41%,79%,79%,0.0,9.0,10,225,Fort Frances,48.6098,-93.4207,False
Mine Centre Public School,Rainy River DSB,rainy river,Elementary,English,40.0,0.0,30.0,1.3,40%,40%,0%,N/R,N/R,-10.0,0.0,30,75,Mine Centre,48.75938,-92.6208,True
Mine Centre Public School,Rainy River DSB,rainy river,Elementary,English,40.0,0.0,30.0,241.4,40%,40%,0%,N/R,N/R,-10.0,0.0,30,75,Mine Centre,48.75938,-92.6208,True
Mine Centre Public School,Rainy River DSB,rainy river,Elementary,English,40.0,0.0,30.0,0.1,40%,40%,0%,N/R,N/R,-10.0,0.0,30,75,Mine Centre,48.75938,-92.6208,True
Northern Lakes Elementary School,Rainy River DSB,atikokan,Elementary,English,87.0,10.0,5.0,8.4,87%,61%,35%,67%,62%,,,20,210,Atikokan,48.76249,-91.6124,False
Riverview Elementary School,Rainy River DSB,rainy river,Elementary,English,43.0,10.0,0.0,1.3,43%,57%,7%,N/R,N/R,-32.0,-5.0,20,120,Rainy River,48.7191,-94.5621,True
Riverview Elementary School,Rainy River DSB,rainy river,Elementary,English,43.0,10.0,0.0,241.4,43%,57%,7%,N/R,N/R,-32.0,-5.0,20,120,Rainy River,48.7191,-94.5621,True
Riverview Elementary School,Rainy River DSB,rainy river,Elementary,English,43.0,10.0,0.0,0.1,43%,57%,7%,N/R,N/R,-32.0,-5.0,20,120,Rainy River,48.7191,-94.5621,True
Robert Moore Public School,Rainy River DSB,fort frances,Elementary,English,45.0,10.0,10.0,292.2,45%,45%,10%,56%,26%,-26.0,-11.0,20,300,Fort Frances,48.61346,-93.3871,True
Sturgeon Creek School,Rainy River DSB,chapple,Elementary,English,82.0,20.0,10.0,1.4,82%,82%,64%,70%,70%,0.0,0.0,20,100,Barwick,48.71851,-93.9853,False
Cathedral Catholic School,Renfrew County CDSB,pembroke,Elementary,English,92.0,20.0,0.0,1002.8,92%,83%,67%,70%,70%,3.0,0.0,10,100,Pembroke,45.82335,-77.1163,False
George Vanier Separate School,Renfrew County CDSB,madawaska valley,Elementary,English,93.0,10.0,0.0,5.9,93%,93%,36%,N/R,N/R,-7.0,3.0,15,100,Combermere,45.35246,-77.6068,False
Holy Name Separate School,Renfrew County CDSB,pembroke,Elementary,English,70.0,25.0,5.0,1002.8,70%,80%,30%,56%,31%,-10.0,-30.0,35,100,Pembroke,45.82326,-77.1316,False
Our Lady of Fatima Separate School,Renfrew County CDSB,renfrew,Elementary,English,93.0,15.0,0.0,14.5,93%,90%,66%,95%,75%,5.0,5.0,15,215,Renfrew,45.47932,-76.7012,False
Our Lady of Fatima Separate School,Renfrew County CDSB,renfrew,Elementary,English,93.0,15.0,0.0,639.3,93%,90%,66%,95%,75%,5.0,5.0,15,215,Renfrew,45.47932,-76.7012,False
Our Lady of Lourdes Separate School,Renfrew County CDSB,pembroke,Elementary,English,91.0,5.0,0.0,1002.8,91%,98%,66%,78%,82%,-6.0,21.0,20,355,Pembroke,45.82095,-77.094,False
Our Lady of Sorrows Separate School,Renfrew County CDSB,petawawa,Elementary,English,93.0,0.0,0.0,110.3,93%,97%,77%,85%,85%,-2.0,2.0,10,255,Petawawa,45.89779,-77.2769,False
St Francis of Assisi Catholic School,Renfrew County CDSB,renfrew,Elementary,English,90.0,0.0,0.0,14.5,90%,94%,23%,82%,70%,11.0,-18.0,15,275,Petawawa,45.89439,-77.2567,False
St Francis of Assisi Catholic School,Renfrew County CDSB,renfrew,Elementary,English,90.0,0.0,0.0,639.3,90%,94%,23%,82%,70%,11.0,-18.0,15,275,Petawawa,45.89439,-77.2567,False
St James Separate School,Renfrew County CDSB,bonnechere valley,Elementary,English,92.0,10.0,5.0,6.6,92%,100%,33%,88%,56%,0.0,8.0,30,105,Eganville,45.536,-77.0985,False
St John Bosco Separate School,Renfrew County CDSB,madawaska valley,Elementary,English,100.0,5.0,0.0,5.9,100%,100%,75%,71%,67%,6.0,19.0,5,175,Barry's Bay,45.49113,-77.6758,False
St Joseph's Separate School,Renfrew County CDSB,arnprior,Elementary,English,88.0,10.0,5.0,738.5,88%,88%,59%,89%,72%,-1.0,-6.0,20,440,Arnprior,45.43978,-76.353,False
St Mary's Our Lady of Good Counsel Separate School,Renfrew County CDSB,deep river,Elementary,English,75.0,5.0,0.0,83.0,75%,55%,40%,84%,42%,4.0,28.0,15,195,Deep River,46.09608,-77.492,False
St Thomas the Apostle Separate School,Renfrew County CDSB,renfrew,Elementary,English,97.0,10.0,0.0,14.5,97%,97%,69%,90%,68%,9.0,8.0,10,280,Renfrew,45.46597,-76.675,False
St Thomas the Apostle Separate School,Renfrew County CDSB,renfrew,Elementary,English,97.0,10.0,0.0,639.3,97%,97%,69%,90%,68%,9.0,8.0,10,280,Renfrew,45.46597,-76.675,False
St. John XXIII Separate School,Renfrew County CDSB,arnprior,Elementary,English,100.0,10.0,0.0,738.5,100%,100%,97%,91%,80%,7.0,27.0,10,315,Arnprior,45.42955,-76.3633,False
A J Charbonneau Elementary Public School,Renfrew County DSB,arnprior,Elementary,English,57.0,10.0,0.0,738.5,57%,43%,22%,39%,30%,-1.0,1.0,25,285,Arnprior,45.42941,-76.3738,True
Beachburg Public School,Renfrew County DSB,whitewater region,Elementary,English,92.0,10.0,0.0,13.5,92%,96%,73%,71%,58%,6.0,30.0,15,230,Beachburg,45.73359,-76.8543,False
Central Public School,Renfrew County DSB,renfrew,Elementary,English,96.0,15.0,0.0,14.5,96%,96%,67%,75%,61%,7.0,37.0,15,170,Renfrew,45.47728,-76.6855,False
Central Public School,Renfrew County DSB,renfrew,Elementary,English,96.0,15.0,0.0,639.3,96%,96%,67%,75%,61%,7.0,37.0,15,170,Renfrew,45.47728,-76.6855,False
Champlain Discovery Public School,Renfrew County DSB,pembroke,Elementary,English,61.0,14.0,3.0,1002.8,61%,55%,8%,51%,39%,-8.0,-10.0,15,615,Pembroke,45.81569,-77.0996,False
Cobden District Public School,Renfrew County DSB,whitewater region,Elementary,English,86.0,10.0,0.0,13.5,86%,69%,21%,72%,45%,4.0,-9.0,10,390,Cobden,45.62802,-76.8836,False
Eganville & District Public School,Renfrew County DSB,bonnechere valley,Elementary,English,63.0,10.0,0.0,6.6,63%,54%,22%,44%,32%,-19.0,-6.0,20,410,Eganville,45.5428,-77.1102,False
Herman Street Public School,Renfrew County DSB,petawawa,Elementary,English,88.0,5.0,0.0,110.3,88%,71%,62%,75%,61%,13.0,19.0,10,410,Petawawa,45.8919,-77.2737,False
Highview Public School,Renfrew County DSB,pembroke,Elementary,English,53.0,10.0,0.0,1002.8,53%,58%,14%,46%,33%,-16.0,-21.0,20,370,Pembroke,45.8233,-77.1047,True
Mackenzie Community School - Elementary School,Renfrew County DSB,deep river,Elementary,English,75.0,10.0,5.0,83.0,75%,75%,42%,80%,76%,-13.0,8.0,15,480,Deep River,46.10596,-77.4884,False
McNab Public School,Renfrew County DSB,mcnabbraeside,Elementary,English,85.0,0.0,0.0,29.7,85%,80%,65%,69%,66%,9.0,17.0,10,290,Arnprior,45.4281,-76.5127,False
Pine View Public School,Renfrew County DSB,petawawa,Elementary,English,86.0,5.0,0.0,110.3,86%,71%,43%,58%,53%,-3.0,4.0,15,165,Pembroke,45.86493,-77.2302,False
Queen Elizabeth Public School,Renfrew County DSB,renfrew,Elementary,English,83.0,5.0,0.0,14.5,83%,72%,28%,61%,39%,11.0,0.0,20,215,Renfrew,45.46994,-76.6766,False
Queen Elizabeth Public School,Renfrew County DSB,renfrew,Elementary,English,83.0,5.0,0.0,639.3,83%,72%,28%,61%,39%,11.0,0.0,20,215,Renfrew,45.46994,-76.6766,False
Rockwood Public School,Renfrew County DSB,laurentian valley,Elementary,English,70.0,0.0,0.0,17.5,70%,64%,26%,81%,72%,-17.0,-21.0,10,395,Pembroke,45.7991,-77.166,False
Valour JK to 12 School - Elementary School,Renfrew County DSB,petawawa,Elementary,English,81.0,3.0,1.0,110.3,81%,81%,29%,61%,52%,-14.0,-16.0,19,815,Petawawa,45.89526,-77.257,False
Walter Zadow Public School,Renfrew County DSB,arnprior,Elementary,English,84.0,9.0,2.0,738.5,84%,77%,46%,67%,53%,-5.0,-17.0,11,560,Arnprior,45.4391,-76.3552,False
Adjala Central Public School,Simcoe County DSB,adjala-tosorontio,Elementary,English,76.0,0.0,5.0,29.6,76%,76%,48%,81%,57%,-4.0,-8.0,15,210,Loretto,44.03246,-79.9539,False
Admiral Collingwood Elementary School,Simcoe County DSB,collingwood,Elementary,English,83.0,6.0,1.0,748.3,83%,86%,59%,72%,64%,10.0,12.0,14,580,Collingwood,44.48675,-80.2033,False
Alcona Glen Elementary School,Simcoe County DSB,innisfil,Elementary,English,73.0,6.0,5.0,165.1,73%,69%,24%,67%,55%,-7.0,-13.0,12,855,Innisfil,44.31145,-79.5655,False
Algonquin Ridge Elementary School,Simcoe County DSB,barrie,Elementary,English,88.0,5.0,3.0,1493.1,88%,87%,52%,86%,69%,5.0,-2.0,16,525,Barrie,44.36861,-79.644,False
Allandale Heights Public School,Simcoe County DSB,barrie,Elementary,English,82.0,13.0,5.0,1493.1,82%,79%,51%,40%,30%,-10.0,-1.0,21,585,Barrie,44.36435,-79.6852,False
Alliston Union Public School,Simcoe County DSB,new tecumseth,Elementary,English,83.0,6.0,2.0,160.5,83%,76%,41%,68%,54%,-5.0,-3.0,14,610,Alliston,44.16209,-79.8715,False
Andrew Hunter Elementary School,Simcoe County DSB,barrie,Elementary,English,68.0,10.0,10.0,1493.1,68%,73%,32%,63%,59%,18.0,20.0,25,390,Barrie,44.39124,-79.7262,False
Angus Morrison Elementary School,Simcoe County DSB,essa,Elementary,English,84.0,5.0,4.0,82.1,84%,73%,44%,65%,50%,-1.0,6.0,16,700,Angus,44.32126,-79.8786,False
Ardagh Bluffs Public School,Simcoe County DSB,barrie,Elementary,English,90.0,4.0,2.0,1493.1,90%,84%,64%,73%,60%,-3.0,9.0,16,665,Barrie,44.35467,-79.7271,False
Assikinack Public School,Simcoe County DSB,barrie,Elementary,English,87.0,10.0,5.0,1493.1,87%,77%,49%,69%,51%,15.0,5.0,15,365,Barrie,44.36501,-79.673,False
Baxter Central Public School,Simcoe County DSB,essa,Elementary,English,54.0,5.0,0.0,82.1,54%,50%,36%,56%,44%,-24.0,-4.0,15,385,Egbert,44.24576,-79.8328,True
Bayview Public School,Simcoe County DSB,midland,Elementary,English,79.0,10.0,5.0,504.3,79%,66%,47%,80%,60%,0.0,17.0,20,360,Midland,44.74802,-79.9035,False
Birchview Dunes Elementary School,Simcoe County DSB,wasaga beach,Elementary,English,88.0,9.0,5.0,433.0,88%,74%,51%,56%,47%,12.0,13.0,20,670,Wasaga Beach,44.51183,-80.0248,False
Boyne River Public School,Simcoe County DSB,new tecumseth,Elementary,English,87.0,7.0,5.0,160.5,87%,86%,49%,62%,59%,3.0,5.0,16,670,Alliston,44.16239,-79.8532,False
Brechin Public School,Simcoe County DSB,ramara,Elementary,English,92.0,10.0,0.0,25.0,92%,84%,52%,75%,75%,-2.0,5.0,20,190,Brechin,44.54689,-79.1805,False
Cameron Street Public School,Simcoe County DSB,collingwood,Elementary,English,60.0,7.0,2.0,748.3,60%,65%,51%,73%,66%,-27.0,5.0,16,550,Collingwood,44.48804,-80.2196,False
Chris Hadfield Public School,Simcoe County DSB,bradford west gwillimbury,Elementary,English,82.0,5.0,6.0,213.7,82%,86%,60%,72%,74%,-7.0,-8.0,12,690,Bradford,44.11824,-79.5692,False
Clearview Meadows Elementary School,Simcoe County DSB,clearview,Elementary,English,77.0,5.0,5.0,26.6,77%,64%,49%,85%,82%,5.0,17.0,10,390,Stayner,44.4264,-80.095,False
Codrington Public School,Simcoe County DSB,barrie,Elementary,English,97.0,15.0,0.0,1493.1,97%,90%,90%,63%,53%,3.0,5.0,15,300,Barrie,44.39678,-79.6735,False
Coldwater Public School,Simcoe County DSB,severn,Elementary,English,79.0,5.0,2.0,27.9,79%,76%,45%,51%,49%,8.0,21.0,17,530,Coldwater,44.71132,-79.639,False
Connaught Public School,Simcoe County DSB,collingwood,Elementary,English,84.0,20.0,0.0,748.3,84%,76%,32%,73%,59%,15.0,7.0,25,225,Collingwood,44.49928,-80.2061,False
Cookstown Central Public School,Simcoe County DSB,essa,Elementary,English,77.0,6.0,3.0,82.1,77%,78%,48%,73%,71%,-3.0,2.0,19,565,Cookstown,44.196,-79.7035,False
Couchiching Heights Public School,Simcoe County DSB,orillia,Elementary,English,58.0,5.0,5.0,1171.1,58%,68%,37%,74%,56%,-14.0,26.0,20,260,ORILLIA,44.62823,-79.4233,True
Cundles Heights Public School,Simcoe County DSB,barrie,Elementary,English,64.0,15.0,0.0,1493.1,64%,52%,36%,67%,53%,-15.0,7.0,20,465,Barrie,44.40799,-79.699,False
East Oro Public School,Simcoe County DSB,oro-medonte,Elementary,English,75.0,5.0,0.0,39.3,75%,66%,56%,77%,63%,-15.0,18.0,15,300,Hawkestone,44.52829,-79.4952,False
Emma King Elementary School,Simcoe County DSB,barrie,Elementary,English,82.0,5.0,5.0,1493.1,82%,86%,39%,58%,55%,-5.0,-18.0,20,450,Barrie,44.3965,-79.7318,False
Ernest Cumberland Elementary School,Simcoe County DSB,new tecumseth,Elementary,English,65.0,6.0,8.0,160.5,65%,70%,54%,76%,51%,-22.0,14.0,14,645,Alliston,44.14253,-79.8815,False
Ferndale Woods Elementary School,Simcoe County DSB,barrie,Elementary,English,80.0,7.0,2.0,1493.1,80%,76%,43%,67%,54%,-8.0,5.0,17,620,Barrie,44.35795,-79.7161,False
Fieldcrest Elementary School,Simcoe County DSB,bradford west gwillimbury,Elementary,English,77.0,7.0,7.0,213.7,77%,78%,49%,73%,73%,-5.0,-2.0,10,805,Bradford,44.11542,-79.5813,False
Forest Hill Public School,Simcoe County DSB,springwater,Elementary,English,75.0,2.0,1.0,40.5,75%,69%,42%,60%,73%,0.0,-1.0,10,620,Midhurst,44.44927,-79.7398,False
Fred C Cook Public School,Simcoe County DSB,bradford west gwillimbury,Elementary,English,72.0,5.0,0.0,213.7,72%,68%,50%,75%,61%,8.0,9.0,10,345,Bradford,44.12006,-79.5673,False
Goodfellow Public School,Simcoe County DSB,innisfil,Elementary,English,74.0,7.0,4.0,165.1,74%,69%,46%,57%,52%,-12.0,-5.0,22,650,Innisfil,44.32784,-79.5448,False
Guthrie Public School,Simcoe County DSB,oro-medonte,Elementary,English,92.0,3.0,1.0,39.3,92%,80%,71%,80%,74%,2.0,31.0,9,535,Oro-Medonte,44.46513,-79.5651,False
Harriett Todd Public School,Simcoe County DSB,orillia,Elementary,English,70.0,15.0,5.0,1171.1,70%,75%,36%,67%,67%,-8.0,11.0,35,490,Orillia,44.59856,-79.4323,False
Harvest Hills Public School,Simcoe County DSB,bradford west gwillimbury,Elementary,English,80.0,6.0,6.0,213.7,80%,82%,41%,69%,69%,,,10,575,Bradford,44.12513,-79.59332,False
Hewitt's Creek Public School,Simcoe County DSB,barrie,Elementary,English,87.0,4.0,4.0,1493.1,87%,94%,76%,85%,90%,-3.0,13.0,14,685,Barrie,44.35964,-79.6213,False
Hillcrest Public School,Simcoe County DSB,barrie,Elementary,English,58.0,5.0,0.0,1493.1,58%,55%,24%,60%,49%,-16.0,-8.0,15,445,Barrie,44.39403,-79.6989,True
Holly Meadows Elementary School,Simcoe County DSB,barrie,Elementary,English,81.0,5.0,2.0,1493.1,81%,74%,51%,76%,64%,-1.0,18.0,14,615,Barrie,44.34017,-79.715,False
Hon Earl Rowe Public School,Simcoe County DSB,bradford west gwillimbury,Elementary,English,80.0,0.0,0.0,213.7,80%,62%,31%,88%,72%,8.0,-5.0,15,195,Bradford,44.17521,-79.5826,False
Huron Park Public School,Simcoe County DSB,midland,Elementary,English,87.0,10.0,0.0,504.3,87%,89%,63%,54%,46%,-1.0,-10.0,15,460,Midland,44.74359,-79.8764,False
Huronia Centennial Elementary School,Simcoe County DSB,springwater,Elementary,English,73.0,5.0,0.0,40.5,73%,64%,22%,49%,48%,2.0,-14.0,10,455,Elmvale,44.58142,-79.862,False
Hyde Park Public School,Simcoe County DSB,barrie,Elementary,English,83.0,5.0,2.0,1493.1,83%,87%,47%,74%,71%,-14.0,-10.0,14,645,Barrie,44.35975,-79.6069,False
Innisfil Central Public School,Simcoe County DSB,innisfil,Elementary,English,83.0,0.0,5.0,165.1,83%,72%,44%,90%,80%,-3.0,5.0,10,320,Lefroy,44.26491,-79.5972,False
James Keating Public School,Simcoe County DSB,penetanguishene,Elementary,English,53.0,10.0,0.0,396.4,53%,42%,26%,39%,39%,-29.0,-7.0,20,365,Penetanguishene,44.77387,-79.9261,True
Johnson Street Public School,Simcoe County DSB,barrie,Elementary,English,75.0,10.0,0.0,1493.1,75%,83%,58%,65%,61%,-11.0,39.0,20,205,Barrie,44.39964,-79.656,False
Killarney Beach Public School,Simcoe County DSB,innisfil,Elementary,English,84.0,5.0,5.0,165.1,84%,84%,63%,85%,68%,-9.0,0.0,15,410,Lefroy,44.25742,-79.5647,False
Lake Simcoe Public School,Simcoe County DSB,innisfil,Elementary,English,79.0,5.0,3.0,165.1,79%,77%,34%,42%,46%,8.0,8.0,12,600,Innisfil,44.29789,-79.5576,False
Lions Oval Public School,Simcoe County DSB,orillia,Elementary,English,64.0,20.0,5.0,1171.1,64%,62%,41%,64%,49%,-10.0,15.0,25,445,ORILLIA,44.61236,-79.4243,False
Maple Grove Public School,Simcoe County DSB,barrie,Elementary,English,86.0,10.0,5.0,1493.1,86%,79%,51%,73%,61%,11.0,21.0,10,450,Barrie,44.40595,-79.6785,False
Mapleview Heights Elementary School,Simcoe County DSB,barrie,Elementary,English,86.0,7.0,2.0,1493.1,86%,79%,46%,59%,41%,-6.0,-9.0,18,605,Barrie,44.34957,-79.6473,False
Marchmont Public School,Simcoe County DSB,orillia,Elementary,English,83.0,0.0,0.0,1171.1,83%,69%,42%,78%,66%,8.0,12.0,20,395,ORILLIA,44.626,-79.50061,False
Marshview Public School,Simcoe County DSB,bradford west gwillimbury,Elementary,English,87.0,7.0,12.0,213.7,87%,87%,53%,87%,80%,,,13,605,Bradford,44.09107,-79.56699,False
Minesing Central Public School,Simcoe County DSB,springwater,Elementary,English,86.0,0.0,0.0,40.5,86%,92%,64%,88%,91%,23.0,44.0,15,430,Minesing,44.44286,-79.84018,False
Mountain View Public School,Simcoe County DSB,collingwood,Elementary,English,76.0,10.0,0.0,748.3,76%,83%,62%,83%,75%,-16.0,22.0,15,405,Collingwood,44.49666,-80.2307,False
Mundy's Bay Elementary Public School,Simcoe County DSB,midland,Elementary,English,58.0,15.0,5.0,504.3,58%,71%,29%,74%,66%,-16.0,-4.0,15,450,MIDLAND,44.74429,-79.8921,True
New Lowell Central Public School,Simcoe County DSB,clearview,Elementary,English,65.0,0.0,0.0,26.6,65%,68%,35%,64%,48%,-29.0,7.0,20,290,New Lowell,44.35872,-79.9671,False
Nottawa Elementary School,Simcoe County DSB,clearview,Elementary,English,71.0,0.0,5.0,26.6,71%,55%,34%,88%,82%,3.0,-8.0,10,330,Collingwood,44.46144,-80.1989,False
Nottawasaga and Creemore Public School,Simcoe County DSB,clearview,Elementary,English,70.0,5.0,5.0,26.6,70%,46%,30%,44%,40%,5.0,2.0,20,225,Creemore,44.32477,-80.1102,False
Oakley Park Public School,Simcoe County DSB,barrie,Elementary,English,74.0,20.0,0.0,1493.1,74%,71%,48%,19%,47%,7.0,20.0,20,380,Barrie,44.39948,-79.6883,False
Orchard Park Elementary School,Simcoe County DSB,orillia,Elementary,English,68.0,9.0,4.0,1171.1,68%,61%,49%,66%,48%,-12.0,-3.0,27,570,Orillia,44.61993,-79.4311,False
Pine River Elementary School,Simcoe County DSB,essa,Elementary,English,72.0,10.0,0.0,82.1,72%,68%,25%,53%,47%,0.0,-20.0,15,405,Angus,44.32202,-79.8925,False
Portage View Public School,Simcoe County DSB,barrie,Elementary,English,68.0,14.0,5.0,1493.1,68%,62%,26%,52%,52%,-11.0,-16.0,22,520,Barrie,44.3919,-79.7151,False
Rama Central Public School,Simcoe County DSB,ramara,Elementary,English,78.0,10.0,0.0,25.0,78%,52%,39%,45%,50%,3.0,14.0,20,240,Washago,44.72668,-79.2865,False
Regent Park Public School,Simcoe County DSB,orillia,Elementary,English,66.0,10.0,0.0,1171.1,66%,68%,32%,55%,32%,-17.0,-13.0,20,455,Orillia,44.59856,-79.3979,False
Severn Shores Public School,Simcoe County DSB,orillia,Elementary,English,72.0,10.0,0.0,1171.1,72%,74%,28%,69%,57%,-1.0,1.0,20,460,Orillia,44.70246,-79.3903,False
Shanty Bay Public School,Simcoe County DSB,oro-medonte,Elementary,English,100.0,5.0,0.0,39.3,100%,100%,100%,67%,52%,0.0,40.0,10,170,Shanty Bay,44.41446,-79.5764,False
Sir William Osler Public School,Simcoe County DSB,bradford west gwillimbury,Elementary,English,71.0,0.0,5.0,213.7,71%,71%,43%,67%,53%,8.0,22.0,20,135,Bradford,44.09584,-79.6444,False
Steele Street Public School,Simcoe County DSB,barrie,Elementary,English,57.0,10.0,10.0,1493.1,57%,66%,23%,73%,39%,-20.0,-22.0,20,365,Barrie,44.40319,-79.6713,True
Sunnybrae Public School,Simcoe County DSB,innisfil,Elementary,English,74.0,5.0,5.0,165.1,74%,76%,32%,81%,84%,-10.0,-6.0,15,385,Stroud,44.32627,-79.6171,False
Tay Shores Public School,Simcoe County DSB,tay,Elementary,English,60.0,7.0,2.0,80.5,60%,49%,21%,50%,41%,-16.0,-8.0,16,625,Victoria Harbour,44.751,-79.7706,False
Tecumseth Beeton Elementary School,Simcoe County DSB,new tecumseth,Elementary,English,59.0,5.0,0.0,160.5,59%,59%,31%,54%,43%,-8.0,-2.0,10,380,Beeton,44.08114,-79.782,True
Tecumseth South Central Public School,Simcoe County DSB,new tecumseth,Elementary,English,69.0,5.0,5.0,160.5,69%,56%,38%,91%,91%,-6.0,-12.0,20,195,TOTTENHAM,44.04289,-79.77362,False
Terry Fox Elementary School,Simcoe County DSB,barrie,Elementary,English,87.0,5.0,5.0,1493.1,87%,90%,70%,90%,76%,-4.0,19.0,20,435,BARRIE,44.41563,-79.7022,False
Tosorontio Central Public School,Simcoe County DSB,adjala-tosorontio,Elementary,English,51.0,5.0,0.0,29.6,51%,46%,38%,70%,57%,-25.0,8.0,20,410,Everett,44.22467,-79.9621,True
Tottenham Public School,Simcoe County DSB,new tecumseth,Elementary,English,75.0,6.0,2.0,160.5,75%,78%,40%,73%,80%,-17.0,-24.0,11,510,Tottenham,44.0203,-79.8018,False
Trillium Woods Elementary Public School,Simcoe County DSB,barrie,Elementary,English,85.0,9.0,1.0,1493.1,85%,90%,67%,78%,56%,7.0,9.0,18,560,Barrie,44.34289,-79.6994,False
Uptergrove Public School,Simcoe County DSB,ramara,Elementary,English,77.0,5.0,10.0,25.0,77%,81%,48%,55%,55%,-5.0,-20.0,20,275,Ramara,44.59916,-79.3035,False
W. C. Little Elementary School,Simcoe County DSB,barrie,Elementary,English,84.0,7.0,1.0,1493.1,84%,80%,56%,58%,47%,-1.0,2.0,19,640,Barrie,44.32856,-79.7302,False
W. H. Day Elementary School,Simcoe County DSB,bradford west gwillimbury,Elementary,English,77.0,10.0,4.0,213.7,77%,79%,52%,70%,46%,-9.0,1.0,13,520,Bradford,44.10451,-79.5695,False
W. R. Best Memorial Public School,Simcoe County DSB,oro-medonte,Elementary,English,82.0,5.0,0.0,39.3,82%,82%,82%,82%,79%,-11.0,28.0,10,345,SHANTY BAY,44.49022,-79.6642,False
Warminster Elementary School,Simcoe County DSB,oro-medonte,Elementary,English,70.0,0.0,5.0,39.3,70%,78%,65%,70%,53%,-8.0,-2.0,20,275,Warminster,44.6389,-79.5452,False
Warnica Public School,Simcoe County DSB,barrie,Elementary,English,86.0,10.0,0.0,1493.1,86%,93%,64%,N/D,72%,-14.0,-16.0,10,295,Barrie,44.35916,-79.6477,False
West Bayfield Elementary School,Simcoe County DSB,barrie,Elementary,English,70.0,8.0,3.0,1493.1,70%,66%,30%,76%,57%,-4.0,-3.0,16,505,Barrie,44.4074,-79.7205,False
Willow Landing Elementary School,Simcoe County DSB,barrie,Elementary,English,82.0,8.0,5.0,1493.1,82%,76%,43%,67%,60%,4.0,15.0,17,550,Barrie,44.35429,-79.6617,False
Worsley Elementary School,Simcoe County DSB,wasaga beach,Elementary,English,59.0,6.0,1.0,433.0,59%,61%,39%,58%,59%,-14.0,2.0,14,705,Wasaga Beach,44.47926,-80.0643,True
Wyevale Central Public School,Simcoe County DSB,tiny,Elementary,English,62.0,0.0,0.0,38.7,62%,67%,50%,57%,52%,8.0,27.0,20,285,Wyevale,44.65485,-79.9245,False
Canadian Martyrs Catholic School,Simcoe Muskoka CDSB,penetanguishene,Elementary,English,54.0,10.0,0.0,396.4,54%,42%,21%,29%,29%,-31.0,-4.0,40,220,Penetanguishene,44.7641,-79.9373,True
Father F X O'Reilly School,Simcoe Muskoka CDSB,new tecumseth,Elementary,English,78.0,5.0,2.0,160.5,78%,81%,40%,65%,46%,-1.0,-5.0,15,590,Tottenham,44.03221,-79.8088,False
Holy Cross Catholic School,Simcoe Muskoka CDSB,innisfil,Elementary,English,67.0,7.0,4.0,165.1,67%,71%,25%,59%,56%,9.0,9.0,19,740,Innisfil,44.3226,-79.5467,False
Holy Family School,Simcoe Muskoka CDSB,new tecumseth,Elementary,English,67.0,5.0,5.0,160.5,67%,73%,33%,66%,62%,-24.0,-6.0,25,500,Alliston,44.14254,-79.8769,False
Monsignor Castex Separate School,Simcoe Muskoka CDSB,midland,Elementary,English,81.0,10.0,5.0,504.3,81%,85%,38%,92%,54%,-11.0,-12.0,30,220,Midland,44.7444,-79.9135,False
Monsignor Clair Separate School,Simcoe Muskoka CDSB,barrie,Elementary,English,75.0,10.0,5.0,1493.1,75%,80%,35%,71%,50%,-15.0,15.0,35,250,Barrie,44.4138,-79.6853,False
Monsignor J E Ronan Catholic School,Simcoe Muskoka CDSB,new tecumseth,Elementary,English,73.0,0.0,0.0,160.5,73%,81%,23%,69%,42%,-25.0,-12.0,20,455,Beeton,44.0917,-79.7875,False
Monsignor Lee Separate School,Simcoe Muskoka CDSB,orillia,Elementary,English,85.0,10.0,0.0,1171.1,85%,94%,48%,67%,36%,-3.0,14.0,40,355,Orillia,44.61728,-79.4222,False
Monsignor Michael O'Leary School,Simcoe Muskoka CDSB,bracebridge,Elementary,English,71.0,10.0,0.0,28.1,71%,65%,16%,65%,44%,3.0,-3.0,15,330,Bracebridge,45.0455,-79.3311,False
Notre Dame Catholic School,Simcoe Muskoka CDSB,orillia,Elementary,English,83.0,6.0,1.0,1171.1,83%,74%,49%,84%,46%,2.0,5.0,21,595,Orillia,44.6112,-79.4633,False
Our Lady of Grace School,Simcoe Muskoka CDSB,essa,Elementary,English,89.0,6.0,4.0,82.1,89%,85%,28%,50%,29%,12.0,6.0,23,865,Angus,44.32567,-79.8859,False
Our Lady of Lourdes Separate School,Simcoe Muskoka CDSB,springwater,Elementary,English,85.0,5.0,0.0,40.5,85%,85%,33%,57%,50%,-2.0,-15.0,20,235,Elmvale,44.58631,-79.8631,False
Sacred Heart School,Simcoe Muskoka CDSB,midland,Elementary,English,58.0,20.0,5.0,504.3,58%,75%,8%,47%,33%,-20.0,-25.0,50,145,Midland,44.7531,-79.8728,True
Saint Gabriel the Archangel Catholic School,Simcoe Muskoka CDSB,barrie,Elementary,English,84.0,5.0,3.0,1493.1,84%,89%,53%,69%,60%,-5.0,3.0,23,510,Barrie,44.35903,-79.6114,False
Saint Mary's School,Simcoe Muskoka CDSB,huntsville,Elementary,English,78.0,10.0,0.0,30.0,78%,65%,22%,55%,26%,-11.0,-17.0,40,200,Huntsville,45.3298,-79.2372,False
Sister Catherine Donnelly Catholic School,Simcoe Muskoka CDSB,barrie,Elementary,English,100.0,5.0,0.0,1493.1,100%,93%,63%,89%,80%,9.0,-15.0,30,330,Barrie,44.4196,-79.7044,False
St Angela Merici Catholic Elementary School,Simcoe Muskoka CDSB,bradford west gwillimbury,Elementary,English,82.0,6.0,7.0,213.7,82%,89%,49%,67%,37%,4.0,-2.0,21,605,Bradford,44.10112,-79.5867,False
St Ann's Separate School,Simcoe Muskoka CDSB,penetanguishene,Elementary,English,83.0,5.0,0.0,396.4,83%,100%,25%,75%,53%,10.0,7.0,40,145,Penetanguishene,44.7732,-79.9208,False
St Antoine Daniel Catholic School,Simcoe Muskoka CDSB,tay,Elementary,English,61.0,10.0,0.0,80.5,61%,63%,28%,47%,38%,-10.0,15.0,45,300,Victoria Harbour,44.7464,-79.7613,False
St Bernadette Elementary School,Simcoe Muskoka CDSB,barrie,Elementary,English,84.0,5.0,0.0,1493.1,84%,62%,12%,64%,52%,-9.0,-31.0,25,335,Barrie,44.33273,-79.7218,False
St Bernard's Separate School,Simcoe Muskoka CDSB,orillia,Elementary,English,89.0,15.0,0.0,1171.1,89%,79%,42%,62%,67%,6.0,-8.0,40,200,Orillia,44.60126,-79.3956,False
St Catherine of Siena School,Simcoe Muskoka CDSB,barrie,Elementary,English,84.0,6.0,2.0,1493.1,84%,82%,58%,87%,77%,-14.0,2.0,21,515,Barrie,44.3572,-79.724,False
St Cecilia Catholic School,Simcoe Muskoka CDSB,tecumseh,Elementary,English,76.0,7.0,6.0,246.3,76%,76%,26%,67%,46%,,,32,515,Alliston,44.16083,-79.79198,False
St Charles School,Simcoe Muskoka CDSB,bradford west gwillimbury,Elementary,English,92.0,10.0,10.0,213.7,92%,87%,47%,60%,33%,12.0,15.0,25,485,Bradford,44.09327,-79.5667,False
St Francis of Assisi Elementary School,Simcoe Muskoka CDSB,innisfil,Elementary,English,78.0,6.0,4.0,165.1,78%,73%,44%,82%,72%,-6.0,4.0,20,575,Innisfil,44.3035,-79.5513,False
St James Separate School,Simcoe Muskoka CDSB,adjala-tosorontio,Elementary,English,86.0,0.0,0.0,29.6,86%,83%,48%,72%,62%,-8.0,3.0,25,265,Tottenham,44.0269,-79.848,False
St Jean de Brebeuf Separate School,Simcoe Muskoka CDSB,bradford west gwillimbury,Elementary,English,81.0,10.0,10.0,213.7,81%,85%,22%,65%,43%,4.0,7.0,25,395,Bradford,44.1089,-79.5748,False
St John Vianney Separate School,Simcoe Muskoka CDSB,barrie,Elementary,English,85.0,15.0,5.0,1493.1,85%,65%,50%,74%,48%,-6.0,-5.0,35,245,Barrie,44.3671,-79.6915,False
St Marguerite d'Youville Elementary School,Simcoe Muskoka CDSB,barrie,Elementary,English,75.0,10.0,0.0,1493.1,75%,82%,39%,60%,47%,-19.0,-3.0,15,355,Barrie,44.4122,-79.7182,False
St Marys - Barrie Separate School,Simcoe Muskoka CDSB,barrie,Elementary,English,75.0,10.0,0.0,1493.1,75%,81%,44%,74%,74%,10.0,8.0,30,190,Barrie,44.3863,-79.7195,False
St Marys - Collingwood Separate School,Simcoe Muskoka CDSB,collingwood,Elementary,English,84.0,10.0,5.0,748.3,84%,81%,44%,71%,60%,10.0,-5.0,20,440,Collingwood,44.4812,-80.2227,False
St Michael the Archangel Catholic Elementary School,Simcoe Muskoka CDSB,barrie,Elementary,English,79.0,5.0,0.0,1493.1,79%,83%,38%,74%,71%,6.0,20.0,20,360,Barrie,44.35372,-79.6598,False
St Monicas Separate School,Simcoe Muskoka CDSB,barrie,Elementary,English,76.0,10.0,5.0,1493.1,76%,71%,37%,51%,58%,4.0,22.0,25,425,Barrie,44.4026,-79.6659,False
St Nicholas School,Simcoe Muskoka CDSB,barrie,Elementary,English,82.0,5.0,0.0,1493.1,82%,77%,36%,67%,60%,20.0,12.0,20,280,Barrie,44.3225,-79.7288,False
St Noel Chabanel Catholic Elementary School,Simcoe Muskoka CDSB,wasaga beach,Elementary,English,78.0,8.0,4.0,433.0,78%,78%,33%,57%,46%,0.0,17.0,13,555,Wasaga Beach,44.4619,-80.091,False
St Paul's Separate School,Simcoe Muskoka CDSB,new tecumseth,Elementary,English,80.0,5.0,2.0,160.5,80%,77%,47%,80%,60%,2.0,10.0,22,555,Alliston,44.16496,-79.8685,False
St Peter the Apostle School,Simcoe Muskoka CDSB,parry sound,Elementary,English,68.0,10.0,10.0,5.1,68%,79%,21%,32%,27%,18.0,12.0,40,220,Parry Sound,45.35919,-80.0199,False
St Peter the Apostle School,Simcoe Muskoka CDSB,parry sound,Elementary,English,68.0,10.0,10.0,524.9,68%,79%,21%,32%,27%,18.0,12.0,40,220,Parry Sound,45.35919,-80.0199,False
St. John Paul II Separate School,Simcoe Muskoka CDSB,barrie,Elementary,English,80.0,5.0,0.0,1493.1,80%,78%,20%,62%,54%,-4.0,-41.0,20,430,Barrie,44.3563,-79.6397,False
St. Marie of the Incarnation Separate School,Simcoe Muskoka CDSB,bradford west gwillimbury,Elementary,English,73.0,7.0,5.0,213.7,73%,79%,45%,53%,49%,-14.0,1.0,19,680,Bradford,44.1193,-79.5609,False
St. Teresa of Calcutta Catholic School,Simcoe Muskoka CDSB,bradford west gwillimbury,Elementary,English,72.0,5.0,0.0,213.7,72%,86%,46%,72%,66%,-8.0,-9.0,25,460,Bradford,44.12,-79.5748,False
The Good Shepherd Catholic School,Simcoe Muskoka CDSB,barrie,Elementary,English,88.0,5.0,2.0,1493.1,88%,84%,56%,80%,64%,-3.0,-1.0,25,520,Barrie,44.3914,-79.7399,False
Christ the King Catholic School,St Clair CDSB,chatham-kent,Elementary,English,82.0,10.0,0.0,42.3,82%,88%,35%,43%,74%,-10.0,-34.0,10,210,Wallaceburg,42.59912,-82.3702,False
Christ the King Catholic School,St Clair CDSB,chatham-kent,Elementary,English,82.0,10.0,0.0,42.4,82%,88%,35%,43%,74%,-10.0,-34.0,10,210,Wallaceburg,42.59912,-82.3702,False
Good Shepherd Catholic School,St Clair CDSB,chatham-kent,Elementary,English,100.0,10.0,15.0,42.3,100%,100%,92%,N/R,N/R,0.0,3.0,15,105,Thamesville,42.55719,-81.9771,False
Good Shepherd Catholic School,St Clair CDSB,chatham-kent,Elementary,English,100.0,10.0,15.0,42.4,100%,100%,92%,N/R,N/R,0.0,3.0,15,105,Thamesville,42.55719,-81.9771,False
Gregory A Hogan Catholic School,St Clair CDSB,sarnia,Elementary,English,77.0,9.0,2.0,439.6,77%,77%,44%,67%,60%,-23.0,-23.0,6,580,Sarnia,42.9955,-82.349465,False
Holy Family Catholic School,St Clair CDSB,chatham-kent,Elementary,English,46.0,20.0,0.0,42.3,46%,67%,21%,70%,52%,-50.0,-8.0,25,230,Wallaceburg,42.58495,-82.3795,True
Holy Family Catholic School,St Clair CDSB,chatham-kent,Elementary,English,46.0,20.0,0.0,42.4,46%,67%,21%,70%,52%,-50.0,-8.0,25,230,Wallaceburg,42.58495,-82.3795,True
Holy Trinity Catholic School,St Clair CDSB,sarnia,Elementary,English,76.0,10.0,0.0,439.6,76%,85%,61%,72%,56%,9.0,43.0,15,380,Sarnia,42.9693,-82.3724,False
Monsignor Uyen Catholic School,St Clair CDSB,chatham-kent,Elementary,English,89.0,5.0,5.0,42.3,89%,93%,52%,83%,80%,-8.0,-1.0,10,360,Chatham,42.41017,-82.22058,False
Monsignor Uyen Catholic School,St Clair CDSB,chatham-kent,Elementary,English,89.0,5.0,5.0,42.4,89%,93%,52%,83%,80%,-8.0,-1.0,10,360,Chatham,42.41017,-82.22058,False
Sacred Heart Catholic School,St Clair CDSB,sarnia,Elementary,English,76.0,0.0,0.0,439.6,76%,83%,48%,85%,85%,-15.0,15.0,10,290,Sarnia,43.00614,-82.3901,False
Sacred Heart Catholic School,St Clair CDSB,st clair,Elementary,English,93.0,5.0,0.0,23.7,93%,100%,64%,92%,92%,0.0,37.0,15,135,Port Lambton,42.6577,-82.5,False
St Anne Catholic School,St Clair CDSB,sarnia,Elementary,English,95.0,0.0,0.0,439.6,95%,92%,62%,74%,71%,3.0,34.0,15,370,Sarnia,42.9956,-82.3505,False
St Anne Catholic School,St Clair CDSB,chatham-kent,Elementary,English,75.0,5.0,0.0,42.3,75%,62%,31%,66%,53%,-16.0,0.0,10,410,Blenheim,42.32822,-81.9938,False
St Anne Catholic School,St Clair CDSB,chatham-kent,Elementary,English,75.0,5.0,0.0,42.4,75%,62%,31%,66%,53%,-16.0,0.0,10,410,Blenheim,42.32822,-81.9938,False
St Elizabeth Catholic School,St Clair CDSB,chatham-kent,Elementary,English,100.0,10.0,0.0,42.3,100%,100%,100%,28%,39%,0.0,15.0,20,150,Wallaceburg,42.59725,-82.4,False
St Elizabeth Catholic School,St Clair CDSB,chatham-kent,Elementary,English,100.0,10.0,0.0,42.4,100%,100%,100%,28%,39%,0.0,15.0,20,150,Wallaceburg,42.59725,-82.4,False
St John Fisher Catholic School,St Clair CDSB,lambton shores,Elementary,English,83.0,5.0,0.0,35.9,83%,86%,45%,75%,79%,-2.0,-5.0,10,315,Forest,43.1016,-82.0005,False
St Joseph Catholic School,St Clair CDSB,sarnia,Elementary,English,90.0,0.0,5.0,439.6,90%,84%,47%,65%,61%,12.0,19.0,15,345,Corunna,42.8763,-82.4371,False
St Matthew Catholic School,St Clair CDSB,sarnia,Elementary,English,57.0,20.0,10.0,439.6,57%,73%,10%,52%,48%,-6.0,-21.0,15,355,Sarnia,42.97229,-82.3819,True
St Michael Catholic School,St Clair CDSB,chatham-kent,Elementary,English,71.0,10.0,5.0,42.3,71%,71%,38%,81%,62%,-21.0,-16.0,20,145,Ridgetown,42.4331,-81.8896,False
St Michael Catholic School,St Clair CDSB,chatham-kent,Elementary,English,71.0,10.0,5.0,42.4,71%,71%,38%,81%,62%,-21.0,-16.0,20,145,Ridgetown,42.4331,-81.8896,False
St Michael Catholic School,St Clair CDSB,sarnia,Elementary,English,100.0,0.0,0.0,439.6,100%,76%,41%,83%,72%,0.0,-32.0,15,170,Bright's Grove,43.02866,-82.2625,False
St Peter Canisius Catholic School,St Clair CDSB,warwick,Elementary,English,92.0,5.0,5.0,12.5,92%,96%,65%,56%,50%,3.0,-9.0,5,205,Watford,42.9526,-81.8831,False
St Philip Catholic School,St Clair CDSB,petrolia,Elementary,English,75.0,0.0,0.0,482.6,75%,75%,44%,85%,80%,-18.0,-20.0,10,215,Petrolia,42.88067,-82.1507,False
St. Angela Merici Catholic School,St Clair CDSB,chatham-kent,Elementary,English,79.0,6.0,4.0,42.3,79%,81%,47%,83%,83%,-5.0,1.0,15,580,Chatham,42.399037,-82.225453,False
St. Angela Merici Catholic School,St Clair CDSB,chatham-kent,Elementary,English,79.0,6.0,4.0,42.4,79%,81%,47%,83%,83%,-5.0,1.0,15,580,Chatham,42.399037,-82.225453,False
Holy Saviour,Superior North CDSB,marathon,Elementary,English,43.0,5.0,5.0,18.8,43%,50%,8%,27%,17%,-27.0,-22.0,15,130,Marathon,48.7229,-86.3688,True
Our Lady of Lourdes School,Superior North CDSB,manitouwadge,Elementary,English,82.0,15.0,5.0,5.6,82%,64%,45%,67%,42%,-9.0,27.0,20,120,Manitouwadge,49.12965,-85.8378,False
St Edward School,Superior North CDSB,nipigon,Elementary,English,71.0,10.0,0.0,13.6,71%,71%,7%,59%,53%,11.0,-3.0,25,115,Nipigon,49.00714,-88.2705,False
St Joseph Separate School,Superior North CDSB,greenstone,Elementary,English,80.0,30.0,20.0,1.6,80%,90%,10%,N/R,N/R,0.0,-30.0,20,80,Geraldton,49.7285,-86.945,False
Margaret Twomey Public School,Superior-Greenstone DSB,marathon,Elementary,English,92.0,5.0,5.0,18.8,92%,62%,38%,64%,45%,13.0,-12.0,15,150,Marathon,48.70825,-86.3614,False
A J Baker Public School,Thames Valley DSB,zorra,Elementary,English,73.0,10.0,0.0,16.3,73%,73%,27%,80%,60%,15.0,-6.0,10,155,Kintore,43.13815,-81.0291,False
Aberdeen Public School,Thames Valley DSB,london,Elementary,English,62.0,30.0,15.0,1004.3,62%,81%,35%,30%,25%,15.0,15.0,5,295,London,42.98143,-81.23,False
Adelaide - W G MacDonald Public School,Thames Valley DSB,adelaide-metcalfe,Elementary,English,67.0,10.0,0.0,9.1,67%,62%,33%,73%,64%,-22.0,-6.0,10,175,Strathroy,43.00398,-81.6765,False
Aldborough Public School,Thames Valley DSB,west elgin,Elementary,English,50.0,5.0,0.0,15.7,50%,42%,12%,50%,28%,-15.0,-17.0,5,320,Rodney,42.55637,-81.6692,True
Algonquin Public School,Thames Valley DSB,woodstock,Elementary,English,74.0,6.0,6.0,827.2,74%,65%,43%,50%,51%,-9.0,-24.0,11,740,Woodstock,43.15131,-80.7335,False
Annandale Public School,Thames Valley DSB,tillsonburg,Elementary,English,66.0,5.0,10.0,838.6,66%,57%,25%,35%,39%,3.0,9.0,15,420,Tillsonburg,42.86467,-80.7223,False
Arthur Ford Public School,Thames Valley DSB,london,Elementary,English,69.0,25.0,10.0,1004.3,69%,81%,54%,59%,45%,-11.0,22.0,10,365,London,42.95263,-81.2687,False
Arthur Stringer Public School,Thames Valley DSB,london,Elementary,English,56.0,15.0,10.0,1004.3,56%,47%,12%,59%,52%,-1.0,-36.0,15,320,London,42.94888,-81.2078,True
Ashley Oaks Public School,Thames Valley DSB,london,Elementary,English,44.0,24.0,23.0,1004.3,44%,48%,11%,36%,34%,-13.0,-22.0,9,610,London,42.93706,-81.2424,True
Blenheim District Public School,Thames Valley DSB,blandford-blenheim,Elementary,English,71.0,5.0,0.0,19.8,71%,64%,50%,59%,62%,-15.0,4.0,10,315,Drumbo,43.23622,-80.5502,False
Bonaventure Meadows Public School,Thames Valley DSB,london,Elementary,English,71.0,20.0,5.0,1004.3,71%,71%,24%,47%,32%,-3.0,6.0,10,385,London,43.00551,-81.1557,False
Byron Northview Public School,Thames Valley DSB,london,Elementary,English,87.0,6.0,1.0,1004.3,87%,80%,61%,91%,72%,-5.0,-1.0,4,575,London,42.96121,-81.3384,False
Byron Somerset Public School,Thames Valley DSB,london,Elementary,English,92.0,4.0,2.0,1004.3,92%,90%,85%,80%,73%,-4.0,11.0,6,605,London,42.94686,-81.3256,False
Byron Southwood Public School,Thames Valley DSB,london,Elementary,English,96.0,4.0,1.0,1004.3,96%,94%,74%,78%,74%,5.0,13.0,7,530,London,42.95067,-81.3337,False
C C Carrothers Public School,Thames Valley DSB,london,Elementary,English,43.0,30.0,15.0,1004.3,43%,43%,20%,23%,29%,-19.0,-5.0,15,420,London,42.96261,-81.2093,True
Caradoc North School,Thames Valley DSB,strathroy-caradoc,Elementary,English,71.0,5.0,0.0,88.1,71%,86%,57%,86%,76%,-15.0,28.0,10,235,Strathroy,42.93266,-81.5823,False
Caradoc Public School,Thames Valley DSB,strathroy-caradoc,Elementary,English,76.0,3.0,1.0,88.1,76%,69%,31%,80%,76%,-6.0,3.0,11,515,Mount Brydges,42.91021,-81.4918,False
Cedar Hollow Public School,Thames Valley DSB,london,Elementary,English,88.0,10.0,2.0,1004.3,88%,88%,68%,72%,73%,-3.0,9.0,7,705,LOndon,43.0433,-81.2128,False
Centennial Central School,Thames Valley DSB,london,Elementary,English,84.0,5.0,0.0,1004.3,84%,84%,52%,77%,85%,3.0,11.0,5,325,Arva,43.05862,-81.2687,False
Central Public School,Thames Valley DSB,woodstock,Elementary,English,76.0,10.0,10.0,827.2,76%,59%,21%,38%,32%,0.0,-18.0,5,460,Woodstock,43.131,-80.7598,False
Chippewa Public School,Thames Valley DSB,london,Elementary,English,69.0,18.0,13.0,1004.3,69%,74%,42%,58%,58%,-20.0,-12.0,9,560,London,43.02861,-81.1962,False
Clara Brenton Public School,Thames Valley DSB,london,Elementary,English,88.0,10.0,2.0,1004.3,88%,93%,75%,86%,75%,-1.0,17.0,8,700,London,42.98009,-81.3154,False
Cleardale Public School,Thames Valley DSB,london,Elementary,English,82.0,15.0,0.0,1004.3,82%,74%,44%,58%,57%,-7.0,14.0,10,490,London,42.94551,-81.2405,False
Davenport Public School,Thames Valley DSB,aylmer,Elementary,English,76.0,10.0,25.0,1208.6,76%,63%,36%,,,-10.0,-10.0,15,300,Aylmer,42.76917,-80.9929,False
Delaware Central School,Thames Valley DSB,middlesex centre,Elementary,English,67.0,5.0,0.0,32.2,67%,58%,8%,57%,50%,-12.0,-29.0,10,260,Delaware,42.91199,-81.422,False
Dunwich-Dutton Public School,Thames Valley DSB,duttondunwich,Elementary,English,47.0,0.0,0.0,14.1,47%,55%,29%,78%,65%,-35.0,-6.0,5,440,Dutton,42.66533,-81.5068,True
Eagle Heights Public School,Thames Valley DSB,london,Elementary,English,71.0,30.0,4.0,1004.3,71%,75%,48%,63%,44%,-5.0,-6.0,5,1080,London,42.98794,-81.2754,False
Ealing Public School,Thames Valley DSB,london,Elementary,English,92.0,10.0,5.0,1004.3,92%,76%,32%,65%,22%,-8.0,-8.0,10,220,London,42.9792,-81.2005,False
East Carling Public School,Thames Valley DSB,london,Elementary,English,67.0,30.0,14.0,1004.3,67%,60%,23%,39%,39%,0.0,9.0,10,565,London,43.0032,-81.2235,False
East Oxford Public School,Thames Valley DSB,norwich,Elementary,English,69.0,0.0,0.0,26.3,69%,64%,33%,73%,67%,5.0,5.0,10,355,Woodstock,43.10066,-80.6389,False
East Williams Memorial Public School,Thames Valley DSB,north middlesex,Elementary,English,46.0,5.0,0.0,10.5,46%,62%,46%,81%,88%,-31.0,-8.0,10,190,Ailsa Craig,43.11186,-81.5566,True
Eastdale Public School,Thames Valley DSB,woodstock,Elementary,English,65.0,10.0,0.0,827.2,65%,39%,13%,52%,33%,-24.0,-8.0,10,290,Woodstock,43.12526,-80.7338,False
Ekcoe Central School,Thames Valley DSB,southwest middlesex,Elementary,English,88.0,10.0,5.0,13.8,88%,78%,71%,66%,74%,9.0,53.0,5,390,Glencoe,42.7412,-81.7012,False
Elgin Court Public School,Thames Valley DSB,st thomas,Elementary,English,67.0,15.0,0.0,1203.2,67%,64%,39%,62%,57%,-22.0,-29.0,10,305,St Thomas,42.76202,-81.1757,False
Emily Carr Public School,Thames Valley DSB,london,Elementary,English,79.0,13.0,3.0,1004.3,79%,77%,52%,71%,59%,-6.0,1.0,9,765,London,43.00927,-81.3129,False
Emily Stowe Public School,Thames Valley DSB,norwich,Elementary,English,63.0,11.0,11.0,26.3,63%,60%,44%,62%,57%,-16.0,17.0,8,570,Norwich,42.98025,-80.5969,False
Eva Circe-Cote French Immersion Public School,Thames Valley DSB,st thomas,Elementary,English,100.0,10.0,10.0,1203.2,100%,88%,72%,77%,68%,10.0,34.0,5,235,St Thomas,42.70333,-81.136,False
Evelyn Harrison Public School,Thames Valley DSB,london,Elementary,English,78.0,10.0,0.0,1004.3,78%,81%,37%,56%,50%,6.0,23.0,10,260,London,43.02332,-81.1957,False
Forest City Public School Public School,Thames Valley DSB,london,Elementary,English,50.0,15.0,10.0,1004.3,50%,64%,27%,54%,44%,-12.0,15.0,10,360,London,43.01011,-81.1936,True
Forest Park Public School,Thames Valley DSB,st thomas,Elementary,English,52.0,15.0,0.0,1203.2,52%,35%,22%,53%,54%,-27.0,-7.0,15,400,St Thomas,42.77266,-81.1709,True
Glen Cairn Public School,Thames Valley DSB,london,Elementary,English,35.0,20.0,18.0,1004.3,35%,37%,11%,42%,33%,-30.0,-1.0,9,575,London,42.95727,-81.2043,True
Harrisfield Public School,Thames Valley DSB,ingersoll,Elementary,English,82.0,8.0,4.0,1075.3,82%,77%,55%,61%,55%,4.0,17.0,7,620,Ingersoll,43.03245,-80.8693,False
Hickson Central Public School,Thames Valley DSB,east zorra-tavistock,Elementary,English,96.0,6.0,4.0,32.4,96%,90%,51%,65%,61%,9.0,-2.0,7,640,Hickson,43.23932,-80.8,False
Hillcrest Public School,Thames Valley DSB,london,Elementary,English,60.0,15.0,10.0,1004.3,60%,60%,27%,58%,31%,-10.0,-3.0,10,300,London,43.0223,-81.2238,False
Innerkip Central School,Thames Valley DSB,east zorra-tavistock,Elementary,English,90.0,0.0,0.0,32.4,90%,93%,55%,87%,70%,21.0,40.0,10,300,Innerkip,43.20929,-80.6986,False
J. S. Buchanan French Immersion Public School,Thames Valley DSB,strathroy-caradoc,Elementary,English,88.0,0.0,0.0,88.1,88%,83%,75%,69%,66%,0.0,54.0,5,355,Strathroy,42.94869,-81.6204,False
Jack Chambers Public School,Thames Valley DSB,london,Elementary,English,92.0,12.0,2.0,1004.3,92%,92%,76%,89%,86%,-5.0,-9.0,4,675,London,43.03622,-81.2696,False
Jeanne-Sauvé Public School,Thames Valley DSB,london,Elementary,English,96.0,20.0,0.0,1004.3,96%,83%,62%,72%,56%,2.0,4.0,5,305,London,42.99071,-81.2637,False
John Dearness Public School,Thames Valley DSB,london,Elementary,English,100.0,5.0,0.0,1004.3,100%,100%,85%,90%,90%,3.0,-2.0,5,270,London,42.96538,-81.3304,False
John P Robarts Public School,Thames Valley DSB,london,Elementary,English,52.0,18.0,8.0,1004.3,52%,50%,23%,56%,47%,-10.0,-1.0,8,565,London,42.98989,-81.1601,True
John Wise Public School,Thames Valley DSB,st thomas,Elementary,English,71.0,11.0,2.0,1203.2,71%,55%,47%,59%,61%,3.0,24.0,12,575,St. Thomas,42.75766,-81.1931,False
June Rose Callwood Public School,Thames Valley DSB,st thomas,Elementary,English,71.0,20.0,5.0,1203.2,71%,63%,24%,44%,47%,-10.0,-7.0,10,400,St Thomas,42.78671,-81.1797,False
Kensal Park Public School,Thames Valley DSB,london,Elementary,English,97.0,11.0,6.0,1004.3,97%,96%,67%,65%,56%,3.0,5.0,5,670,London,42.9696,-81.2783,False
Kettle Creek Public School,Thames Valley DSB,central elgin,Elementary,English,83.0,0.0,0.0,49.1,83%,75%,47%,82%,68%,0.0,25.0,5,485,Port Stanley,42.67322,-81.2222,False
Knollwood Park Public School,Thames Valley DSB,london,Elementary,English,48.0,15.0,0.0,1004.3,48%,42%,13%,22%,37%,-2.0,-14.0,15,375,London,43.00709,-81.2299,True
Lambeth Public School,Thames Valley DSB,london,Elementary,English,87.0,6.0,1.0,1004.3,87%,83%,70%,91%,89%,-8.0,-3.0,7,850,London,42.91348,-81.2977,False
Laurie Hawkins Public School,Thames Valley DSB,ingersoll,Elementary,English,70.0,11.0,4.0,1075.3,70%,62%,20%,45%,55%,4.0,5.0,10,580,Ingersoll,43.04251,-80.8942,False
Lester B Pearson School for the Arts,Thames Valley DSB,london,Elementary,English,95.0,5.0,5.0,1004.3,95%,100%,78%,,,-1.0,7.0,0,280,London,42.9779,-81.2185,False
Lockes Public School,Thames Valley DSB,st thomas,Elementary,English,87.0,12.0,7.0,1203.2,87%,73%,43%,70%,69%,4.0,-8.0,10,660,St Thomas,42.79388,-81.1806,False
Lord Elgin Public School,Thames Valley DSB,london,Elementary,English,68.0,45.0,30.0,1004.3,68%,64%,20%,36%,30%,-7.0,6.0,10,345,London,43.01362,-81.2245,False
Lord Nelson Public School,Thames Valley DSB,london,Elementary,English,71.0,20.0,10.0,1004.3,71%,60%,38%,63%,45%,-7.0,-4.0,10,485,London,42.99933,-81.1674,False
Louise Arbour French Immersion Public School,Thames Valley DSB,london,Elementary,English,92.0,14.0,8.0,1004.3,92%,90%,55%,82%,77%,0.0,12.0,3,645,London,43.01799,-81.2415,False
Mary Wright Public School,Thames Valley DSB,strathroy-caradoc,Elementary,English,83.0,0.0,5.0,88.1,83%,81%,40%,59%,45%,-2.0,8.0,15,500,Strathroy,42.94293,-81.6166,False
Masonville Public School,Thames Valley DSB,london,Elementary,English,92.0,9.0,1.0,1004.3,92%,93%,77%,84%,82%,-5.0,5.0,4,780,London,43.02566,-81.2844,False
McGillivray Central School,Thames Valley DSB,north middlesex,Elementary,English,100.0,0.0,5.0,10.5,100%,100%,55%,62%,38%,50.0,35.0,10,130,Ailsa Craig,43.20091,-81.5792,False
Mitchell Hepburn Public School,Thames Valley DSB,st thomas,Elementary,English,80.0,4.0,1.0,1203.2,80%,73%,53%,68%,57%,-8.0,0.0,10,695,St Thomas,42.75825,-81.1599,False
Mosa Central Public School,Thames Valley DSB,southwest middlesex,Elementary,English,89.0,10.0,20.0,13.8,89%,78%,67%,56%,28%,44.0,31.0,10,145,Glencoe,42.71333,-81.7493,False
Mountsfield Public School,Thames Valley DSB,london,Elementary,English,88.0,10.0,5.0,1004.3,88%,88%,64%,70%,64%,-1.0,3.0,10,500,London,42.95934,-81.2434,False
New Sarum Public School,Thames Valley DSB,st thomas,Elementary,English,73.0,5.0,5.0,1203.2,73%,73%,45%,59%,55%,-5.0,-14.0,5,235,St Thomas,42.77747,-81.0836,False
Nicholas Wilson Public School,Thames Valley DSB,london,Elementary,English,67.0,10.0,10.0,1004.3,67%,59%,30%,38%,24%,-1.0,11.0,10,365,London,42.93905,-81.2174,False
North Meadows Elementary School,Thames Valley DSB,strathroy-caradoc,Elementary,English,84.0,10.0,10.0,88.1,84%,73%,61%,67%,55%,-8.0,12.0,15,425,Strathroy,42.97405,-81.6253,False
Northbrae Public School,Thames Valley DSB,london,Elementary,English,76.0,40.0,30.0,1004.3,76%,79%,35%,73%,62%,2.0,10.0,5,445,London,43.01604,-81.2407,False
Northdale Central Public School,Thames Valley DSB,thames centre,Elementary,English,89.0,5.0,5.0,32.2,89%,88%,71%,,,5.0,19.0,15,380,Dorchester,42.9885,-81.0743,False
Northdale Public School,Thames Valley DSB,woodstock,Elementary,English,65.0,10.0,0.0,827.2,65%,54%,14%,43%,50%,-13.0,-22.0,5,400,Woodstock,43.14062,-80.7555,False
Northridge Public School,Thames Valley DSB,london,Elementary,English,82.0,1.0,0.0,1004.3,82%,86%,65%,85%,76%,-5.0,4.0,7,570,London,43.03701,-81.2348,False
Old North Public School Public School,Thames Valley DSB,london,Elementary,English,88.0,10.0,0.0,1004.3,88%,94%,74%,80%,80%,-7.0,-7.0,0,485,London,43.0048,-81.2516,False
Oliver Stephens Public School,Thames Valley DSB,woodstock,Elementary,English,77.0,5.0,5.0,827.2,77%,71%,36%,77%,69%,3.0,21.0,5,325,Woodstock,43.12126,-80.7433,False
Orchard Park Public School,Thames Valley DSB,london,Elementary,English,97.0,5.0,0.0,1004.3,97%,91%,75%,83%,72%,-3.0,-7.0,5,290,London,43.00066,-81.292,False
Oxbow Public School,Thames Valley DSB,london,Elementary,English,93.0,2.0,0.0,1004.3,93%,89%,63%,78%,71%,4.0,-1.0,8,560,Ilderton,43.08625,-81.3603,False
Parkhill-West Williams School,Thames Valley DSB,north middlesex,Elementary,English,72.0,0.0,5.0,10.5,72%,61%,33%,77%,54%,-7.0,33.0,5,185,Parkhill,43.15685,-81.6871,False
Parkview Public School,Thames Valley DSB,middlesex centre,Elementary,English,95.0,4.0,0.0,32.2,95%,91%,68%,88%,73%,-1.0,13.0,10,605,Komoka,42.95684,-81.4404,False
Pierre Elliott Trudeau French Immersion Public School,Thames Valley DSB,st thomas,Elementary,English,97.0,10.0,5.0,1203.2,97%,91%,76%,70%,55%,0.0,27.0,0,420,St. Thomas,42.7688,-81.1796,False
Plattsville & District Public School,Thames Valley DSB,blandford-blenheim,Elementary,English,75.0,0.0,0.0,19.8,75%,75%,55%,62%,44%,-19.0,11.0,5,255,Plattsville,43.3062,-80.6138,False
Port Burwell Public School,Thames Valley DSB,bayham,Elementary,English,62.0,15.0,40.0,29.0,62%,62%,23%,64%,64%,-38.0,9.0,15,105,Port Burwell,42.64707,-80.8034,False
Prince Charles Public School,Thames Valley DSB,london,Elementary,English,45.0,20.0,5.0,1004.3,45%,43%,21%,51%,41%,-23.0,-9.0,10,445,London,42.99337,-81.1887,True
Princess AnneFrench Immersion Public School,Thames Valley DSB,london,Elementary,English,75.0,10.0,5.0,1004.3,75%,68%,30%,69%,69%,-11.0,-25.0,5,400,London,42.99179,-81.1803,False
Princess Elizabeth Public School,Thames Valley DSB,london,Elementary,English,76.0,22.0,10.0,1004.3,76%,70%,41%,57%,50%,0.0,-4.0,5,620,London,42.96806,-81.2209,False
Rick Hansen Public School,Thames Valley DSB,london,Elementary,English,56.0,20.0,20.0,1004.3,56%,61%,24%,50%,32%,-27.0,-18.0,10,425,London,42.93728,-81.2328,True
Riverside Public School,Thames Valley DSB,london,Elementary,English,83.0,10.0,0.0,1004.3,83%,90%,76%,76%,74%,-6.0,18.0,5,485,London,42.9739,-81.3047,False
Roch Carrier French Immersion Public School,Thames Valley DSB,east zorra-tavistock,Elementary,English,95.0,5.0,0.0,32.4,95%,88%,60%,92%,83%,4.0,7.0,10,290,Woodstock,43.14068,-80.7415,False
Royal Roads Public School,Thames Valley DSB,ingersoll,Elementary,English,83.0,5.0,0.0,1075.3,83%,80%,51%,81%,74%,1.0,8.0,10,420,Ingersoll,43.04052,-80.8728,False
Sir Arthur Currie Public School,Thames Valley DSB,london,Elementary,English,96.0,11.0,2.0,1004.3,96%,97%,70%,90%,77%,2.0,7.0,6,790,London,43.02459,-81.3246,False
Sir George Etienne Cartier Public School,Thames Valley DSB,london,Elementary,English,78.0,20.0,10.0,1004.3,78%,69%,34%,68%,57%,1.0,-2.0,10,340,London,42.9536,-81.2342,False
Sir Isaac Brock Public School,Thames Valley DSB,london,Elementary,English,84.0,14.0,9.0,1004.3,84%,73%,57%,67%,63%,-2.0,11.0,11,590,London,42.9439,-81.2622,False
Sir John A Macdonald Public School,Thames Valley DSB,london,Elementary,English,68.0,20.0,20.0,1004.3,68%,71%,29%,60%,40%,-1.0,7.0,15,345,London,43.0114,-81.2181,False
South Dorchester Public School,Thames Valley DSB,malahide,Elementary,English,91.0,0.0,5.0,23.6,91%,88%,65%,82%,62%,10.0,13.0,10,345,Belmont,42.85844,-81.0082,False
South Ridge Public School,Thames Valley DSB,tillsonburg,Elementary,English,78.0,10.0,10.0,838.6,78%,76%,32%,33%,36%,-1.0,5.0,10,430,Tillsonburg,42.88378,-80.7554,False
Southside Public School,Thames Valley DSB,woodstock,Elementary,English,74.0,5.0,0.0,827.2,74%,84%,29%,73%,60%,2.0,12.0,5,395,Woodstock,43.11849,-80.758,False
Southwold Public School,Thames Valley DSB,southwold,Elementary,English,90.0,3.0,0.0,16.1,90%,83%,55%,75%,59%,2.0,-3.0,8,705,St Thomas,42.76776,-81.2372,False
Springbank Public School,Thames Valley DSB,woodstock,Elementary,English,78.0,5.0,10.0,827.2,78%,84%,42%,72%,64%,-10.0,0.0,10,440,Woodstock,43.14146,-80.7296,False
Springfield Public School,Thames Valley DSB,malahide,Elementary,English,80.0,10.0,10.0,23.6,80%,73%,67%,65%,59%,0.0,17.0,10,140,Springfield,42.83124,-80.926,False
St Georges Public School,Thames Valley DSB,london,Elementary,English,88.0,20.0,0.0,1004.3,88%,85%,72%,81%,74%,9.0,25.0,5,290,London,42.99832,-81.2483,False
Stoney Creek Public School,Thames Valley DSB,london,Elementary,English,90.0,12.0,5.0,1004.3,90%,89%,80%,80%,72%,-6.0,13.0,9,965,London,43.04658,-81.2419,False
Stoneybrook Public School,Thames Valley DSB,london,Elementary,English,80.0,9.0,2.0,1004.3,80%,78%,53%,80%,69%,-4.0,-20.0,4,560,London,43.02854,-81.2615,False
Straffordville Public School,Thames Valley DSB,bayham,Elementary,English,54.0,10.0,40.0,29.0,54%,59%,27%,32%,44%,-4.0,16.0,10,335,Straffordville,42.74709,-80.7793,True
Summers' Corners Public School,Thames Valley DSB,malahide,Elementary,English,76.0,10.0,35.0,23.6,76%,71%,36%,62%,65%,-3.0,7.0,10,420,Aylmer,42.7646,-80.936,False
Summerside Public School Public School,Thames Valley DSB,london,Elementary,English,83.0,7.0,4.0,1004.3,83%,89%,46%,64%,57%,,,5,755,London,42.958173,-81.17942,False
Tavistock Public School,Thames Valley DSB,east zorra-tavistock,Elementary,English,93.0,5.0,0.0,32.4,93%,89%,68%,78%,62%,12.0,27.0,10,375,Tavistock,43.31755,-80.8338,False
Tecumseh Public School,Thames Valley DSB,london,Elementary,English,85.0,10.0,0.0,1004.3,85%,73%,61%,75%,67%,6.0,19.0,10,330,London,42.96917,-81.2415,False
Thamesford Public School,Thames Valley DSB,zorra,Elementary,English,71.0,0.0,0.0,16.3,71%,58%,45%,51%,47%,-4.0,2.0,5,445,Thamesford,43.06297,-81,False
Trafalgar Public School,Thames Valley DSB,london,Elementary,English,56.0,20.0,10.0,1004.3,56%,44%,19%,30%,20%,-15.0,-10.0,10,165,London,42.97975,-81.2132,True
Tweedsmuir Public School,Thames Valley DSB,london,Elementary,English,75.0,10.0,5.0,1004.3,75%,73%,42%,48%,40%,3.0,9.0,10,440,London,42.98084,-81.1792,False
University Heights Public School,Thames Valley DSB,london,Elementary,English,80.0,20.0,0.0,1004.3,80%,80%,70%,81%,76%,-2.0,17.0,0,310,London,42.99792,-81.2788,False
Valleyview Central Public School,Thames Valley DSB,middlesex centre,Elementary,English,96.0,0.0,0.0,32.2,96%,76%,32%,87%,67%,-4.0,-1.0,5,190,Ilderton,43.01792,-81.496,False
Victoria Public School,Thames Valley DSB,london,Elementary,English,44.0,15.0,10.0,1004.3,44%,50%,6%,50%,25%,-16.0,-9.0,5,255,London,42.9733,-81.2614,True
W Sherwood Fox Public School,Thames Valley DSB,london,Elementary,English,63.0,15.0,8.0,1004.3,63%,71%,35%,76%,71%,-17.0,7.0,8,555,London,42.94966,-81.284,False
West Nissouri Public School,Thames Valley DSB,thames centre,Elementary,English,80.0,0.0,0.0,32.2,80%,73%,53%,64%,44%,-14.0,7.0,10,485,Thorndale,43.10398,-81.1545,False
West Oaks French Immersion Public School,Thames Valley DSB,london,Elementary,English,92.0,10.0,0.0,1004.3,92%,95%,84%,87%,91%,-8.0,11.0,10,405,London,42.97199,-81.3137,False
Westfield Public School,Thames Valley DSB,tillsonburg,Elementary,English,77.0,6.0,8.0,838.6,77%,75%,40%,68%,62%,-8.0,2.0,8,655,Tillsonburg,42.85832,-80.7493,False
Westmount Public School,Thames Valley DSB,london,Elementary,English,88.0,13.0,2.0,1004.3,88%,89%,58%,78%,65%,-3.0,0.0,6,630,London,42.94482,-81.2926,False
White Oaks Public School,Thames Valley DSB,london,Elementary,English,69.0,23.0,15.0,1004.3,69%,74%,30%,46%,37%,7.0,-1.0,7,1045,London,42.93336,-81.2324,False
Wilberforce Public School,Thames Valley DSB,lucan biddulph,Elementary,English,77.0,4.0,0.0,33.6,77%,72%,38%,77%,59%,2.0,7.0,7,680,Lucan,43.19437,-81.4024,False
Wilfrid Jury Public School,Thames Valley DSB,london,Elementary,English,66.0,21.0,8.0,1004.3,66%,75%,33%,57%,57%,-9.0,-5.0,10,975,London,42.99655,-81.3059,False
Wilton Grove Public School,Thames Valley DSB,london,Elementary,English,61.0,20.0,10.0,1004.3,61%,63%,26%,32%,29%,-21.0,-7.0,10,465,London,42.94114,-81.2077,False
Winchester Street Public School,Thames Valley DSB,woodstock,Elementary,English,62.0,10.0,10.0,827.2,62%,56%,36%,80%,60%,-7.0,21.0,20,360,Woodstock,43.13685,-80.7404,False
Woodfield French Immersion Public School,Thames Valley DSB,london,Elementary,English,89.0,15.0,0.0,1004.3,89%,74%,70%,83%,76%,0.0,15.0,0,285,London,42.99161,-81.2398,False
Woodland Heights Public School,Thames Valley DSB,london,Elementary,English,72.0,22.0,10.0,1004.3,72%,54%,22%,47%,34%,21.0,10.0,8,580,London,42.96501,-81.2862,False
Wortley Road Public School,Thames Valley DSB,london,Elementary,English,74.0,5.0,0.0,1004.3,74%,81%,61%,65%,75%,-12.0,22.0,15,250,London,42.96673,-81.2505,False
Zorra Highland Park Public School,Thames Valley DSB,zorra,Elementary,English,66.0,0.0,0.0,16.3,66%,62%,32%,60%,49%,-24.0,0.0,5,430,Embro,43.21267,-80.9283,False
Corpus Christi Catholic Elementary School,Thunder Bay CDSB,thunder bay,Elementary,English,78.0,15.0,10.0,1.4,78%,67%,44%,75%,50%,-13.0,-3.0,20,235,Thunder Bay,48.43619,-89.2441,False
Corpus Christi Catholic Elementary School,Thunder Bay CDSB,thunder bay,Elementary,English,78.0,15.0,10.0,332.1,78%,67%,44%,75%,50%,-13.0,-3.0,20,235,Thunder Bay,48.43619,-89.2441,False
Corpus Christi Catholic Elementary School,Thunder Bay CDSB,thunder bay,Elementary,English,78.0,15.0,10.0,0.1,78%,67%,44%,75%,50%,-13.0,-3.0,20,235,Thunder Bay,48.43619,-89.2441,False
Holy Cross Catholic Elementary School,Thunder Bay CDSB,thunder bay,Elementary,English,95.0,5.0,0.0,1.4,95%,80%,49%,71%,55%,-3.0,0.0,10,340,Thunder Bay,48.45071,-89.2615,False
Holy Cross Catholic Elementary School,Thunder Bay CDSB,thunder bay,Elementary,English,95.0,5.0,0.0,332.1,95%,80%,49%,71%,55%,-3.0,0.0,10,340,Thunder Bay,48.45071,-89.2615,False
Holy Cross Catholic Elementary School,Thunder Bay CDSB,thunder bay,Elementary,English,95.0,5.0,0.0,0.1,95%,80%,49%,71%,55%,-3.0,0.0,10,340,Thunder Bay,48.45071,-89.2615,False
Holy Family Catholic Elementary School,Thunder Bay CDSB,thunder bay,Elementary,English,78.0,5.0,0.0,1.4,78%,68%,59%,74%,64%,-3.0,14.0,20,355,Thunder Bay,48.36245,-89.3609,False
Holy Family Catholic Elementary School,Thunder Bay CDSB,thunder bay,Elementary,English,78.0,5.0,0.0,332.1,78%,68%,59%,74%,64%,-3.0,14.0,20,355,Thunder Bay,48.36245,-89.3609,False
Holy Family Catholic Elementary School,Thunder Bay CDSB,thunder bay,Elementary,English,78.0,5.0,0.0,0.1,78%,68%,59%,74%,64%,-3.0,14.0,20,355,Thunder Bay,48.36245,-89.3609,False
Our Lady of Charity Catholic Elementary School,Thunder Bay CDSB,thunder bay,Elementary,English,57.0,20.0,10.0,1.4,57%,79%,29%,47%,25%,-29.0,0.0,55,140,Thunder Bay,48.45747,-89.2451,True
Our Lady of Charity Catholic Elementary School,Thunder Bay CDSB,thunder bay,Elementary,English,57.0,20.0,10.0,332.1,57%,79%,29%,47%,25%,-29.0,0.0,55,140,Thunder Bay,48.45747,-89.2451,True
Our Lady of Charity Catholic Elementary School,Thunder Bay CDSB,thunder bay,Elementary,English,57.0,20.0,10.0,0.1,57%,79%,29%,47%,25%,-29.0,0.0,55,140,Thunder Bay,48.45747,-89.2451,True
St Ann Catholic Elementary School,Thunder Bay CDSB,thunder bay,Elementary,English,65.0,10.0,20.0,1.4,65%,55%,15%,100%,89%,-8.0,-8.0,40,195,Thunder Bay,48.3683,-89.3011,False
St Ann Catholic Elementary School,Thunder Bay CDSB,thunder bay,Elementary,English,65.0,10.0,20.0,332.1,65%,55%,15%,100%,89%,-8.0,-8.0,40,195,Thunder Bay,48.3683,-89.3011,False
St Ann Catholic Elementary School,Thunder Bay CDSB,thunder bay,Elementary,English,65.0,10.0,20.0,0.1,65%,55%,15%,100%,89%,-8.0,-8.0,40,195,Thunder Bay,48.3683,-89.3011,False
St Bernard Catholic Elementary School,Thunder Bay CDSB,thunder bay,Elementary,English,95.0,8.0,4.0,1.4,95%,97%,49%,85%,53%,8.0,26.0,26,535,Thunder Bay,48.44823,-89.2369,False
St Bernard Catholic Elementary School,Thunder Bay CDSB,thunder bay,Elementary,English,95.0,8.0,4.0,332.1,95%,97%,49%,85%,53%,8.0,26.0,26,535,Thunder Bay,48.44823,-89.2369,False
St Bernard Catholic Elementary School,Thunder Bay CDSB,thunder bay,Elementary,English,95.0,8.0,4.0,0.1,95%,97%,49%,85%,53%,8.0,26.0,26,535,Thunder Bay,48.44823,-89.2369,False
St Elizabeth Catholic Elementary School,Thunder Bay CDSB,thunder bay,Elementary,English,80.0,15.0,5.0,1.4,80%,70%,25%,74%,65%,-11.0,-1.0,15,260,Thunder Bay,48.373,-89.2599,False
St Elizabeth Catholic Elementary School,Thunder Bay CDSB,thunder bay,Elementary,English,80.0,15.0,5.0,332.1,80%,70%,25%,74%,65%,-11.0,-1.0,15,260,Thunder Bay,48.373,-89.2599,False
St Elizabeth Catholic Elementary School,Thunder Bay CDSB,thunder bay,Elementary,English,80.0,15.0,5.0,0.1,80%,70%,25%,74%,65%,-11.0,-1.0,15,260,Thunder Bay,48.373,-89.2599,False
St Francis Catholic Elementary School,Thunder Bay CDSB,thunder bay,Elementary,English,100.0,5.0,0.0,1.4,100%,96%,92%,95%,86%,0.0,21.0,40,165,Thunder Bay,48.3924,-89.2957,False
St Francis Catholic Elementary School,Thunder Bay CDSB,thunder bay,Elementary,English,100.0,5.0,0.0,332.1,100%,96%,92%,95%,86%,0.0,21.0,40,165,Thunder Bay,48.3924,-89.2957,False
St Francis Catholic Elementary School,Thunder Bay CDSB,thunder bay,Elementary,English,100.0,5.0,0.0,0.1,100%,96%,92%,95%,86%,0.0,21.0,40,165,Thunder Bay,48.3924,-89.2957,False
St Jude Catholic Elementary School,Thunder Bay CDSB,thunder bay,Elementary,English,70.0,20.0,15.0,1.4,70%,55%,30%,67%,63%,-1.0,-8.0,35,155,Thunder Bay,48.39419,-89.2426,False
St Jude Catholic Elementary School,Thunder Bay CDSB,thunder bay,Elementary,English,70.0,20.0,15.0,332.1,70%,55%,30%,67%,63%,-1.0,-8.0,35,155,Thunder Bay,48.39419,-89.2426,False
St Jude Catholic Elementary School,Thunder Bay CDSB,thunder bay,Elementary,English,70.0,20.0,15.0,0.1,70%,55%,30%,67%,63%,-1.0,-8.0,35,155,Thunder Bay,48.39419,-89.2426,False
St Margaret Catholic Elementary School,Thunder Bay CDSB,thunder bay,Elementary,English,81.0,5.0,0.0,1.4,81%,76%,29%,79%,53%,5.0,10.0,30,185,Thunder Bay,48.45501,-89.2218,False
St Margaret Catholic Elementary School,Thunder Bay CDSB,thunder bay,Elementary,English,81.0,5.0,0.0,332.1,81%,76%,29%,79%,53%,5.0,10.0,30,185,Thunder Bay,48.45501,-89.2218,False
St Margaret Catholic Elementary School,Thunder Bay CDSB,thunder bay,Elementary,English,81.0,5.0,0.0,0.1,81%,76%,29%,79%,53%,5.0,10.0,30,185,Thunder Bay,48.45501,-89.2218,False
St Martin Catholic Elementary School,Thunder Bay CDSB,thunder bay,Elementary,English,83.0,10.0,5.0,1.4,83%,83%,43%,70%,50%,-4.0,19.0,35,480,Thunder Bay,48.36969,-89.2778,False
St Martin Catholic Elementary School,Thunder Bay CDSB,thunder bay,Elementary,English,83.0,10.0,5.0,332.1,83%,83%,43%,70%,50%,-4.0,19.0,35,480,Thunder Bay,48.36969,-89.2778,False
St Martin Catholic Elementary School,Thunder Bay CDSB,thunder bay,Elementary,English,83.0,10.0,5.0,0.1,83%,83%,43%,70%,50%,-4.0,19.0,35,480,Thunder Bay,48.36969,-89.2778,False
St Paul Catholic Elementary School,Thunder Bay CDSB,thunder bay,Elementary,English,89.0,10.0,0.0,1.4,89%,83%,67%,100%,94%,-3.0,5.0,30,135,Thunder Bay,48.47074,-89.1883,False
St Paul Catholic Elementary School,Thunder Bay CDSB,thunder bay,Elementary,English,89.0,10.0,0.0,332.1,89%,83%,67%,100%,94%,-3.0,5.0,30,135,Thunder Bay,48.47074,-89.1883,False
St Paul Catholic Elementary School,Thunder Bay CDSB,thunder bay,Elementary,English,89.0,10.0,0.0,0.1,89%,83%,67%,100%,94%,-3.0,5.0,30,135,Thunder Bay,48.47074,-89.1883,False
St Pius X Catholic Elementary School,Thunder Bay CDSB,thunder bay,Elementary,English,76.0,15.0,10.0,1.4,76%,70%,45%,61%,61%,21.0,22.0,20,205,Thunder Bay,48.4415,-89.2538,False
St Pius X Catholic Elementary School,Thunder Bay CDSB,thunder bay,Elementary,English,76.0,15.0,10.0,332.1,76%,70%,45%,61%,61%,21.0,22.0,20,205,Thunder Bay,48.4415,-89.2538,False
St Pius X Catholic Elementary School,Thunder Bay CDSB,thunder bay,Elementary,English,76.0,15.0,10.0,0.1,76%,70%,45%,61%,61%,21.0,22.0,20,205,Thunder Bay,48.4415,-89.2538,False
St Thomas Aquinas Catholic Elementary School,Thunder Bay CDSB,thunder bay,Elementary,English,82.0,10.0,0.0,1.4,82%,91%,48%,86%,76%,-14.0,0.0,10,205,Thunder Bay,48.38307,-89.2761,False
St Thomas Aquinas Catholic Elementary School,Thunder Bay CDSB,thunder bay,Elementary,English,82.0,10.0,0.0,332.1,82%,91%,48%,86%,76%,-14.0,0.0,10,205,Thunder Bay,48.38307,-89.2761,False
St Thomas Aquinas Catholic Elementary School,Thunder Bay CDSB,thunder bay,Elementary,English,82.0,10.0,0.0,0.1,82%,91%,48%,86%,76%,-14.0,0.0,10,205,Thunder Bay,48.38307,-89.2761,False
St Vincent Catholic Elementary School,Thunder Bay CDSB,thunder bay,Elementary,English,60.0,20.0,10.0,1.4,60%,50%,10%,N/R,N/R,-40.0,-35.0,40,125,Thunder Bay,48.39344,-89.2846,False
St Vincent Catholic Elementary School,Thunder Bay CDSB,thunder bay,Elementary,English,60.0,20.0,10.0,332.1,60%,50%,10%,N/R,N/R,-40.0,-35.0,40,125,Thunder Bay,48.39344,-89.2846,False
St Vincent Catholic Elementary School,Thunder Bay CDSB,thunder bay,Elementary,English,60.0,20.0,10.0,0.1,60%,50%,10%,N/R,N/R,-40.0,-35.0,40,125,Thunder Bay,48.39344,-89.2846,False
All Saints Catholic School,Toronto CDSB,toronto,Elementary,English,77.0,9.0,5.0,4427.8,77%,86%,36%,88%,66%,-10.0,-4.0,13,770,Etobicoke,43.68526,-79.5279,False
All Saints Catholic School,Toronto CDSB,toronto,Elementary,English,77.0,9.0,5.0,4427.8,77%,86%,36%,88%,66%,-10.0,-4.0,13,770,Etobicoke,43.68526,-79.5279,False
Annunciation Catholic School,Toronto CDSB,toronto,Elementary,English,95.0,15.0,10.0,4427.8,95%,86%,60%,80%,70%,4.0,10.0,15,330,Toronto,43.75329,-79.3214,False
Annunciation Catholic School,Toronto CDSB,toronto,Elementary,English,95.0,15.0,10.0,4427.8,95%,86%,60%,80%,70%,4.0,10.0,15,330,Toronto,43.75329,-79.3214,False
Bishop Macdonell Catholic School,Toronto CDSB,toronto,Elementary,English,94.0,20.0,0.0,4427.8,94%,89%,61%,83%,81%,-1.0,-9.0,10,340,Toronto,43.63952,-79.3945,False
Bishop Macdonell Catholic School,Toronto CDSB,toronto,Elementary,English,94.0,20.0,0.0,4427.8,94%,89%,61%,83%,81%,-1.0,-9.0,10,340,Toronto,43.63952,-79.3945,False
Blessed Pier Giorgio Frassati Catholic School,Toronto CDSB,toronto,Elementary,English,68.0,10.0,10.0,4427.8,68%,82%,29%,62%,27%,-19.0,-18.0,5,305,Scarborough,43.82953,-79.2333,False
Blessed Pier Giorgio Frassati Catholic School,Toronto CDSB,toronto,Elementary,English,68.0,10.0,10.0,4427.8,68%,82%,29%,62%,27%,-19.0,-18.0,5,305,Scarborough,43.82953,-79.2333,False
Blessed Sacrament Catholic School,Toronto CDSB,toronto,Elementary,English,96.0,10.0,0.0,4427.8,96%,94%,69%,86%,75%,8.0,7.0,10,425,Toronto,43.72718,-79.4041,False
Blessed Sacrament Catholic School,Toronto CDSB,toronto,Elementary,English,96.0,10.0,0.0,4427.8,96%,94%,69%,86%,75%,8.0,7.0,10,425,Toronto,43.72718,-79.4041,False
Blessed Trinity Catholic School,Toronto CDSB,toronto,Elementary,English,63.0,20.0,5.0,4427.8,63%,67%,33%,47%,59%,-4.0,8.0,25,205,North York,43.78703,-79.3925,False
Blessed Trinity Catholic School,Toronto CDSB,toronto,Elementary,English,63.0,20.0,5.0,4427.8,63%,67%,33%,47%,59%,-4.0,8.0,25,205,North York,43.78703,-79.3925,False
Canadian Martyrs Catholic School,Toronto CDSB,toronto,Elementary,English,87.0,10.0,10.0,4427.8,87%,95%,54%,85%,76%,-6.0,-14.0,15,335,Toronto,43.69801,-79.3194,False
Canadian Martyrs Catholic School,Toronto CDSB,toronto,Elementary,English,87.0,10.0,10.0,4427.8,87%,95%,54%,85%,76%,-6.0,-14.0,15,335,Toronto,43.69801,-79.3194,False
Cardinal Leger Catholic School,Toronto CDSB,toronto,Elementary,English,93.0,10.0,0.0,4427.8,93%,90%,53%,71%,68%,14.0,28.0,15,350,Toronto,43.79349,-79.1747,False
Cardinal Leger Catholic School,Toronto CDSB,toronto,Elementary,English,93.0,10.0,0.0,4427.8,93%,90%,53%,71%,68%,14.0,28.0,15,350,Toronto,43.79349,-79.1747,False
D'Arcy McGee Catholic School,Toronto CDSB,toronto,Elementary,English,80.0,10.0,10.0,4427.8,80%,85%,20%,47%,26%,3.0,-16.0,20,205,Toronto,43.6923,-79.4426,False
D'Arcy McGee Catholic School,Toronto CDSB,toronto,Elementary,English,80.0,10.0,10.0,4427.8,80%,85%,20%,47%,26%,3.0,-16.0,20,205,Toronto,43.6923,-79.4426,False
Epiphany of our Lord Catholic Academy,Toronto CDSB,toronto,Elementary,English,94.0,20.0,10.0,4427.8,94%,76%,18%,53%,27%,21.0,-2.0,15,160,Toronto,43.79901,-79.3285,False
Epiphany of our Lord Catholic Academy,Toronto CDSB,toronto,Elementary,English,94.0,20.0,10.0,4427.8,94%,76%,18%,53%,27%,21.0,-2.0,15,160,Toronto,43.79901,-79.3285,False
Father Serra Catholic School,Toronto CDSB,toronto,Elementary,English,96.0,2.0,1.0,4427.8,96%,96%,82%,84%,75%,-4.0,20.0,12,535,Toronto,43.68565,-79.5375,False
Father Serra Catholic School,Toronto CDSB,toronto,Elementary,English,96.0,2.0,1.0,4427.8,96%,96%,82%,84%,75%,-4.0,20.0,12,535,Toronto,43.68565,-79.5375,False
Holy Angels Catholic School,Toronto CDSB,toronto,Elementary,English,90.0,10.0,3.0,4427.8,90%,85%,50%,63%,60%,3.0,-4.0,15,525,Toronto,43.62882,-79.5174,False
Holy Angels Catholic School,Toronto CDSB,toronto,Elementary,English,90.0,10.0,3.0,4427.8,90%,85%,50%,63%,60%,3.0,-4.0,15,525,Toronto,43.62882,-79.5174,False
Holy Child Catholic School,Toronto CDSB,toronto,Elementary,English,83.0,10.0,5.0,4427.8,83%,78%,26%,60%,25%,0.0,-31.0,10,265,Toronto,43.72963,-79.6196,False
Holy Child Catholic School,Toronto CDSB,toronto,Elementary,English,83.0,10.0,5.0,4427.8,83%,78%,26%,60%,25%,0.0,-31.0,10,265,Toronto,43.72963,-79.6196,False
Holy Cross Catholic School,Toronto CDSB,toronto,Elementary,English,81.0,20.0,5.0,4427.8,81%,84%,57%,58%,46%,-11.0,-7.0,15,335,Toronto,43.68999,-79.3411,False
Holy Cross Catholic School,Toronto CDSB,toronto,Elementary,English,81.0,20.0,5.0,4427.8,81%,84%,57%,58%,46%,-11.0,-7.0,15,335,Toronto,43.68999,-79.3411,False
Holy Family Catholic School,Toronto CDSB,toronto,Elementary,English,68.0,20.0,10.0,4427.8,68%,63%,16%,75%,50%,-1.0,4.0,20,205,Toronto,43.63845,-79.435,False
Holy Family Catholic School,Toronto CDSB,toronto,Elementary,English,68.0,20.0,10.0,4427.8,68%,63%,16%,75%,50%,-1.0,4.0,20,205,Toronto,43.63845,-79.435,False
Holy Name Catholic School,Toronto CDSB,toronto,Elementary,English,89.0,5.0,0.0,4427.8,89%,93%,67%,48%,44%,11.0,6.0,25,295,Toronto,43.67753,-79.3469,False
Holy Name Catholic School,Toronto CDSB,toronto,Elementary,English,89.0,5.0,0.0,4427.8,89%,93%,67%,48%,44%,11.0,6.0,25,295,Toronto,43.67753,-79.3469,False
Holy Rosary Catholic School,Toronto CDSB,toronto,Elementary,English,100.0,10.0,5.0,4427.8,100%,100%,63%,91%,81%,0.0,-2.0,10,275,Toronto,43.68492,-79.4137,False
Holy Rosary Catholic School,Toronto CDSB,toronto,Elementary,English,100.0,10.0,5.0,4427.8,100%,100%,63%,91%,81%,0.0,-2.0,10,275,Toronto,43.68492,-79.4137,False
Holy Spirit Catholic School,Toronto CDSB,toronto,Elementary,English,74.0,10.0,10.0,4427.8,74%,74%,33%,71%,39%,8.0,9.0,15,455,Toronto,43.78026,-79.3019,False
Holy Spirit Catholic School,Toronto CDSB,toronto,Elementary,English,74.0,10.0,10.0,4427.8,74%,74%,33%,71%,39%,8.0,9.0,15,455,Toronto,43.78026,-79.3019,False
Immaculate Conception Catholic School,Toronto CDSB,toronto,Elementary,English,81.0,10.0,5.0,4427.8,81%,85%,36%,69%,33%,-3.0,20.0,10,495,Toronto,43.69763,-79.4786,False
Immaculate Conception Catholic School,Toronto CDSB,toronto,Elementary,English,81.0,10.0,5.0,4427.8,81%,85%,36%,69%,33%,-3.0,20.0,10,495,Toronto,43.69763,-79.4786,False
Immaculate Heart of Mary Catholic School,Toronto CDSB,toronto,Elementary,English,65.0,10.0,5.0,4427.8,65%,71%,31%,N/R,N/R,-23.0,-28.0,20,175,Toronto,43.69503,-79.2631,False
Immaculate Heart of Mary Catholic School,Toronto CDSB,toronto,Elementary,English,65.0,10.0,5.0,4427.8,65%,71%,31%,N/R,N/R,-23.0,-28.0,20,175,Toronto,43.69503,-79.2631,False
James Culnan Catholic School,Toronto CDSB,toronto,Elementary,English,90.0,16.0,15.0,4427.8,90%,92%,54%,59%,41%,3.0,14.0,10,570,Toronto,43.66109,-79.4862,False
James Culnan Catholic School,Toronto CDSB,toronto,Elementary,English,90.0,16.0,15.0,4427.8,90%,92%,54%,59%,41%,3.0,14.0,10,570,Toronto,43.66109,-79.4862,False
Josyf Cardinal Slipyj Catholic School,Toronto CDSB,toronto,Elementary,English,98.0,9.0,3.0,4427.8,98%,98%,70%,87%,81%,4.0,-4.0,4,695,Toronto,43.66009,-79.5655,False
Josyf Cardinal Slipyj Catholic School,Toronto CDSB,toronto,Elementary,English,98.0,9.0,3.0,4427.8,98%,98%,70%,87%,81%,4.0,-4.0,4,695,Toronto,43.66009,-79.5655,False
Mother Cabrini Catholic School,Toronto CDSB,toronto,Elementary,English,88.0,5.0,0.0,4427.8,88%,100%,71%,62%,37%,-12.0,2.0,10,165,Toronto,43.6641,-79.5854,False
Mother Cabrini Catholic School,Toronto CDSB,toronto,Elementary,English,88.0,5.0,0.0,4427.8,88%,100%,71%,62%,37%,-12.0,2.0,10,165,Toronto,43.6641,-79.5854,False
Msgr John Corrigan Catholic School,Toronto CDSB,toronto,Elementary,English,84.0,10.0,15.0,4427.8,84%,74%,60%,N/R,10%,-3.0,21.0,20,180,Toronto,43.75107,-79.6052,False
Msgr John Corrigan Catholic School,Toronto CDSB,toronto,Elementary,English,84.0,10.0,15.0,4427.8,84%,74%,60%,N/R,10%,-3.0,21.0,20,180,Toronto,43.75107,-79.6052,False
Nativity of Our Lord Catholic School,Toronto CDSB,toronto,Elementary,English,93.0,10.0,5.0,4427.8,93%,95%,61%,82%,65%,-7.0,11.0,10,455,Toronto,43.65348,-79.5758,False
Nativity of Our Lord Catholic School,Toronto CDSB,toronto,Elementary,English,93.0,10.0,5.0,4427.8,93%,95%,61%,82%,65%,-7.0,11.0,10,455,Toronto,43.65348,-79.5758,False
Our Lady of Fatima Catholic School,Toronto CDSB,toronto,Elementary,English,94.0,16.0,7.0,4427.8,94%,93%,54%,81%,58%,12.0,9.0,11,765,Toronto,43.70951,-79.2931,False
Our Lady of Fatima Catholic School,Toronto CDSB,toronto,Elementary,English,94.0,16.0,7.0,4427.8,94%,93%,54%,81%,58%,12.0,9.0,11,765,Toronto,43.70951,-79.2931,False
Our Lady of Grace Catholic School,Toronto CDSB,toronto,Elementary,English,82.0,10.0,10.0,4427.8,82%,73%,36%,71%,43%,7.0,11.0,10,180,Toronto,43.81224,-79.2733,False
Our Lady of Grace Catholic School,Toronto CDSB,toronto,Elementary,English,82.0,10.0,10.0,4427.8,82%,73%,36%,71%,43%,7.0,11.0,10,180,Toronto,43.81224,-79.2733,False
Our Lady of Lourdes Catholic School,Toronto CDSB,toronto,Elementary,English,76.0,23.0,8.0,4427.8,76%,88%,46%,83%,59%,-11.0,-4.0,15,550,Toronto,43.66623,-79.3744,False
Our Lady of Lourdes Catholic School,Toronto CDSB,toronto,Elementary,English,76.0,23.0,8.0,4427.8,76%,88%,46%,83%,59%,-11.0,-4.0,15,550,Toronto,43.66623,-79.3744,False
Our Lady of Peace Catholic School,Toronto CDSB,toronto,Elementary,English,89.0,6.0,3.0,4427.8,89%,91%,45%,47%,64%,-5.0,-31.0,9,560,Toronto,43.64646,-79.5409,False
Our Lady of Peace Catholic School,Toronto CDSB,toronto,Elementary,English,89.0,6.0,3.0,4427.8,89%,91%,45%,47%,64%,-5.0,-31.0,9,560,Toronto,43.64646,-79.5409,False
Our Lady of Perpetual Help Catholic School,Toronto CDSB,toronto,Elementary,English,100.0,10.0,0.0,4427.8,100%,96%,89%,100%,94%,0.0,-1.0,10,335,Toronto,43.68697,-79.3834,False
Our Lady of Perpetual Help Catholic School,Toronto CDSB,toronto,Elementary,English,100.0,10.0,0.0,4427.8,100%,96%,89%,100%,94%,0.0,-1.0,10,335,Toronto,43.68697,-79.3834,False
Our Lady of Sorrows Catholic School,Toronto CDSB,toronto,Elementary,English,93.0,5.0,0.0,4427.8,93%,92%,85%,95%,91%,4.0,10.0,10,645,Toronto,43.64895,-79.5188,False
Our Lady of Sorrows Catholic School,Toronto CDSB,toronto,Elementary,English,93.0,5.0,0.0,4427.8,93%,92%,85%,95%,91%,4.0,10.0,10,645,Toronto,43.64895,-79.5188,False
Our Lady of Victory Catholic School,Toronto CDSB,toronto,Elementary,English,74.0,15.0,15.0,4427.8,74%,67%,35%,58%,44%,-3.0,14.0,14,605,Toronto,43.68329,-79.4893,False
Our Lady of Victory Catholic School,Toronto CDSB,toronto,Elementary,English,74.0,15.0,15.0,4427.8,74%,67%,35%,58%,44%,-3.0,14.0,14,605,Toronto,43.68329,-79.4893,False
Our Lady of Wisdom Catholic School,Toronto CDSB,toronto,Elementary,English,96.0,15.0,5.0,4427.8,96%,96%,58%,N/D,85%,6.0,23.0,10,310,Scarborough,43.76164,-79.3082,False
Our Lady of Wisdom Catholic School,Toronto CDSB,toronto,Elementary,English,96.0,15.0,5.0,4427.8,96%,96%,58%,N/D,85%,6.0,23.0,10,310,Scarborough,43.76164,-79.3082,False
Our Lady of the Assumption Catholic School,Toronto CDSB,toronto,Elementary,English,87.0,15.0,0.0,4427.8,87%,74%,45%,72%,28%,10.0,-8.0,10,350,Toronto,43.71656,-79.4315,False
Our Lady of the Assumption Catholic School,Toronto CDSB,toronto,Elementary,English,87.0,15.0,0.0,4427.8,87%,74%,45%,72%,28%,10.0,-8.0,10,350,Toronto,43.71656,-79.4315,False
Pope Francis Catholic School,Toronto CDSB,toronto,Elementary,English,95.0,10.0,5.0,4427.8,95%,63%,21%,94%,50%,6.0,-18.0,20,200,Toronto,43.65156,-79.421,False
Pope Francis Catholic School,Toronto CDSB,toronto,Elementary,English,95.0,10.0,5.0,4427.8,95%,63%,21%,94%,50%,6.0,-18.0,20,200,Toronto,43.65156,-79.421,False
Precious Blood Catholic School,Toronto CDSB,toronto,Elementary,English,84.0,15.0,5.0,4427.8,84%,82%,50%,75%,50%,-6.0,19.0,10,440,Toronto,43.7394,-79.3029,False
Precious Blood Catholic School,Toronto CDSB,toronto,Elementary,English,84.0,15.0,5.0,4427.8,84%,82%,50%,75%,50%,-6.0,19.0,10,440,Toronto,43.7394,-79.3029,False
Prince of Peace Catholic School,Toronto CDSB,toronto,Elementary,English,95.0,15.0,15.0,4427.8,95%,95%,75%,94%,76%,-5.0,-4.0,10,205,Toronto,43.82541,-79.2788,False
Prince of Peace Catholic School,Toronto CDSB,toronto,Elementary,English,95.0,15.0,15.0,4427.8,95%,95%,75%,94%,76%,-5.0,-4.0,10,205,Toronto,43.82541,-79.2788,False
Regina Mundi Catholic School,Toronto CDSB,toronto,Elementary,English,92.0,10.0,10.0,4427.8,92%,79%,50%,75%,50%,14.0,37.0,15,320,Toronto,43.71006,-79.4593,False
Regina Mundi Catholic School,Toronto CDSB,toronto,Elementary,English,92.0,10.0,10.0,4427.8,92%,79%,50%,75%,50%,14.0,37.0,15,320,Toronto,43.71006,-79.4593,False
Sacred Heart Catholic School,Toronto CDSB,toronto,Elementary,English,90.0,10.0,10.0,4427.8,90%,95%,65%,65%,52%,-4.0,-6.0,30,225,Toronto,43.81222,-79.2207,False
Sacred Heart Catholic School,Toronto CDSB,toronto,Elementary,English,90.0,10.0,10.0,4427.8,90%,95%,65%,65%,52%,-4.0,-6.0,30,225,Toronto,43.81222,-79.2207,False
Santa Maria Catholic School,Toronto CDSB,toronto,Elementary,English,50.0,10.0,20.0,4427.8,50%,50%,15%,36%,36%,-24.0,-2.0,20,180,Toronto,43.68132,-79.4778,True
Santa Maria Catholic School,Toronto CDSB,toronto,Elementary,English,50.0,10.0,20.0,4427.8,50%,50%,15%,36%,36%,-24.0,-2.0,20,180,Toronto,43.68132,-79.4778,True
St Agatha Catholic School,Toronto CDSB,toronto,Elementary,English,67.0,10.0,0.0,4427.8,67%,74%,36%,29%,41%,-17.0,-16.0,15,425,Toronto,43.72359,-79.2299,False
St Agatha Catholic School,Toronto CDSB,toronto,Elementary,English,67.0,10.0,0.0,4427.8,67%,74%,36%,29%,41%,-17.0,-16.0,15,425,Toronto,43.72359,-79.2299,False
St Agnes Catholic School,Toronto CDSB,toronto,Elementary,English,100.0,20.0,0.0,4427.8,100%,94%,66%,72%,50%,10.0,8.0,20,255,North York,43.79853,-79.4026,False
St Agnes Catholic School,Toronto CDSB,toronto,Elementary,English,100.0,20.0,0.0,4427.8,100%,94%,66%,72%,50%,10.0,8.0,20,255,North York,43.79853,-79.4026,False
St Aidan Catholic School,Toronto CDSB,toronto,Elementary,English,79.0,10.0,10.0,4427.8,79%,86%,36%,75%,60%,-17.0,3.0,10,255,Toronto,43.79751,-79.3093,False
St Aidan Catholic School,Toronto CDSB,toronto,Elementary,English,79.0,10.0,10.0,4427.8,79%,86%,36%,75%,60%,-17.0,3.0,10,255,Toronto,43.79751,-79.3093,False
St Albert Catholic School,Toronto CDSB,toronto,Elementary,English,79.0,15.0,10.0,4427.8,79%,79%,41%,58%,39%,-3.0,-1.0,10,335,Toronto,43.74377,-79.2613,False
St Albert Catholic School,Toronto CDSB,toronto,Elementary,English,79.0,15.0,10.0,4427.8,79%,79%,41%,58%,39%,-3.0,-1.0,10,335,Toronto,43.74377,-79.2613,False
St Alphonsus Catholic School,Toronto CDSB,toronto,Elementary,English,100.0,10.0,10.0,4427.8,100%,100%,82%,57%,38%,10.0,34.0,20,245,Toronto,43.68313,-79.4317,False
St Alphonsus Catholic School,Toronto CDSB,toronto,Elementary,English,100.0,10.0,10.0,4427.8,100%,100%,82%,57%,38%,10.0,34.0,20,245,Toronto,43.68313,-79.4317,False
St Ambrose Catholic School,Toronto CDSB,toronto,Elementary,English,77.0,5.0,0.0,4427.8,77%,86%,57%,90%,71%,-20.0,15.0,10,495,Toronto,43.6477,-79.4321,False
St Ambrose Catholic School,Toronto CDSB,toronto,Elementary,English,77.0,5.0,0.0,4427.8,77%,86%,57%,90%,71%,-20.0,15.0,10,495,Toronto,43.6477,-79.4321,False
St Andre Catholic School,Toronto CDSB,toronto,Elementary,English,62.0,18.0,13.0,4427.8,62%,70%,45%,66%,51%,-12.0,4.0,13,600,Toronto,43.72357,-79.5175,False
St Andre Catholic School,Toronto CDSB,toronto,Elementary,English,62.0,18.0,13.0,4427.8,62%,70%,45%,66%,51%,-12.0,4.0,13,600,Toronto,43.72357,-79.5175,False
St Andrew Catholic School,Toronto CDSB,toronto,Elementary,English,54.0,20.0,29.0,4427.8,54%,58%,20%,68%,60%,-15.0,4.0,12,585,Toronto,43.74488,-79.5821,True
St Andrew Catholic School,Toronto CDSB,toronto,Elementary,English,54.0,20.0,29.0,4427.8,54%,58%,20%,68%,60%,-15.0,4.0,12,585,Toronto,43.74488,-79.5821,True
St Angela Catholic School,Toronto CDSB,toronto,Elementary,English,97.0,15.0,20.0,4427.8,97%,85%,43%,70%,46%,7.0,19.0,20,430,Toronto,43.75426,-79.5974,False
St Angela Catholic School,Toronto CDSB,toronto,Elementary,English,97.0,15.0,20.0,4427.8,97%,85%,43%,70%,46%,7.0,19.0,20,430,Toronto,43.75426,-79.5974,False
St Anselm Catholic School,Toronto CDSB,toronto,Elementary,English,100.0,5.0,5.0,4427.8,100%,94%,83%,88%,76%,0.0,14.0,20,265,Toronto,43.70535,-79.3716,False
St Anselm Catholic School,Toronto CDSB,toronto,Elementary,English,100.0,5.0,5.0,4427.8,100%,94%,83%,88%,76%,0.0,14.0,20,265,Toronto,43.70535,-79.3716,False
St Anthony Catholic School,Toronto CDSB,toronto,Elementary,English,100.0,10.0,5.0,4427.8,100%,96%,85%,72%,83%,3.0,19.0,25,230,Toronto,43.66342,-79.4348,False
St Anthony Catholic School,Toronto CDSB,toronto,Elementary,English,100.0,10.0,5.0,4427.8,100%,96%,85%,72%,83%,3.0,19.0,25,230,Toronto,43.66342,-79.4348,False
St Antoine Daniel Catholic School,Toronto CDSB,toronto,Elementary,English,74.0,10.0,5.0,4427.8,74%,77%,52%,69%,50%,-1.0,33.0,10,295,Toronto,43.77712,-79.4296,False
St Antoine Daniel Catholic School,Toronto CDSB,toronto,Elementary,English,74.0,10.0,5.0,4427.8,74%,77%,52%,69%,50%,-1.0,33.0,10,295,Toronto,43.77712,-79.4296,False
St Augustine Catholic School,Toronto CDSB,toronto,Elementary,English,82.0,20.0,26.0,4427.8,82%,80%,27%,88%,60%,-8.0,-1.0,15,520,Toronto,43.76808,-79.5248,False
St Augustine Catholic School,Toronto CDSB,toronto,Elementary,English,82.0,20.0,26.0,4427.8,82%,80%,27%,88%,60%,-8.0,-1.0,15,520,Toronto,43.76808,-79.5248,False
St Barbara Catholic School,Toronto CDSB,toronto,Elementary,English,78.0,20.0,15.0,4427.8,78%,74%,21%,54%,21%,-3.0,-21.0,15,290,Toronto,43.76244,-79.2188,False
St Barbara Catholic School,Toronto CDSB,toronto,Elementary,English,78.0,20.0,15.0,4427.8,78%,74%,21%,54%,21%,-3.0,-21.0,15,290,Toronto,43.76244,-79.2188,False
St Barnabas Catholic School,Toronto CDSB,toronto,Elementary,English,90.0,10.0,10.0,4427.8,90%,93%,69%,59%,41%,4.0,14.0,10,295,Toronto,43.79734,-79.2284,False
St Barnabas Catholic School,Toronto CDSB,toronto,Elementary,English,90.0,10.0,10.0,4427.8,90%,93%,69%,59%,41%,4.0,14.0,10,295,Toronto,43.79734,-79.2284,False
St Benedict Catholic School,Toronto CDSB,toronto,Elementary,English,78.0,8.0,8.0,4427.8,78%,86%,28%,79%,57%,-13.0,-9.0,12,625,Toronto,43.72316,-79.5728,False
St Benedict Catholic School,Toronto CDSB,toronto,Elementary,English,78.0,8.0,8.0,4427.8,78%,86%,28%,79%,57%,-13.0,-9.0,12,625,Toronto,43.72316,-79.5728,False
St Bernard Catholic School,Toronto CDSB,toronto,Elementary,English,57.0,17.0,15.0,4427.8,57%,56%,17%,67%,62%,-9.0,-10.0,15,625,Toronto,43.7027,-79.5,True
St Bernard Catholic School,Toronto CDSB,toronto,Elementary,English,57.0,17.0,15.0,4427.8,57%,56%,17%,67%,62%,-9.0,-10.0,15,625,Toronto,43.7027,-79.5,True
St Bonaventure Catholic School,Toronto CDSB,toronto,Elementary,English,88.0,11.0,3.0,4427.8,88%,92%,65%,83%,76%,-11.0,-9.0,8,585,Toronto,43.73307,-79.3558,False
St Bonaventure Catholic School,Toronto CDSB,toronto,Elementary,English,88.0,11.0,3.0,4427.8,88%,92%,65%,83%,76%,-11.0,-9.0,8,585,Toronto,43.73307,-79.3558,False
St Boniface Catholic School,Toronto CDSB,toronto,Elementary,English,94.0,20.0,15.0,4427.8,94%,87%,58%,74%,58%,8.0,3.0,10,270,Scarborough,43.74057,-79.2197,False
St Boniface Catholic School,Toronto CDSB,toronto,Elementary,English,94.0,20.0,15.0,4427.8,94%,87%,58%,74%,58%,8.0,3.0,10,270,Scarborough,43.74057,-79.2197,False
St Brendan Catholic School,Toronto CDSB,toronto,Elementary,English,96.0,3.0,0.0,4427.8,96%,92%,75%,78%,75%,4.0,16.0,12,525,Scarborough,43.78273,-79.149,False
St Brendan Catholic School,Toronto CDSB,toronto,Elementary,English,96.0,3.0,0.0,4427.8,96%,92%,75%,78%,75%,4.0,16.0,12,525,Scarborough,43.78273,-79.149,False
St Brigid Catholic School,Toronto CDSB,toronto,Elementary,English,79.0,9.0,5.0,4427.8,79%,79%,39%,68%,54%,-17.0,-16.0,11,620,Toronto,43.68716,-79.3162,False
St Brigid Catholic School,Toronto CDSB,toronto,Elementary,English,79.0,9.0,5.0,4427.8,79%,79%,39%,68%,54%,-17.0,-16.0,11,620,Toronto,43.68716,-79.3162,False
St Bruno/St. Raymond Catholic School,Toronto CDSB,toronto,Elementary,English,91.0,10.0,10.0,4427.8,91%,82%,50%,N/R,N/R,5.0,29.0,40,140,Toronto,43.67333,-79.4273,False
St Bruno/St. Raymond Catholic School,Toronto CDSB,toronto,Elementary,English,91.0,10.0,10.0,4427.8,91%,82%,50%,N/R,N/R,5.0,29.0,40,140,Toronto,43.67333,-79.4273,False
St Catherine Catholic School,Toronto CDSB,toronto,Elementary,English,82.0,10.0,10.0,4427.8,82%,82%,45%,70%,50%,-10.0,-22.0,30,100,Toronto,43.7423,-79.3245,False
St Catherine Catholic School,Toronto CDSB,toronto,Elementary,English,82.0,10.0,10.0,4427.8,82%,82%,45%,70%,50%,-10.0,-22.0,30,100,Toronto,43.7423,-79.3245,False
St Cecilia Catholic School,Toronto CDSB,toronto,Elementary,English,93.0,7.0,2.0,4427.8,93%,90%,78%,71%,70%,-5.0,14.0,10,560,Toronto,43.66056,-79.4745,False
St Cecilia Catholic School,Toronto CDSB,toronto,Elementary,English,93.0,7.0,2.0,4427.8,93%,90%,78%,71%,70%,-5.0,14.0,10,560,Toronto,43.66056,-79.4745,False
St Charles Catholic School,Toronto CDSB,toronto,Elementary,English,84.0,15.0,10.0,4427.8,84%,77%,42%,48%,33%,9.0,18.0,15,280,Toronto,43.7133,-79.4512,False
St Charles Catholic School,Toronto CDSB,toronto,Elementary,English,84.0,15.0,10.0,4427.8,84%,77%,42%,48%,33%,9.0,18.0,15,280,Toronto,43.7133,-79.4512,False
St Charles Garnier Catholic School,Toronto CDSB,toronto,Elementary,English,75.0,20.0,25.0,4427.8,75%,80%,20%,46%,23%,5.0,1.0,15,460,Toronto,43.76234,-79.5178,False
St Charles Garnier Catholic School,Toronto CDSB,toronto,Elementary,English,75.0,20.0,25.0,4427.8,75%,80%,20%,46%,23%,5.0,1.0,15,460,Toronto,43.76234,-79.5178,False
St Clare Catholic School,Toronto CDSB,toronto,Elementary,English,79.0,5.0,5.0,4427.8,79%,76%,33%,72%,69%,-8.0,-3.0,10,425,Toronto,43.67929,-79.4414,False
St Clare Catholic School,Toronto CDSB,toronto,Elementary,English,79.0,5.0,5.0,4427.8,79%,76%,33%,72%,69%,-8.0,-3.0,10,425,Toronto,43.67929,-79.4414,False
St Clement Catholic School,Toronto CDSB,toronto,Elementary,English,91.0,6.0,3.0,4427.8,91%,93%,77%,76%,72%,-3.0,6.0,9,530,Etobicoke,43.63258,-79.5739,False
St Clement Catholic School,Toronto CDSB,toronto,Elementary,English,91.0,6.0,3.0,4427.8,91%,93%,77%,76%,72%,-3.0,6.0,9,530,Etobicoke,43.63258,-79.5739,False
St Columba Catholic School,Toronto CDSB,toronto,Elementary,English,52.0,10.0,15.0,4427.8,52%,71%,38%,52%,33%,8.0,38.0,25,280,Toronto,43.8062,-79.2113,True
St Columba Catholic School,Toronto CDSB,toronto,Elementary,English,52.0,10.0,15.0,4427.8,52%,71%,38%,52%,33%,8.0,38.0,25,280,Toronto,43.8062,-79.2113,True
St Conrad Catholic School,Toronto CDSB,toronto,Elementary,English,85.0,11.0,11.0,4427.8,85%,86%,33%,82%,58%,-6.0,-1.0,14,640,North York,43.73023,-79.4927,False
St Conrad Catholic School,Toronto CDSB,toronto,Elementary,English,85.0,11.0,11.0,4427.8,85%,86%,33%,82%,58%,-6.0,-1.0,14,640,North York,43.73023,-79.4927,False
St Cyril Catholic School,Toronto CDSB,toronto,Elementary,English,93.0,20.0,0.0,4427.8,93%,97%,80%,N/D,66%,-7.0,6.0,10,325,Toronto,43.77667,-79.4165,False
St Cyril Catholic School,Toronto CDSB,toronto,Elementary,English,93.0,20.0,0.0,4427.8,93%,97%,80%,N/D,66%,-7.0,6.0,10,325,Toronto,43.77667,-79.4165,False
St Demetrius Catholic School,Toronto CDSB,toronto,Elementary,English,95.0,10.0,5.0,4427.8,95%,95%,52%,96%,83%,-5.0,-48.0,5,410,Toronto,43.68471,-79.5216,False
St Demetrius Catholic School,Toronto CDSB,toronto,Elementary,English,95.0,10.0,5.0,4427.8,95%,95%,52%,96%,83%,-5.0,-48.0,5,410,Toronto,43.68471,-79.5216,False
St Denis Catholic School,Toronto CDSB,toronto,Elementary,English,100.0,5.0,0.0,4427.8,100%,100%,87%,81%,67%,0.0,35.0,10,245,Toronto,43.67299,-79.2899,False
St Denis Catholic School,Toronto CDSB,toronto,Elementary,English,100.0,5.0,0.0,4427.8,100%,100%,87%,81%,67%,0.0,35.0,10,245,Toronto,43.67299,-79.2899,False
St Dominic Savio Catholic School,Toronto CDSB,toronto,Elementary,English,70.0,5.0,0.0,4427.8,70%,77%,47%,86%,79%,-4.0,8.0,15,210,Toronto,43.79831,-79.1555,False
St Dominic Savio Catholic School,Toronto CDSB,toronto,Elementary,English,70.0,5.0,0.0,4427.8,70%,77%,47%,86%,79%,-4.0,8.0,15,210,Toronto,43.79831,-79.1555,False
St Dorothy Catholic School,Toronto CDSB,toronto,Elementary,English,81.0,15.0,15.0,4427.8,81%,61%,32%,79%,45%,0.0,7.0,15,315,Toronto,43.73174,-79.5913,False
St Dorothy Catholic School,Toronto CDSB,toronto,Elementary,English,81.0,15.0,15.0,4427.8,81%,61%,32%,79%,45%,0.0,7.0,15,315,Toronto,43.73174,-79.5913,False
St Dunstan Catholic School,Toronto CDSB,toronto,Elementary,English,89.0,20.0,10.0,4427.8,89%,71%,36%,40%,40%,16.0,1.0,20,210,Toronto,43.6933,-79.2842,False
St Dunstan Catholic School,Toronto CDSB,toronto,Elementary,English,89.0,20.0,10.0,4427.8,89%,71%,36%,40%,40%,16.0,1.0,20,210,Toronto,43.6933,-79.2842,False
St Edmund Campion Catholic School,Toronto CDSB,toronto,Elementary,English,77.0,15.0,10.0,4427.8,77%,86%,45%,83%,61%,-7.0,-8.0,10,245,Toronto,43.78806,-79.2156,False
St Edmund Campion Catholic School,Toronto CDSB,toronto,Elementary,English,77.0,15.0,10.0,4427.8,77%,86%,45%,83%,61%,-7.0,-8.0,10,245,Toronto,43.78806,-79.2156,False
St Edward Catholic School,Toronto CDSB,toronto,Elementary,English,93.0,15.0,0.0,4427.8,93%,96%,74%,100%,94%,9.0,6.0,10,335,Toronto,43.75377,-79.4133,False
St Edward Catholic School,Toronto CDSB,toronto,Elementary,English,93.0,15.0,0.0,4427.8,93%,96%,74%,100%,94%,9.0,6.0,10,335,Toronto,43.75377,-79.4133,False
St Elizabeth Catholic School,Toronto CDSB,toronto,Elementary,English,82.0,10.0,10.0,4427.8,82%,88%,71%,53%,47%,-4.0,21.0,10,220,Etobicoke,43.63506,-79.5575,False
St Elizabeth Catholic School,Toronto CDSB,toronto,Elementary,English,82.0,10.0,10.0,4427.8,82%,88%,71%,53%,47%,-4.0,21.0,10,220,Etobicoke,43.63506,-79.5575,False
St Eugene Catholic School,Toronto CDSB,toronto,Elementary,English,93.0,10.0,6.0,4427.8,93%,86%,56%,88%,77%,14.0,20.0,10,560,Toronto,43.69236,-79.5369,False
St Eugene Catholic School,Toronto CDSB,toronto,Elementary,English,93.0,10.0,6.0,4427.8,93%,86%,56%,88%,77%,14.0,20.0,10,560,Toronto,43.69236,-79.5369,False
St Fidelis Catholic School,Toronto CDSB,toronto,Elementary,English,89.0,6.0,8.0,4427.8,89%,86%,45%,63%,54%,0.0,3.0,13,590,Toronto,43.71721,-79.4852,False
St Fidelis Catholic School,Toronto CDSB,toronto,Elementary,English,89.0,6.0,8.0,4427.8,89%,86%,45%,63%,54%,0.0,3.0,13,590,Toronto,43.71721,-79.4852,False
St Florence Catholic School,Toronto CDSB,toronto,Elementary,English,82.0,10.0,10.0,4427.8,82%,88%,24%,88%,88%,32.0,3.0,20,155,Toronto,43.79868,-79.2073,False
St Florence Catholic School,Toronto CDSB,toronto,Elementary,English,82.0,10.0,10.0,4427.8,82%,88%,24%,88%,88%,32.0,3.0,20,155,Toronto,43.79868,-79.2073,False
St Francis Xavier Catholic School,Toronto CDSB,toronto,Elementary,English,68.0,11.0,11.0,4427.8,68%,68%,34%,62%,54%,-12.0,1.0,20,505,Toronto,43.71098,-79.4832,False
St Francis Xavier Catholic School,Toronto CDSB,toronto,Elementary,English,68.0,11.0,11.0,4427.8,68%,68%,34%,62%,54%,-12.0,1.0,20,505,Toronto,43.71098,-79.4832,False
St Francis de Sales Catholic School,Toronto CDSB,toronto,Elementary,English,54.0,20.0,20.0,4427.8,54%,59%,24%,48%,36%,-10.0,19.0,25,340,Toronto,43.75414,-79.5189,True
St Francis de Sales Catholic School,Toronto CDSB,toronto,Elementary,English,54.0,20.0,20.0,4427.8,54%,59%,24%,48%,36%,-10.0,19.0,25,340,Toronto,43.75414,-79.5189,True
St Francis of Assisi Catholic School,Toronto CDSB,toronto,Elementary,English,79.0,10.0,10.0,4427.8,79%,86%,36%,N/R,N/R,-21.0,-28.0,10,95,Toronto,43.65633,-79.4146,False
St Francis of Assisi Catholic School,Toronto CDSB,toronto,Elementary,English,79.0,10.0,10.0,4427.8,79%,86%,36%,N/R,N/R,-21.0,-28.0,10,95,Toronto,43.65633,-79.4146,False
St Gabriel Catholic School,Toronto CDSB,toronto,Elementary,English,74.0,15.0,0.0,4427.8,74%,74%,42%,75%,62%,-14.0,1.0,15,315,Toronto,43.76878,-79.3907,False
St Gabriel Catholic School,Toronto CDSB,toronto,Elementary,English,74.0,15.0,0.0,4427.8,74%,74%,42%,75%,62%,-14.0,1.0,15,315,Toronto,43.76878,-79.3907,False
St Gabriel Lalemant Catholic School,Toronto CDSB,toronto,Elementary,English,73.0,10.0,10.0,4427.8,73%,73%,53%,N/R,N/R,-15.0,9.0,15,125,Toronto,43.81284,-79.2262,False
St Gabriel Lalemant Catholic School,Toronto CDSB,toronto,Elementary,English,73.0,10.0,10.0,4427.8,73%,73%,53%,N/R,N/R,-15.0,9.0,15,125,Toronto,43.81284,-79.2262,False
St Gerald Catholic School,Toronto CDSB,toronto,Elementary,English,96.0,20.0,5.0,4427.8,96%,92%,58%,62%,33%,3.0,-18.0,15,265,Toronto,43.78044,-79.3263,False
St Gerald Catholic School,Toronto CDSB,toronto,Elementary,English,96.0,20.0,5.0,4427.8,96%,92%,58%,62%,33%,3.0,-18.0,15,265,Toronto,43.78044,-79.3263,False
St Gregory Catholic School,Toronto CDSB,toronto,Elementary,English,95.0,4.0,1.0,4427.8,95%,90%,63%,87%,84%,-2.0,3.0,12,700,Toronto,43.65989,-79.5442,False
St Gregory Catholic School,Toronto CDSB,toronto,Elementary,English,95.0,4.0,1.0,4427.8,95%,90%,63%,87%,84%,-2.0,3.0,12,700,Toronto,43.65989,-79.5442,False
St Helen Catholic School,Toronto CDSB,toronto,Elementary,English,93.0,10.0,10.0,4427.8,93%,96%,69%,56%,56%,5.0,42.0,25,235,Toronto,43.65199,-79.4358,False
St Helen Catholic School,Toronto CDSB,toronto,Elementary,English,93.0,10.0,10.0,4427.8,93%,96%,69%,56%,56%,5.0,42.0,25,235,Toronto,43.65199,-79.4358,False
St Henry Catholic School,Toronto CDSB,toronto,Elementary,English,96.0,10.0,10.0,4427.8,96%,96%,76%,86%,71%,-4.0,-12.0,10,240,Toronto,43.81373,-79.3278,False
St Henry Catholic School,Toronto CDSB,toronto,Elementary,English,96.0,10.0,10.0,4427.8,96%,96%,76%,86%,71%,-4.0,-12.0,10,240,Toronto,43.81373,-79.3278,False
St Ignatius of Loyola Catholic School,Toronto CDSB,toronto,Elementary,English,82.0,10.0,5.0,4427.8,82%,82%,64%,N/R,N/R,20.0,39.0,30,110,Toronto,43.80342,-79.2649,False
St Ignatius of Loyola Catholic School,Toronto CDSB,toronto,Elementary,English,82.0,10.0,5.0,4427.8,82%,82%,64%,N/R,N/R,20.0,39.0,30,110,Toronto,43.80342,-79.2649,False
St Isaac Jogues Catholic School,Toronto CDSB,toronto,Elementary,English,96.0,15.0,5.0,4427.8,96%,100%,72%,77%,58%,8.0,19.0,15,305,Toronto,43.76245,-79.3218,False
St Isaac Jogues Catholic School,Toronto CDSB,toronto,Elementary,English,96.0,15.0,5.0,4427.8,96%,100%,72%,77%,58%,8.0,19.0,15,305,Toronto,43.76245,-79.3218,False
St James Catholic School,Toronto CDSB,toronto,Elementary,English,92.0,20.0,10.0,4427.8,92%,83%,92%,89%,58%,0.0,61.0,10,150,Toronto,43.66471,-79.4952,False
St James Catholic School,Toronto CDSB,toronto,Elementary,English,92.0,20.0,10.0,4427.8,92%,83%,92%,89%,58%,0.0,61.0,10,150,Toronto,43.66471,-79.4952,False
St Jane Frances Catholic School,Toronto CDSB,toronto,Elementary,English,48.0,17.0,22.0,4427.8,48%,58%,18%,57%,31%,-27.0,0.0,23,685,North York,43.74202,-79.5132,True
St Jane Frances Catholic School,Toronto CDSB,toronto,Elementary,English,48.0,17.0,22.0,4427.8,48%,58%,18%,57%,31%,-27.0,0.0,23,685,North York,43.74202,-79.5132,True
St Jean de Brebeuf Catholic School,Toronto CDSB,toronto,Elementary,English,94.0,10.0,5.0,4427.8,94%,76%,53%,94%,69%,17.0,30.0,15,155,Toronto,43.80232,-79.1739,False
St Jean de Brebeuf Catholic School,Toronto CDSB,toronto,Elementary,English,94.0,10.0,5.0,4427.8,94%,76%,53%,94%,69%,17.0,30.0,15,155,Toronto,43.80232,-79.1739,False
St Jerome Catholic School,Toronto CDSB,toronto,Elementary,English,81.0,12.0,11.0,4427.8,81%,85%,37%,53%,44%,-5.0,-7.0,12,635,Toronto,43.74869,-79.4889,False
St Jerome Catholic School,Toronto CDSB,toronto,Elementary,English,81.0,12.0,11.0,4427.8,81%,85%,37%,53%,44%,-5.0,-7.0,12,635,Toronto,43.74869,-79.4889,False
St Joachim Catholic School,Toronto CDSB,toronto,Elementary,English,68.0,20.0,10.0,4427.8,68%,74%,43%,74%,52%,-27.0,-27.0,15,265,Toronto,43.71318,-79.2755,False
St Joachim Catholic School,Toronto CDSB,toronto,Elementary,English,68.0,20.0,10.0,4427.8,68%,74%,43%,74%,52%,-27.0,-27.0,15,265,Toronto,43.71318,-79.2755,False
St John Bosco Catholic School,Toronto CDSB,toronto,Elementary,English,85.0,10.0,15.0,4427.8,85%,100%,67%,75%,44%,-4.0,34.0,20,265,Toronto,43.68866,-79.4505,False
St John Bosco Catholic School,Toronto CDSB,toronto,Elementary,English,85.0,10.0,15.0,4427.8,85%,100%,67%,75%,44%,-4.0,34.0,20,265,Toronto,43.68866,-79.4505,False
St John Catholic School,Toronto CDSB,toronto,Elementary,English,91.0,5.0,0.0,4427.8,91%,82%,65%,90%,77%,-5.0,-11.0,15,360,Toronto,43.68032,-79.2944,False
St John Catholic School,Toronto CDSB,toronto,Elementary,English,91.0,5.0,0.0,4427.8,91%,82%,65%,90%,77%,-5.0,-11.0,15,360,Toronto,43.68032,-79.2944,False
St John Vianney Catholic School,Toronto CDSB,toronto,Elementary,English,74.0,15.0,20.0,4427.8,74%,74%,39%,74%,65%,13.0,26.0,10,310,Toronto,43.73836,-79.5539,False
St John Vianney Catholic School,Toronto CDSB,toronto,Elementary,English,74.0,15.0,20.0,4427.8,74%,74%,39%,74%,65%,13.0,26.0,10,310,Toronto,43.73836,-79.5539,False
St John XXIII Catholic School,Toronto CDSB,toronto,Elementary,English,86.0,20.0,15.0,4427.8,86%,89%,41%,60%,52%,-3.0,-12.0,10,455,Toronto,43.71239,-79.329,False
St John XXIII Catholic School,Toronto CDSB,toronto,Elementary,English,86.0,20.0,15.0,4427.8,86%,89%,41%,60%,52%,-3.0,-12.0,10,455,Toronto,43.71239,-79.329,False
St John the Evangelist Catholic School,Toronto CDSB,toronto,Elementary,English,89.0,15.0,10.0,4427.8,89%,85%,37%,68%,51%,15.0,6.0,12,600,Weston,43.70362,-79.5223,False
St John the Evangelist Catholic School,Toronto CDSB,toronto,Elementary,English,89.0,15.0,10.0,4427.8,89%,85%,37%,68%,51%,15.0,6.0,12,600,Weston,43.70362,-79.5223,False
St Josaphat Catholic School,Toronto CDSB,toronto,Elementary,English,82.0,10.0,0.0,4427.8,82%,64%,58%,69%,73%,-18.0,-4.0,0,385,Toronto,43.59001,-79.544,False
St Josaphat Catholic School,Toronto CDSB,toronto,Elementary,English,82.0,10.0,0.0,4427.8,82%,64%,58%,69%,73%,-18.0,-4.0,0,385,Toronto,43.59001,-79.544,False
St Joseph Catholic School,Toronto CDSB,toronto,Elementary,English,59.0,10.0,5.0,4427.8,59%,53%,29%,79%,57%,-20.0,-17.0,25,230,Toronto,43.66596,-79.3315,True
St Joseph Catholic School,Toronto CDSB,toronto,Elementary,English,59.0,10.0,5.0,4427.8,59%,53%,29%,79%,57%,-20.0,-17.0,25,230,Toronto,43.66596,-79.3315,True
St Jude Catholic School,Toronto CDSB,toronto,Elementary,English,61.0,15.0,15.0,4427.8,61%,63%,19%,74%,49%,-8.0,-5.0,10,640,Toronto,43.74035,-79.5394,False
St Jude Catholic School,Toronto CDSB,toronto,Elementary,English,61.0,15.0,15.0,4427.8,61%,63%,19%,74%,49%,-8.0,-5.0,10,640,Toronto,43.74035,-79.5394,False
St Kateri Tekakwitha Catholic School,Toronto CDSB,toronto,Elementary,English,100.0,10.0,10.0,4427.8,100%,100%,41%,60%,30%,17.0,6.0,25,190,Toronto,43.78584,-79.3374,False
St Kateri Tekakwitha Catholic School,Toronto CDSB,toronto,Elementary,English,100.0,10.0,10.0,4427.8,100%,100%,41%,60%,30%,17.0,6.0,25,190,Toronto,43.78584,-79.3374,False
St Kevin Catholic School,Toronto CDSB,toronto,Elementary,English,100.0,15.0,5.0,4427.8,100%,100%,64%,47%,53%,10.0,-1.0,20,240,Scarborough,43.75109,-79.3064,False
St Kevin Catholic School,Toronto CDSB,toronto,Elementary,English,100.0,15.0,5.0,4427.8,100%,100%,64%,47%,53%,10.0,-1.0,20,240,Scarborough,43.75109,-79.3064,False
St Lawrence Catholic School,Toronto CDSB,toronto,Elementary,English,87.0,15.0,10.0,4427.8,87%,85%,51%,81%,69%,-2.0,4.0,15,445,Toronto,43.74908,-79.2799,False
St Lawrence Catholic School,Toronto CDSB,toronto,Elementary,English,87.0,15.0,10.0,4427.8,87%,85%,51%,81%,69%,-2.0,4.0,15,445,Toronto,43.74908,-79.2799,False
St Leo Catholic School,Toronto CDSB,toronto,Elementary,English,100.0,10.0,5.0,4427.8,100%,94%,56%,77%,69%,9.0,13.0,10,375,Toronto,43.6145,-79.4965,False
St Leo Catholic School,Toronto CDSB,toronto,Elementary,English,100.0,10.0,5.0,4427.8,100%,94%,56%,77%,69%,9.0,13.0,10,375,Toronto,43.6145,-79.4965,False
St Louis Catholic School,Toronto CDSB,toronto,Elementary,English,95.0,10.0,0.0,4427.8,95%,95%,76%,70%,61%,10.0,31.0,20,295,Toronto,43.62589,-79.5008,False
St Louis Catholic School,Toronto CDSB,toronto,Elementary,English,95.0,10.0,0.0,4427.8,95%,95%,76%,70%,61%,10.0,31.0,20,295,Toronto,43.62589,-79.5008,False
St Malachy Catholic School,Toronto CDSB,toronto,Elementary,English,88.0,10.0,10.0,4427.8,88%,80%,48%,72%,50%,-8.0,17.0,10,255,Toronto,43.77131,-79.1658,False
St Malachy Catholic School,Toronto CDSB,toronto,Elementary,English,88.0,10.0,10.0,4427.8,88%,80%,48%,72%,50%,-8.0,17.0,10,255,Toronto,43.77131,-79.1658,False
St Marcellus Catholic School,Toronto CDSB,toronto,Elementary,English,83.0,15.0,10.0,4427.8,83%,83%,36%,77%,39%,5.0,7.0,20,370,Toronto,43.6797,-79.5541,False
St Marcellus Catholic School,Toronto CDSB,toronto,Elementary,English,83.0,15.0,10.0,4427.8,83%,83%,36%,77%,39%,5.0,7.0,20,370,Toronto,43.6797,-79.5541,False
St Margaret Catholic School,Toronto CDSB,toronto,Elementary,English,86.0,10.0,4.0,4427.8,86%,92%,47%,89%,70%,1.0,-6.0,9,575,Toronto,43.73611,-79.4267,False
St Margaret Catholic School,Toronto CDSB,toronto,Elementary,English,86.0,10.0,4.0,4427.8,86%,92%,47%,89%,70%,1.0,-6.0,9,575,Toronto,43.73611,-79.4267,False
St Marguerite Bourgeoys Catholic Catholic School,Toronto CDSB,toronto,Elementary,English,92.0,10.0,10.0,4427.8,92%,92%,77%,N/R,N/R,-8.0,-23.0,10,90,Toronto,43.80808,-79.2855,False
St Marguerite Bourgeoys Catholic Catholic School,Toronto CDSB,toronto,Elementary,English,92.0,10.0,10.0,4427.8,92%,92%,77%,N/R,N/R,-8.0,-23.0,10,90,Toronto,43.80808,-79.2855,False
St Maria Goretti Catholic School,Toronto CDSB,toronto,Elementary,English,71.0,15.0,9.0,4427.8,71%,67%,36%,68%,57%,-10.0,8.0,14,820,Toronto,43.73017,-79.2657,False
St Maria Goretti Catholic School,Toronto CDSB,toronto,Elementary,English,71.0,15.0,9.0,4427.8,71%,67%,36%,68%,57%,-10.0,8.0,14,820,Toronto,43.73017,-79.2657,False
St Mark Catholic School,Toronto CDSB,toronto,Elementary,English,57.0,15.0,5.0,4427.8,57%,71%,29%,84%,95%,-38.0,-42.0,20,255,Toronto,43.63447,-79.4899,True
St Mark Catholic School,Toronto CDSB,toronto,Elementary,English,57.0,15.0,5.0,4427.8,57%,71%,29%,84%,95%,-38.0,-42.0,20,255,Toronto,43.63447,-79.4899,True
St Martha Catholic School,Toronto CDSB,toronto,Elementary,English,75.0,10.0,20.0,4427.8,75%,80%,45%,67%,39%,-1.0,16.0,30,205,Toronto,43.741,-79.5021,False
St Martha Catholic School,Toronto CDSB,toronto,Elementary,English,75.0,10.0,20.0,4427.8,75%,80%,45%,67%,39%,-1.0,16.0,30,205,Toronto,43.741,-79.5021,False
St Martin De Porres Catholic School,Toronto CDSB,toronto,Elementary,English,71.0,20.0,10.0,4427.8,71%,76%,40%,67%,44%,8.0,17.0,15,395,Toronto,43.76702,-79.1865,False
St Martin De Porres Catholic School,Toronto CDSB,toronto,Elementary,English,71.0,20.0,10.0,4427.8,71%,76%,40%,67%,44%,8.0,17.0,15,395,Toronto,43.76702,-79.1865,False
St Mary Catholic School,Toronto CDSB,toronto,Elementary,English,90.0,20.0,5.0,4427.8,90%,60%,60%,60%,53%,2.0,16.0,20,205,Toronto,43.64565,-79.4048,False
St Mary Catholic School,Toronto CDSB,toronto,Elementary,English,90.0,20.0,5.0,4427.8,90%,60%,60%,60%,53%,2.0,16.0,20,205,Toronto,43.64565,-79.4048,False
St Mary of the Angels Catholic School,Toronto CDSB,toronto,Elementary,English,79.0,10.0,5.0,4427.8,79%,84%,37%,80%,56%,-21.0,-13.0,15,240,Toronto,43.67223,-79.4401,False
St Mary of the Angels Catholic School,Toronto CDSB,toronto,Elementary,English,79.0,10.0,5.0,4427.8,79%,84%,37%,80%,56%,-21.0,-13.0,15,240,Toronto,43.67223,-79.4401,False
St Matthew Catholic School,Toronto CDSB,toronto,Elementary,English,55.0,10.0,15.0,4427.8,55%,76%,30%,64%,38%,-28.0,16.0,20,470,Toronto,43.68053,-79.4678,True
St Matthew Catholic School,Toronto CDSB,toronto,Elementary,English,55.0,10.0,15.0,4427.8,55%,76%,30%,64%,38%,-28.0,16.0,20,470,Toronto,43.68053,-79.4678,True
St Matthias Catholic School,Toronto CDSB,toronto,Elementary,English,76.0,10.0,10.0,4427.8,76%,76%,40%,86%,68%,-7.0,-8.0,15,220,Toronto,43.78508,-79.3596,False
St Matthias Catholic School,Toronto CDSB,toronto,Elementary,English,76.0,10.0,10.0,4427.8,76%,76%,40%,86%,68%,-7.0,-8.0,15,220,Toronto,43.78508,-79.3596,False
St Maurice Catholic School,Toronto CDSB,toronto,Elementary,English,56.0,20.0,15.0,4427.8,56%,52%,16%,56%,48%,-24.0,-16.0,10,325,Toronto,43.69829,-79.5539,True
St Maurice Catholic School,Toronto CDSB,toronto,Elementary,English,56.0,20.0,15.0,4427.8,56%,52%,16%,56%,48%,-24.0,-16.0,10,325,Toronto,43.69829,-79.5539,True
St Michael's Choir (Jr) School,Toronto CDSB,toronto,Elementary,English,100.0,5.0,0.0,4427.8,100%,100%,79%,89%,84%,0.0,-21.0,10,140,Toronto,43.65534,-79.3777,False
St Michael's Choir (Jr) School,Toronto CDSB,toronto,Elementary,English,100.0,5.0,0.0,4427.8,100%,100%,79%,89%,84%,0.0,-21.0,10,140,Toronto,43.65534,-79.3777,False
St Monica Catholic School,Toronto CDSB,toronto,Elementary,English,88.0,20.0,0.0,4427.8,88%,92%,67%,69%,54%,-4.0,9.0,10,340,Toronto,43.70996,-79.3976,False
St Monica Catholic School,Toronto CDSB,toronto,Elementary,English,88.0,20.0,0.0,4427.8,88%,92%,67%,69%,54%,-4.0,9.0,10,340,Toronto,43.70996,-79.3976,False
St Nicholas Catholic School,Toronto CDSB,toronto,Elementary,English,93.0,10.0,5.0,4427.8,93%,89%,41%,76%,46%,7.0,12.0,10,380,Toronto,43.69132,-79.2982,False
St Nicholas Catholic School,Toronto CDSB,toronto,Elementary,English,93.0,10.0,5.0,4427.8,93%,89%,41%,76%,46%,7.0,12.0,10,380,Toronto,43.69132,-79.2982,False
St Nicholas of Bari Catholic School,Toronto CDSB,toronto,Elementary,English,76.0,10.0,20.0,4427.8,76%,76%,38%,64%,48%,4.0,12.0,15,495,Toronto,43.68328,-79.4607,False
St Nicholas of Bari Catholic School,Toronto CDSB,toronto,Elementary,English,76.0,10.0,20.0,4427.8,76%,76%,38%,64%,48%,4.0,12.0,15,495,Toronto,43.68328,-79.4607,False
St Norbert Catholic School,Toronto CDSB,toronto,Elementary,English,78.0,10.0,5.0,4427.8,78%,89%,41%,77%,68%,-2.0,3.0,5,335,Toronto,43.73457,-79.4643,False
St Norbert Catholic School,Toronto CDSB,toronto,Elementary,English,78.0,10.0,5.0,4427.8,78%,89%,41%,77%,68%,-2.0,3.0,5,335,Toronto,43.73457,-79.4643,False
St Paschal Baylon Catholic School,Toronto CDSB,toronto,Elementary,English,88.0,12.0,3.0,4427.8,88%,90%,56%,85%,65%,4.0,16.0,13,730,Toronto,43.79192,-79.4316,False
St Paschal Baylon Catholic School,Toronto CDSB,toronto,Elementary,English,88.0,12.0,3.0,4427.8,88%,90%,56%,85%,65%,4.0,16.0,13,730,Toronto,43.79192,-79.4316,False
St Paul Catholic School,Toronto CDSB,toronto,Elementary,English,89.0,25.0,15.0,4427.8,89%,85%,26%,55%,76%,0.0,-30.0,10,235,Toronto,43.65571,-79.3613,False
St Paul Catholic School,Toronto CDSB,toronto,Elementary,English,89.0,25.0,15.0,4427.8,89%,85%,26%,55%,76%,0.0,-30.0,10,235,Toronto,43.65571,-79.3613,False
St Paul VI Catholic School,Toronto CDSB,toronto,Elementary,English,92.0,10.0,10.0,4427.8,92%,88%,38%,69%,38%,5.0,-26.0,20,250,Toronto,43.67432,-79.4575,False
St Paul VI Catholic School,Toronto CDSB,toronto,Elementary,English,92.0,10.0,10.0,4427.8,92%,88%,38%,69%,38%,5.0,-26.0,20,250,Toronto,43.67432,-79.4575,False
St Pius X Catholic School,Toronto CDSB,toronto,Elementary,English,90.0,10.0,0.0,4427.8,90%,88%,62%,90%,87%,-4.0,-7.0,10,355,Toronto,43.6511,-79.485,False
St Pius X Catholic School,Toronto CDSB,toronto,Elementary,English,90.0,10.0,0.0,4427.8,90%,88%,62%,90%,87%,-4.0,-7.0,10,355,Toronto,43.6511,-79.485,False
St Raphael Catholic School,Toronto CDSB,toronto,Elementary,English,87.0,12.0,9.0,4427.8,87%,85%,40%,81%,56%,11.0,8.0,14,515,Toronto,43.72871,-79.489,False
St Raphael Catholic School,Toronto CDSB,toronto,Elementary,English,87.0,12.0,9.0,4427.8,87%,85%,40%,81%,56%,11.0,8.0,14,515,Toronto,43.72871,-79.489,False
St Richard Catholic School,Toronto CDSB,toronto,Elementary,English,86.0,15.0,10.0,4427.8,86%,86%,44%,59%,41%,-10.0,-17.0,20,385,Toronto,43.76839,-79.2397,False
St Richard Catholic School,Toronto CDSB,toronto,Elementary,English,86.0,15.0,10.0,4427.8,86%,86%,44%,59%,41%,-10.0,-17.0,20,385,Toronto,43.76839,-79.2397,False
St Robert Catholic School,Toronto CDSB,toronto,Elementary,English,87.0,10.0,3.0,4427.8,87%,90%,63%,65%,52%,8.0,29.0,8,665,NORTH YORK,43.74957,-79.4443,False
St Robert Catholic School,Toronto CDSB,toronto,Elementary,English,87.0,10.0,3.0,4427.8,87%,90%,63%,65%,52%,8.0,29.0,8,665,NORTH YORK,43.74957,-79.4443,False
St Roch Catholic School,Toronto CDSB,toronto,Elementary,English,77.0,15.0,10.0,4427.8,77%,77%,26%,82%,64%,0.0,-22.0,20,355,Toronto,43.75397,-79.5661,False
St Roch Catholic School,Toronto CDSB,toronto,Elementary,English,77.0,15.0,10.0,4427.8,77%,77%,26%,82%,64%,0.0,-22.0,20,355,Toronto,43.75397,-79.5661,False
St Rose of Lima Catholic School,Toronto CDSB,toronto,Elementary,English,86.0,15.0,5.0,4427.8,86%,76%,43%,72%,50%,-3.0,3.0,20,400,Toronto,43.75712,-79.2407,False
St Rose of Lima Catholic School,Toronto CDSB,toronto,Elementary,English,86.0,15.0,5.0,4427.8,86%,76%,43%,72%,50%,-3.0,3.0,20,400,Toronto,43.75712,-79.2407,False
St Sebastian Catholic School,Toronto CDSB,toronto,Elementary,English,100.0,10.0,5.0,4427.8,100%,100%,78%,100%,100%,19.0,13.0,30,220,Toronto,43.66283,-79.4398,False
St Sebastian Catholic School,Toronto CDSB,toronto,Elementary,English,100.0,10.0,5.0,4427.8,100%,100%,78%,100%,100%,19.0,13.0,30,220,Toronto,43.66283,-79.4398,False
St Simon Catholic School,Toronto CDSB,toronto,Elementary,English,83.0,11.0,6.0,4427.8,83%,83%,46%,88%,63%,-6.0,7.0,11,510,North York,43.71961,-79.5359,False
St Simon Catholic School,Toronto CDSB,toronto,Elementary,English,83.0,11.0,6.0,4427.8,83%,83%,46%,88%,63%,-6.0,7.0,11,510,North York,43.71961,-79.5359,False
St Stephen Catholic School,Toronto CDSB,toronto,Elementary,English,69.0,15.0,10.0,4427.8,69%,81%,27%,67%,30%,-9.0,-2.0,20,305,Toronto,43.72199,-79.5544,False
St Stephen Catholic School,Toronto CDSB,toronto,Elementary,English,69.0,15.0,10.0,4427.8,69%,81%,27%,67%,30%,-9.0,-2.0,20,305,Toronto,43.72199,-79.5544,False
St Sylvester Catholic School,Toronto CDSB,toronto,Elementary,English,100.0,10.0,10.0,4427.8,100%,90%,90%,87%,93%,0.0,-10.0,10,135,Toronto,43.80559,-79.3021,False
St Sylvester Catholic School,Toronto CDSB,toronto,Elementary,English,100.0,10.0,10.0,4427.8,100%,90%,90%,87%,93%,0.0,-10.0,10,135,Toronto,43.80559,-79.3021,False
St Theresa Shrine Catholic School,Toronto CDSB,toronto,Elementary,English,92.0,10.0,5.0,4427.8,92%,96%,44%,83%,70%,13.0,7.0,10,225,Toronto,43.71558,-79.2424,False
St Theresa Shrine Catholic School,Toronto CDSB,toronto,Elementary,English,92.0,10.0,5.0,4427.8,92%,96%,44%,83%,70%,13.0,7.0,10,225,Toronto,43.71558,-79.2424,False
St Thomas Aquinas Catholic School,Toronto CDSB,toronto,Elementary,English,78.0,10.0,10.0,4427.8,78%,76%,41%,84%,77%,-9.0,15.0,10,405,Toronto,43.69591,-79.4451,False
St Thomas Aquinas Catholic School,Toronto CDSB,toronto,Elementary,English,78.0,10.0,10.0,4427.8,78%,76%,41%,84%,77%,-9.0,15.0,10,405,Toronto,43.69591,-79.4451,False
St Thomas More Catholic School,Toronto CDSB,toronto,Elementary,English,89.0,15.0,10.0,4427.8,89%,89%,48%,88%,52%,-3.0,2.0,15,270,Toronto,43.77841,-79.2251,False
St Thomas More Catholic School,Toronto CDSB,toronto,Elementary,English,89.0,15.0,10.0,4427.8,89%,89%,48%,88%,52%,-3.0,2.0,15,270,Toronto,43.77841,-79.2251,False
St Timothy Catholic School,Toronto CDSB,toronto,Elementary,English,89.0,19.0,5.0,4427.8,89%,94%,46%,73%,56%,1.0,4.0,11,595,Toronto,43.77453,-79.3508,False
St Timothy Catholic School,Toronto CDSB,toronto,Elementary,English,89.0,19.0,5.0,4427.8,89%,94%,46%,73%,56%,1.0,4.0,11,595,Toronto,43.77453,-79.3508,False
St Ursula Catholic School,Toronto CDSB,toronto,Elementary,English,79.0,5.0,0.0,4427.8,79%,83%,33%,100%,66%,-12.0,-22.0,10,220,Toronto,43.74982,-79.1997,False
St Ursula Catholic School,Toronto CDSB,toronto,Elementary,English,79.0,5.0,0.0,4427.8,79%,83%,33%,100%,66%,-12.0,-22.0,10,220,Toronto,43.74982,-79.1997,False
St Victor Catholic School,Toronto CDSB,toronto,Elementary,English,96.0,15.0,5.0,4427.8,96%,96%,62%,60%,53%,17.0,17.0,15,335,Toronto,43.76907,-79.2591,False
St Victor Catholic School,Toronto CDSB,toronto,Elementary,English,96.0,15.0,5.0,4427.8,96%,96%,62%,60%,53%,17.0,17.0,15,335,Toronto,43.76907,-79.2591,False
St Vincent de Paul Catholic School,Toronto CDSB,toronto,Elementary,English,94.0,5.0,0.0,4427.8,94%,91%,56%,100%,92%,-6.0,13.0,15,265,Toronto,43.64668,-79.4478,False
St Vincent de Paul Catholic School,Toronto CDSB,toronto,Elementary,English,94.0,5.0,0.0,4427.8,94%,91%,56%,100%,92%,-6.0,13.0,15,265,Toronto,43.64668,-79.4478,False
St Wilfrid Catholic School,Toronto CDSB,toronto,Elementary,English,71.0,16.0,11.0,4427.8,71%,75%,24%,82%,60%,-13.0,-21.0,12,600,Toronto,43.7601,-79.5025,False
St Wilfrid Catholic School,Toronto CDSB,toronto,Elementary,English,71.0,16.0,11.0,4427.8,71%,75%,24%,82%,60%,-13.0,-21.0,12,600,Toronto,43.7601,-79.5025,False
St. Margherita of Cittá di Castello Catholic School,Toronto CDSB,toronto,Elementary,English,89.0,10.0,10.0,4427.8,89%,89%,43%,80%,57%,14.0,35.0,30,295,Toronto,43.74319,-79.5077,False
St. Margherita of Cittá di Castello Catholic School,Toronto CDSB,toronto,Elementary,English,89.0,10.0,10.0,4427.8,89%,89%,43%,80%,57%,14.0,35.0,30,295,Toronto,43.74319,-79.5077,False
Stella Maris Catholic School,Toronto CDSB,toronto,Elementary,English,87.0,5.0,10.0,4427.8,87%,100%,53%,83%,44%,13.0,11.0,25,250,Toronto,43.67974,-79.4445,False
Stella Maris Catholic School,Toronto CDSB,toronto,Elementary,English,87.0,5.0,10.0,4427.8,87%,100%,53%,83%,44%,13.0,11.0,25,250,Toronto,43.67974,-79.4445,False
Sts Cosmas and Damian Catholic School,Toronto CDSB,toronto,Elementary,English,89.0,10.0,0.0,4427.8,89%,94%,47%,82%,69%,-7.0,-5.0,10,425,Toronto,43.70672,-79.4445,False
Sts Cosmas and Damian Catholic School,Toronto CDSB,toronto,Elementary,English,89.0,10.0,0.0,4427.8,89%,94%,47%,82%,69%,-7.0,-5.0,10,425,Toronto,43.70672,-79.4445,False
The Holy Trinity Catholic School,Toronto CDSB,toronto,Elementary,English,91.0,10.0,3.0,4427.8,91%,94%,84%,78%,73%,3.0,32.0,15,575,Toronto,43.59763,-79.517,False
The Holy Trinity Catholic School,Toronto CDSB,toronto,Elementary,English,91.0,10.0,3.0,4427.8,91%,94%,84%,78%,73%,3.0,32.0,15,575,Toronto,43.59763,-79.517,False
Transfiguration of our Lord Catholic School,Toronto CDSB,toronto,Elementary,English,93.0,10.0,5.0,4427.8,93%,91%,49%,73%,60%,1.0,4.0,5,395,Toronto,43.69182,-79.563,False
Transfiguration of our Lord Catholic School,Toronto CDSB,toronto,Elementary,English,93.0,10.0,5.0,4427.8,93%,91%,49%,73%,60%,1.0,4.0,5,395,Toronto,43.69182,-79.563,False
Venerable John Merlini Catholic School,Toronto CDSB,toronto,Elementary,English,76.0,10.0,10.0,4427.8,76%,79%,59%,73%,45%,-20.0,-2.0,20,265,Toronto,43.75691,-79.5798,False
Venerable John Merlini Catholic School,Toronto CDSB,toronto,Elementary,English,76.0,10.0,10.0,4427.8,76%,79%,59%,73%,45%,-20.0,-2.0,20,265,Toronto,43.75691,-79.5798,False
Adam Beck Junior Public School,Toronto DSB,toronto,Elementary,English,90.0,0.0,0.0,4427.8,90%,90%,50%,77%,59%,2.0,-7.0,5,470,Toronto,43.68315,-79.2885,False
Adam Beck Junior Public School,Toronto DSB,toronto,Elementary,English,90.0,0.0,0.0,4427.8,90%,90%,50%,77%,59%,2.0,-7.0,5,470,Toronto,43.68315,-79.2885,False
Africentric Alternative School,Toronto DSB,toronto,Elementary,English,81.0,15.0,10.0,4427.8,81%,69%,6%,N/R,N/R,-9.0,-24.0,5,105,Toronto,43.74443,-79.4883,False
Africentric Alternative School,Toronto DSB,toronto,Elementary,English,81.0,15.0,10.0,4427.8,81%,69%,6%,N/R,N/R,-9.0,-24.0,5,105,Toronto,43.74443,-79.4883,False
Agincourt Junior Public School,Toronto DSB,toronto,Elementary,English,93.0,15.0,5.0,4427.8,93%,89%,63%,75%,79%,-1.0,-31.0,10,190,Toronto,43.78823,-79.281,False
Agincourt Junior Public School,Toronto DSB,toronto,Elementary,English,93.0,15.0,5.0,4427.8,93%,89%,63%,75%,79%,-1.0,-31.0,10,190,Toronto,43.78823,-79.281,False
Agnes Macphail Public School,Toronto DSB,toronto,Elementary,English,85.0,10.0,20.0,4427.8,85%,90%,50%,76%,58%,-15.0,-32.0,5,255,Scarborough,43.81926,-79.2784,False
Agnes Macphail Public School,Toronto DSB,toronto,Elementary,English,85.0,10.0,20.0,4427.8,85%,90%,50%,76%,58%,-15.0,-32.0,5,255,Scarborough,43.81926,-79.2784,False
Albion Heights Junior Middle School,Toronto DSB,toronto,Elementary,English,74.0,10.0,10.0,4427.8,74%,69%,38%,71%,40%,-5.0,-2.0,20,420,Etobicoke,43.73138,-79.5943,False
Albion Heights Junior Middle School,Toronto DSB,toronto,Elementary,English,74.0,10.0,10.0,4427.8,74%,69%,38%,71%,40%,-5.0,-2.0,20,420,Etobicoke,43.73138,-79.5943,False
Alexander Muir/Gladstone Ave Junior and Senior Public School,Toronto DSB,toronto,Elementary,English,93.0,9.0,8.0,4427.8,93%,93%,71%,79%,58%,8.0,41.0,15,525,Toronto,43.64578,-79.4287,False
Alexander Muir/Gladstone Ave Junior and Senior Public School,Toronto DSB,toronto,Elementary,English,93.0,9.0,8.0,4427.8,93%,93%,71%,79%,58%,8.0,41.0,15,525,Toronto,43.64578,-79.4287,False
Alexander Stirling Public School,Toronto DSB,toronto,Elementary,English,96.0,15.0,10.0,4427.8,96%,100%,57%,15%,23%,11.0,42.0,20,305,Scarborough,43.81165,-79.2076,False
Alexander Stirling Public School,Toronto DSB,toronto,Elementary,English,96.0,15.0,10.0,4427.8,96%,100%,57%,15%,23%,11.0,42.0,20,305,Scarborough,43.81165,-79.2076,False
Alexmuir Junior Public School,Toronto DSB,toronto,Elementary,English,82.0,5.0,20.0,4427.8,82%,64%,56%,89%,95%,-10.0,-8.0,5,285,Scarborough,43.8091,-79.2856,False
Alexmuir Junior Public School,Toronto DSB,toronto,Elementary,English,82.0,5.0,20.0,4427.8,82%,64%,56%,89%,95%,-10.0,-8.0,5,285,Scarborough,43.8091,-79.2856,False
Allenby Junior Public School,Toronto DSB,toronto,Elementary,English,99.0,6.0,0.0,4427.8,99%,97%,86%,81%,80%,4.0,11.0,3,645,Toronto,43.70943,-79.4128,False
Allenby Junior Public School,Toronto DSB,toronto,Elementary,English,99.0,6.0,0.0,4427.8,99%,97%,86%,81%,80%,4.0,11.0,3,645,Toronto,43.70943,-79.4128,False
Alvin Curling Public School,Toronto DSB,toronto,Elementary,English,92.0,5.0,10.0,4427.8,92%,84%,75%,74%,63%,-8.0,2.0,15,460,Scarborough,43.80812,-79.1905,False
Alvin Curling Public School,Toronto DSB,toronto,Elementary,English,92.0,5.0,10.0,4427.8,92%,84%,75%,74%,63%,-8.0,2.0,15,460,Scarborough,43.80812,-79.1905,False
Amesbury Middle School,Toronto DSB,toronto,Elementary,English,67.0,20.0,20.0,4427.8,67%,70%,24%,,,-10.0,-4.0,25,250,North York,43.70829,-79.4931,False
Amesbury Middle School,Toronto DSB,toronto,Elementary,English,67.0,20.0,20.0,4427.8,67%,70%,24%,,,-10.0,-4.0,25,250,North York,43.70829,-79.4931,False
Annette Street Junior and Senior Public School,Toronto DSB,toronto,Elementary,English,76.0,6.0,1.0,4427.8,76%,74%,39%,86%,73%,-6.0,-4.0,15,515,Toronto,43.66142,-79.4728,False
Annette Street Junior and Senior Public School,Toronto DSB,toronto,Elementary,English,76.0,6.0,1.0,4427.8,76%,74%,39%,86%,73%,-6.0,-4.0,15,515,Toronto,43.66142,-79.4728,False
Anson Park Public School,Toronto DSB,toronto,Elementary,English,77.0,10.0,0.0,4427.8,77%,88%,46%,75%,67%,-11.0,-1.0,15,240,Scarborough,43.72612,-79.241,False
Anson Park Public School,Toronto DSB,toronto,Elementary,English,77.0,10.0,0.0,4427.8,77%,88%,46%,75%,67%,-11.0,-1.0,15,240,Scarborough,43.72612,-79.241,False
Anson S Taylor Junior Public School,Toronto DSB,toronto,Elementary,English,74.0,15.0,15.0,4427.8,74%,84%,53%,85%,85%,-19.0,0.0,10,160,Scarborough,43.80428,-79.2616,False
Anson S Taylor Junior Public School,Toronto DSB,toronto,Elementary,English,74.0,15.0,15.0,4427.8,74%,84%,53%,85%,85%,-19.0,0.0,10,160,Scarborough,43.80428,-79.2616,False
Armour Heights Public School,Toronto DSB,toronto,Elementary,English,85.0,5.0,0.0,4427.8,85%,85%,85%,67%,63%,-4.0,53.0,15,255,North York,43.7409,-79.4195,False
Armour Heights Public School,Toronto DSB,toronto,Elementary,English,85.0,5.0,0.0,4427.8,85%,85%,85%,67%,63%,-4.0,53.0,15,255,North York,43.7409,-79.4195,False
Avondale Alternative Elementary School,Toronto DSB,toronto,Elementary,English,100.0,10.0,0.0,4427.8,100%,100%,100%,93%,100%,0.0,25.0,5,150,North York,43.75967,-79.4002,False
Avondale Alternative Elementary School,Toronto DSB,toronto,Elementary,English,100.0,10.0,0.0,4427.8,100%,100%,100%,93%,100%,0.0,25.0,5,150,North York,43.75967,-79.4002,False
Avondale Public School,Toronto DSB,toronto,Elementary,English,79.0,19.0,1.0,4427.8,79%,90%,71%,84%,76%,-16.0,-4.0,5,900,North York,43.75967,-79.4002,False
Avondale Public School,Toronto DSB,toronto,Elementary,English,79.0,19.0,1.0,4427.8,79%,90%,71%,84%,76%,-16.0,-4.0,5,900,North York,43.75967,-79.4002,False
Balmy Beach Community School,Toronto DSB,toronto,Elementary,English,100.0,5.0,0.0,4427.8,100%,100%,70%,90%,86%,4.0,-1.0,10,410,Toronto,43.67643,-79.2898,False
Balmy Beach Community School,Toronto DSB,toronto,Elementary,English,100.0,5.0,0.0,4427.8,100%,100%,70%,90%,86%,4.0,-1.0,10,410,Toronto,43.67643,-79.2898,False
Banting and Best Public School,Toronto DSB,toronto,Elementary,English,83.0,20.0,20.0,4427.8,83%,89%,70%,70%,72%,10.0,20.0,10,310,Scarborough,43.82651,-79.2798,False
Banting and Best Public School,Toronto DSB,toronto,Elementary,English,83.0,20.0,20.0,4427.8,83%,89%,70%,70%,72%,10.0,20.0,10,310,Scarborough,43.82651,-79.2798,False
Baycrest Public School,Toronto DSB,toronto,Elementary,English,55.0,10.0,10.0,4427.8,55%,60%,5%,42%,21%,-45.0,-24.0,15,275,North York,43.72893,-79.44173,True
Baycrest Public School,Toronto DSB,toronto,Elementary,English,55.0,10.0,10.0,4427.8,55%,60%,5%,42%,21%,-45.0,-24.0,15,275,North York,43.72893,-79.44173,True
Bayview Middle School,Toronto DSB,toronto,Elementary,English,88.0,15.0,0.0,4427.8,88%,86%,63%,,,-4.0,-4.0,15,455,North York,43.77619,-79.3852,False
Bayview Middle School,Toronto DSB,toronto,Elementary,English,88.0,15.0,0.0,4427.8,88%,86%,63%,,,-4.0,-4.0,15,455,North York,43.77619,-79.3852,False
Beaumonde Heights Junior Middle School,Toronto DSB,toronto,Elementary,English,78.0,15.0,10.0,4427.8,78%,78%,27%,60%,55%,-5.0,-12.0,10,500,Etobicoke,43.74258,-79.5746,False
Beaumonde Heights Junior Middle School,Toronto DSB,toronto,Elementary,English,78.0,15.0,10.0,4427.8,78%,78%,27%,60%,55%,-5.0,-12.0,10,500,Etobicoke,43.74258,-79.5746,False
Bedford Park Public School,Toronto DSB,toronto,Elementary,English,100.0,5.0,0.0,4427.8,100%,98%,82%,89%,86%,3.0,0.0,7,620,Toronto,43.72785,-79.4,False
Bedford Park Public School,Toronto DSB,toronto,Elementary,English,100.0,5.0,0.0,4427.8,100%,98%,82%,89%,86%,3.0,0.0,7,620,Toronto,43.72785,-79.4,False
Bellmere Junior Public School,Toronto DSB,toronto,Elementary,English,85.0,20.0,5.0,4427.8,85%,88%,44%,58%,66%,-1.0,-9.0,10,330,Scarborough,43.77196,-79.2351,False
Bellmere Junior Public School,Toronto DSB,toronto,Elementary,English,85.0,20.0,5.0,4427.8,85%,88%,44%,58%,66%,-1.0,-9.0,10,330,Scarborough,43.77196,-79.2351,False
Bendale Junior Public School,Toronto DSB,toronto,Elementary,English,97.0,10.0,0.0,4427.8,97%,97%,76%,67%,48%,12.0,13.0,10,370,Scarborough,43.76256,-79.2449,False
Bendale Junior Public School,Toronto DSB,toronto,Elementary,English,97.0,10.0,0.0,4427.8,97%,97%,76%,67%,48%,12.0,13.0,10,370,Scarborough,43.76256,-79.2449,False
Berner Trail Junior Public School,Toronto DSB,toronto,Elementary,English,94.0,10.0,15.0,4427.8,94%,87%,71%,75%,56%,15.0,29.0,0,295,Toronto,43.80156,-79.2211,False
Berner Trail Junior Public School,Toronto DSB,toronto,Elementary,English,94.0,10.0,15.0,4427.8,94%,87%,71%,75%,56%,15.0,29.0,0,295,Toronto,43.80156,-79.2211,False
Bessborough Drive Elementary and Middle School,Toronto DSB,toronto,Elementary,English,97.0,5.0,0.0,4427.8,97%,95%,92%,89%,95%,3.0,9.0,15,475,East York,43.70721,-79.3701,False
Bessborough Drive Elementary and Middle School,Toronto DSB,toronto,Elementary,English,97.0,5.0,0.0,4427.8,97%,95%,92%,89%,95%,3.0,9.0,15,475,East York,43.70721,-79.3701,False
Beverley Heights Middle School,Toronto DSB,toronto,Elementary,English,64.0,20.0,20.0,4427.8,64%,67%,25%,,,-9.0,2.0,20,400,North York,43.73302,-79.5048,False
Beverley Heights Middle School,Toronto DSB,toronto,Elementary,English,64.0,20.0,20.0,4427.8,64%,67%,25%,,,-9.0,2.0,20,400,North York,43.73302,-79.5048,False
Beverly Glen Junior Public School,Toronto DSB,toronto,Elementary,English,87.0,10.0,5.0,4427.8,87%,82%,55%,82%,43%,-11.0,-22.0,10,350,Scarborough,43.79865,-79.3231,False
Beverly Glen Junior Public School,Toronto DSB,toronto,Elementary,English,87.0,10.0,5.0,4427.8,87%,82%,55%,82%,43%,-11.0,-22.0,10,350,Scarborough,43.79865,-79.3231,False
Birch Cliff Heights Public School,Toronto DSB,toronto,Elementary,English,81.0,5.0,0.0,4427.8,81%,73%,52%,68%,45%,-4.0,22.0,10,360,Toronto,43.70173,-79.2598,False
Birch Cliff Heights Public School,Toronto DSB,toronto,Elementary,English,81.0,5.0,0.0,4427.8,81%,73%,52%,68%,45%,-4.0,22.0,10,360,Toronto,43.70173,-79.2598,False
Birch Cliff Public School,Toronto DSB,toronto,Elementary,English,85.0,10.0,5.0,4427.8,85%,90%,40%,71%,54%,0.0,-10.0,5,470,Scarborough,43.69198,-79.2656,False
Birch Cliff Public School,Toronto DSB,toronto,Elementary,English,85.0,10.0,5.0,4427.8,85%,90%,40%,71%,54%,0.0,-10.0,5,470,Scarborough,43.69198,-79.2656,False
Blake Street Junior Public School,Toronto DSB,toronto,Elementary,English,93.0,10.0,10.0,4427.8,93%,84%,55%,54%,44%,6.0,2.0,15,355,Toronto,43.6718,-79.3385,False
Blake Street Junior Public School,Toronto DSB,toronto,Elementary,English,93.0,10.0,10.0,4427.8,93%,84%,55%,54%,44%,6.0,2.0,15,355,Toronto,43.6718,-79.3385,False
Blantyre Public School,Toronto DSB,toronto,Elementary,English,93.0,5.0,0.0,4427.8,93%,85%,59%,82%,70%,1.0,2.0,10,360,Scarborough,43.68509,-79.2839,False
Blantyre Public School,Toronto DSB,toronto,Elementary,English,93.0,5.0,0.0,4427.8,93%,85%,59%,82%,70%,1.0,2.0,10,360,Scarborough,43.68509,-79.2839,False
Bloordale Middle School,Toronto DSB,toronto,Elementary,English,87.0,5.0,0.0,4427.8,87%,85%,53%,,,8.0,12.0,20,435,Etobicoke,43.63914,-79.5719,False
Bloordale Middle School,Toronto DSB,toronto,Elementary,English,87.0,5.0,0.0,4427.8,87%,85%,53%,,,8.0,12.0,20,435,Etobicoke,43.63914,-79.5719,False
Bloorlea Middle School,Toronto DSB,toronto,Elementary,English,84.0,10.0,5.0,4427.8,84%,83%,62%,,,1.0,-2.0,20,275,Etobicoke,43.63775,-79.555,False
Bloorlea Middle School,Toronto DSB,toronto,Elementary,English,84.0,10.0,5.0,4427.8,84%,83%,62%,,,1.0,-2.0,20,275,Etobicoke,43.63775,-79.555,False
Blythwood Junior Public School,Toronto DSB,toronto,Elementary,English,100.0,10.0,0.0,4427.8,100%,97%,80%,97%,92%,0.0,-18.0,5,295,Toronto,43.71993,-79.3895,False
Blythwood Junior Public School,Toronto DSB,toronto,Elementary,English,100.0,10.0,0.0,4427.8,100%,97%,80%,97%,92%,0.0,-18.0,5,295,Toronto,43.71993,-79.3895,False
Bowmore Road Junior and Senior Public School,Toronto DSB,toronto,Elementary,English,77.0,6.0,3.0,4427.8,77%,75%,50%,37%,51%,-15.0,-15.0,11,1015,Toronto,43.67678,-79.3149,False
Bowmore Road Junior and Senior Public School,Toronto DSB,toronto,Elementary,English,77.0,6.0,3.0,4427.8,77%,75%,50%,37%,51%,-15.0,-15.0,11,1015,Toronto,43.67678,-79.3149,False
Bridlewood Junior Public School,Toronto DSB,toronto,Elementary,English,95.0,0.0,5.0,4427.8,95%,95%,83%,79%,65%,3.0,7.0,20,220,Scarborough,43.78079,-79.3151,False
Bridlewood Junior Public School,Toronto DSB,toronto,Elementary,English,95.0,0.0,5.0,4427.8,95%,95%,83%,79%,65%,3.0,7.0,20,220,Scarborough,43.78079,-79.3151,False
Brimwood Boulevard Junior Public School,Toronto DSB,toronto,Elementary,English,64.0,10.0,15.0,4427.8,64%,64%,38%,50%,39%,-30.0,-14.0,10,310,Scarborough,43.81171,-79.2738,False
Brimwood Boulevard Junior Public School,Toronto DSB,toronto,Elementary,English,64.0,10.0,15.0,4427.8,64%,64%,38%,50%,39%,-30.0,-14.0,10,310,Scarborough,43.81171,-79.2738,False
Brock Public School,Toronto DSB,toronto,Elementary,English,95.0,5.0,10.0,4427.8,95%,89%,58%,87%,83%,-5.0,-23.0,10,295,Toronto,43.65304,-79.4378,False
Brock Public School,Toronto DSB,toronto,Elementary,English,95.0,5.0,10.0,4427.8,95%,89%,58%,87%,83%,-5.0,-23.0,10,295,Toronto,43.65304,-79.4378,False
Brookmill Boulevard Junior Public School,Toronto DSB,toronto,Elementary,English,84.0,10.0,10.0,4427.8,84%,82%,58%,83%,69%,-11.0,-21.0,15,235,Scarborough,43.80121,-79.3149,False
Brookmill Boulevard Junior Public School,Toronto DSB,toronto,Elementary,English,84.0,10.0,10.0,4427.8,84%,82%,58%,83%,69%,-11.0,-21.0,15,235,Scarborough,43.80121,-79.3149,False
Brookside Public School,Toronto DSB,toronto,Elementary,English,92.0,6.0,10.0,4427.8,92%,89%,64%,80%,75%,3.0,6.0,7,600,Scarborough,43.82784,-79.2345,False
Brookside Public School,Toronto DSB,toronto,Elementary,English,92.0,6.0,10.0,4427.8,92%,89%,64%,80%,75%,3.0,6.0,7,600,Scarborough,43.82784,-79.2345,False
Brookview Middle School,Toronto DSB,toronto,Elementary,English,61.0,20.0,25.0,4427.8,61%,65%,21%,,,1.0,5.0,25,465,North York,43.76745,-79.5172,False
Brookview Middle School,Toronto DSB,toronto,Elementary,English,61.0,20.0,25.0,4427.8,61%,65%,21%,,,1.0,5.0,25,465,North York,43.76745,-79.5172,False
Brown Junior Public School,Toronto DSB,toronto,Elementary,English,91.0,15.0,0.0,4427.8,91%,93%,65%,72%,67%,5.0,4.0,5,440,Toronto,43.68491,-79.4013,False
Brown Junior Public School,Toronto DSB,toronto,Elementary,English,91.0,15.0,0.0,4427.8,91%,93%,65%,72%,67%,5.0,4.0,5,440,Toronto,43.68491,-79.4013,False
Bruce Public School,Toronto DSB,toronto,Elementary,English,87.0,10.0,10.0,4427.8,87%,87%,62%,68%,57%,-7.0,12.0,15,265,Toronto,43.66103,-79.3333,False
Bruce Public School,Toronto DSB,toronto,Elementary,English,87.0,10.0,10.0,4427.8,87%,87%,62%,68%,57%,-7.0,12.0,15,265,Toronto,43.66103,-79.3333,False
Buchanan Public School,Toronto DSB,toronto,Elementary,English,50.0,10.0,10.0,4427.8,50%,47%,33%,48%,52%,-21.0,4.0,20,280,Scarborough,43.75144,-79.2998,True
Buchanan Public School,Toronto DSB,toronto,Elementary,English,50.0,10.0,10.0,4427.8,50%,47%,33%,48%,52%,-21.0,4.0,20,280,Scarborough,43.75144,-79.2998,True
Burrows Hall Junior Public School,Toronto DSB,toronto,Elementary,English,89.0,15.0,10.0,4427.8,89%,93%,54%,91%,84%,-5.0,-15.0,15,255,Scarborough,43.79269,-79.2288,False
Burrows Hall Junior Public School,Toronto DSB,toronto,Elementary,English,89.0,15.0,10.0,4427.8,89%,93%,54%,91%,84%,-5.0,-15.0,15,255,Scarborough,43.79269,-79.2288,False
C D Farquharson Junior Public School,Toronto DSB,toronto,Elementary,English,82.0,10.0,0.0,4427.8,82%,84%,68%,83%,80%,-15.0,-12.0,10,365,Scarborough,43.78446,-79.2661,False
C D Farquharson Junior Public School,Toronto DSB,toronto,Elementary,English,82.0,10.0,0.0,4427.8,82%,84%,68%,83%,80%,-15.0,-12.0,10,365,Scarborough,43.78446,-79.2661,False
C R Marchant Middle School,Toronto DSB,toronto,Elementary,English,72.0,20.0,10.0,4427.8,72%,70%,32%,,,-12.0,0.0,20,330,York,43.70172,-79.5129,False
C R Marchant Middle School,Toronto DSB,toronto,Elementary,English,72.0,20.0,10.0,4427.8,72%,70%,32%,,,-12.0,0.0,20,330,York,43.70172,-79.5129,False
Carleton Village Junior and Senior Public School,Toronto DSB,toronto,Elementary,English,72.0,12.0,11.0,4427.8,72%,69%,21%,45%,36%,2.0,17.0,17,525,Toronto,43.67235,-79.46,False
Carleton Village Junior and Senior Public School,Toronto DSB,toronto,Elementary,English,72.0,12.0,11.0,4427.8,72%,69%,21%,45%,36%,2.0,17.0,17,525,Toronto,43.67235,-79.46,False
Cedar Drive Junior Public School,Toronto DSB,toronto,Elementary,English,64.0,20.0,12.0,4427.8,64%,58%,28%,45%,31%,-13.0,-7.0,10,645,Scarborough,43.74658,-79.2148,False
Cedar Drive Junior Public School,Toronto DSB,toronto,Elementary,English,64.0,20.0,12.0,4427.8,64%,58%,28%,45%,31%,-13.0,-7.0,10,645,Scarborough,43.74658,-79.2148,False
Cedarbrook Public School,Toronto DSB,toronto,Elementary,English,90.0,10.0,0.0,4427.8,90%,95%,51%,66%,52%,9.0,9.0,5,385,Scarborough,43.74729,-79.2302,False
Cedarbrook Public School,Toronto DSB,toronto,Elementary,English,90.0,10.0,0.0,4427.8,90%,95%,51%,66%,52%,9.0,9.0,5,385,Scarborough,43.74729,-79.2302,False
Cedarvale Community School,Toronto DSB,toronto,Elementary,English,84.0,10.0,0.0,4427.8,84%,87%,77%,72%,59%,-16.0,8.0,10,280,York,43.69602,-79.4305,False
Cedarvale Community School,Toronto DSB,toronto,Elementary,English,84.0,10.0,0.0,4427.8,84%,87%,77%,72%,59%,-16.0,8.0,10,280,York,43.69602,-79.4305,False
Centennial Road Junior Public School,Toronto DSB,toronto,Elementary,English,95.0,0.0,0.0,4427.8,95%,87%,61%,84%,65%,9.0,-3.0,10,245,Scarborough,43.78695,-79.15,False
Centennial Road Junior Public School,Toronto DSB,toronto,Elementary,English,95.0,0.0,0.0,4427.8,95%,87%,61%,84%,65%,9.0,-3.0,10,245,Scarborough,43.78695,-79.15,False
Charles E Webster Public School,Toronto DSB,toronto,Elementary,English,63.0,15.0,5.0,4427.8,63%,63%,21%,60%,34%,-6.0,-10.0,20,425,York,43.69343,-79.4751,False
Charles E Webster Public School,Toronto DSB,toronto,Elementary,English,63.0,15.0,5.0,4427.8,63%,63%,21%,60%,34%,-6.0,-10.0,20,425,York,43.69343,-79.4751,False
Charles G Fraser Junior Public School,Toronto DSB,toronto,Elementary,English,95.0,10.0,10.0,4427.8,95%,95%,90%,88%,77%,18.0,28.0,20,225,Toronto,43.64852,-79.4095,False
Charles G Fraser Junior Public School,Toronto DSB,toronto,Elementary,English,95.0,10.0,10.0,4427.8,95%,95%,90%,88%,77%,18.0,28.0,20,225,Toronto,43.64852,-79.4095,False
Charles H Best Junior and Middle School,Toronto DSB,toronto,Elementary,English,53.0,10.0,5.0,4427.8,53%,59%,24%,,,-22.0,-16.0,25,370,North York,43.76744,-79.4586,True
Charles H Best Junior and Middle School,Toronto DSB,toronto,Elementary,English,53.0,10.0,5.0,4427.8,53%,59%,24%,,,-22.0,-16.0,25,370,North York,43.76744,-79.4586,True
Charlottetown Junior Public School,Toronto DSB,toronto,Elementary,English,90.0,0.0,0.0,4427.8,90%,90%,60%,74%,74%,3.0,0.0,5,375,Scarborough,43.78206,-79.1422,False
Charlottetown Junior Public School,Toronto DSB,toronto,Elementary,English,90.0,0.0,0.0,4427.8,90%,90%,60%,74%,74%,3.0,0.0,5,375,Scarborough,43.78206,-79.1422,False
Chartland Junior Public School,Toronto DSB,toronto,Elementary,English,83.0,10.0,10.0,4427.8,83%,75%,58%,84%,72%,-10.0,11.0,10,175,Scarborough,43.79976,-79.2787,False
Chartland Junior Public School,Toronto DSB,toronto,Elementary,English,83.0,10.0,10.0,4427.8,83%,75%,58%,84%,72%,-10.0,11.0,10,175,Scarborough,43.79976,-79.2787,False
Chester Le Junior Public School,Toronto DSB,toronto,Elementary,English,32.0,25.0,15.0,4427.8,32%,58%,26%,67%,42%,-28.0,6.0,15,145,Scarborough,43.79858,-79.3311,True
Chester Le Junior Public School,Toronto DSB,toronto,Elementary,English,32.0,25.0,15.0,4427.8,32%,58%,26%,67%,42%,-28.0,6.0,15,145,Scarborough,43.79858,-79.3311,True
Chief Dan George Public School,Toronto DSB,toronto,Elementary,English,73.0,10.0,0.0,4427.8,73%,63%,43%,42%,43%,-2.0,14.0,10,260,Scarborough,43.80271,-79.1638,False
Chief Dan George Public School,Toronto DSB,toronto,Elementary,English,73.0,10.0,0.0,4427.8,73%,63%,43%,42%,43%,-2.0,14.0,10,260,Scarborough,43.80271,-79.1638,False
Chine Drive Public School,Toronto DSB,toronto,Elementary,English,100.0,0.0,0.0,4427.8,100%,83%,91%,85%,69%,13.0,18.0,10,135,Scarborough,43.70998,-79.2418,False
Chine Drive Public School,Toronto DSB,toronto,Elementary,English,100.0,0.0,0.0,4427.8,100%,83%,91%,85%,69%,13.0,18.0,10,135,Scarborough,43.70998,-79.2418,False
Church Street Junior Public School,Toronto DSB,toronto,Elementary,English,65.0,25.0,0.0,4427.8,65%,65%,46%,70%,50%,-11.0,5.0,10,475,Toronto,43.6636,-79.3792,False
Church Street Junior Public School,Toronto DSB,toronto,Elementary,English,65.0,25.0,0.0,4427.8,65%,65%,46%,70%,50%,-11.0,5.0,10,475,Toronto,43.6636,-79.3792,False
Churchill Heights Public School,Toronto DSB,toronto,Elementary,English,94.0,10.0,10.0,4427.8,94%,96%,79%,73%,70%,2.0,-3.0,0,370,Scarborough,43.77305,-79.2245,False
Churchill Heights Public School,Toronto DSB,toronto,Elementary,English,94.0,10.0,10.0,4427.8,94%,96%,79%,73%,70%,2.0,-3.0,0,370,Scarborough,43.77305,-79.2245,False
Clairlea Public School,Toronto DSB,toronto,Elementary,English,68.0,9.0,3.0,4427.8,68%,74%,22%,52%,51%,-8.0,-9.0,10,530,Scarborough,43.71647,-79.2963,False
Clairlea Public School,Toronto DSB,toronto,Elementary,English,68.0,9.0,3.0,4427.8,68%,74%,22%,52%,51%,-8.0,-9.0,10,530,Scarborough,43.71647,-79.2963,False
Claude Watson School for the Arts,Toronto DSB,toronto,Elementary,English,98.0,10.0,0.0,4427.8,98%,98%,91%,,,-2.0,-5.0,10,285,North York,43.76568,-79.4094,False
Claude Watson School for the Arts,Toronto DSB,toronto,Elementary,English,98.0,10.0,0.0,4427.8,98%,98%,91%,,,-2.0,-5.0,10,285,North York,43.76568,-79.4094,False
Cliffside Public School,Toronto DSB,toronto,Elementary,English,85.0,15.0,10.0,4427.8,85%,67%,36%,10%,0%,20.0,-3.0,0,175,Scarborough,43.70488,-79.2504,False
Cliffside Public School,Toronto DSB,toronto,Elementary,English,85.0,15.0,10.0,4427.8,85%,67%,36%,10%,0%,20.0,-3.0,0,175,Scarborough,43.70488,-79.2504,False
Clinton Street Junior Public School,Toronto DSB,toronto,Elementary,English,85.0,10.0,0.0,4427.8,85%,83%,71%,81%,76%,-9.0,-2.0,20,320,Toronto,43.65764,-79.414,False
Clinton Street Junior Public School,Toronto DSB,toronto,Elementary,English,85.0,10.0,0.0,4427.8,85%,83%,71%,81%,76%,-9.0,-2.0,20,320,Toronto,43.65764,-79.414,False
Cordella Junior Public School,Toronto DSB,toronto,Elementary,English,57.0,15.0,25.0,4427.8,57%,64%,29%,N/R,N/R,-33.0,-21.0,30,120,York,43.67906,-79.4876,True
Cordella Junior Public School,Toronto DSB,toronto,Elementary,English,57.0,15.0,25.0,4427.8,57%,64%,29%,N/R,N/R,-33.0,-21.0,30,120,York,43.67906,-79.4876,True
Cornell Junior Public School,Toronto DSB,toronto,Elementary,English,90.0,21.0,14.0,4427.8,90%,89%,67%,69%,62%,11.0,16.0,8,665,Scarborough,43.75939,-79.218,False
Cornell Junior Public School,Toronto DSB,toronto,Elementary,English,90.0,21.0,14.0,4427.8,90%,89%,67%,69%,62%,11.0,16.0,8,665,Scarborough,43.75939,-79.218,False
Corvette Junior Public School,Toronto DSB,toronto,Elementary,English,68.0,17.0,15.0,4427.8,68%,68%,31%,53%,40%,-20.0,-15.0,9,595,Scarborough,43.72648,-79.2622,False
Corvette Junior Public School,Toronto DSB,toronto,Elementary,English,68.0,17.0,15.0,4427.8,68%,68%,31%,53%,40%,-20.0,-15.0,9,595,Scarborough,43.72648,-79.2622,False
Cosburn Middle School,Toronto DSB,toronto,Elementary,English,88.0,5.0,2.0,4427.8,88%,87%,55%,,,-2.0,8.0,24,515,East York,43.69419,-79.3309,False
Cosburn Middle School,Toronto DSB,toronto,Elementary,English,88.0,5.0,2.0,4427.8,88%,87%,55%,,,-2.0,8.0,24,515,East York,43.69419,-79.3309,False
Cottingham Junior Public School,Toronto DSB,toronto,Elementary,English,100.0,10.0,0.0,4427.8,100%,100%,100%,100%,87%,0.0,10.0,5,145,Toronto,43.68037,-79.3956,False
Cottingham Junior Public School,Toronto DSB,toronto,Elementary,English,100.0,10.0,0.0,4427.8,100%,100%,100%,100%,87%,0.0,10.0,5,145,Toronto,43.68037,-79.3956,False
Courcelette Public School,Toronto DSB,toronto,Elementary,English,100.0,0.0,0.0,4427.8,100%,97%,83%,94%,83%,6.0,19.0,5,265,Scarborough,43.67932,-79.2787,False
Courcelette Public School,Toronto DSB,toronto,Elementary,English,100.0,0.0,0.0,4427.8,100%,97%,83%,94%,83%,6.0,19.0,5,265,Scarborough,43.67932,-79.2787,False
Cummer Valley Middle School,Toronto DSB,toronto,Elementary,English,85.0,20.0,0.0,4427.8,85%,90%,66%,,,5.0,9.0,10,380,North York,43.7882,-79.4015,False
Cummer Valley Middle School,Toronto DSB,toronto,Elementary,English,85.0,20.0,0.0,4427.8,85%,90%,66%,,,5.0,9.0,10,380,North York,43.7882,-79.4015,False
D A Morrison Middle School,Toronto DSB,toronto,Elementary,English,85.0,10.0,5.0,4427.8,85%,88%,53%,,,-3.0,5.0,22,625,East York,43.69539,-79.3117,False
D A Morrison Middle School,Toronto DSB,toronto,Elementary,English,85.0,10.0,5.0,4427.8,85%,88%,53%,,,-3.0,5.0,22,625,East York,43.69539,-79.3117,False
Danforth Gardens Public School,Toronto DSB,toronto,Elementary,English,78.0,17.0,8.0,4427.8,78%,73%,35%,44%,39%,-1.0,-2.0,12,520,Scarborough,43.70845,-79.271,False
Danforth Gardens Public School,Toronto DSB,toronto,Elementary,English,78.0,17.0,8.0,4427.8,78%,73%,35%,44%,39%,-1.0,-2.0,12,520,Scarborough,43.70845,-79.271,False
David Lewis Public School,Toronto DSB,toronto,Elementary,English,91.0,10.0,10.0,4427.8,91%,88%,70%,79%,79%,-6.0,-16.0,5,350,Scarborough,43.80919,-79.3179,False
David Lewis Public School,Toronto DSB,toronto,Elementary,English,91.0,10.0,10.0,4427.8,91%,88%,70%,79%,79%,-6.0,-16.0,5,350,Scarborough,43.80919,-79.3179,False
Davisville Junior Public School,Toronto DSB,toronto,Elementary,English,93.0,12.0,1.0,4427.8,93%,93%,86%,62%,68%,-7.0,8.0,5,600,Toronto,43.69938,-79.3948,False
Davisville Junior Public School,Toronto DSB,toronto,Elementary,English,93.0,12.0,1.0,4427.8,93%,93%,86%,62%,68%,-7.0,8.0,5,600,Toronto,43.69938,-79.3948,False
Deer Park Junior and Senior Public School,Toronto DSB,toronto,Elementary,English,81.0,10.0,0.0,4427.8,81%,87%,60%,89%,89%,-9.0,-1.0,9,585,Toronto,43.68965,-79.3915,False
Deer Park Junior and Senior Public School,Toronto DSB,toronto,Elementary,English,81.0,10.0,0.0,4427.8,81%,87%,60%,89%,89%,-9.0,-1.0,9,585,Toronto,43.68965,-79.3915,False
Dennis Avenue Community School,Toronto DSB,toronto,Elementary,English,81.0,15.0,15.0,4427.8,81%,75%,31%,64%,57%,36.0,13.0,10,150,York,43.68441,-79.4873,False
Dennis Avenue Community School,Toronto DSB,toronto,Elementary,English,81.0,15.0,15.0,4427.8,81%,75%,31%,64%,57%,36.0,13.0,10,150,York,43.68441,-79.4873,False
Dewson Street Junior Public School,Toronto DSB,toronto,Elementary,English,98.0,5.0,5.0,4427.8,98%,95%,53%,N/R,42%,1.0,3.0,10,350,Toronto,43.65558,-79.4238,False
Dewson Street Junior Public School,Toronto DSB,toronto,Elementary,English,98.0,5.0,5.0,4427.8,98%,95%,53%,N/R,42%,1.0,3.0,10,350,Toronto,43.65558,-79.4238,False
Dixon Grove Junior Middle School,Toronto DSB,toronto,Elementary,English,74.0,17.0,14.0,4427.8,74%,77%,31%,47%,41%,0.0,10.0,13,640,Etobicoke,43.6849,-79.5561,False
Dixon Grove Junior Middle School,Toronto DSB,toronto,Elementary,English,74.0,17.0,14.0,4427.8,74%,77%,31%,47%,41%,0.0,10.0,13,640,Etobicoke,43.6849,-79.5561,False
Don Mills Middle School,Toronto DSB,toronto,Elementary,English,63.0,15.0,10.0,4427.8,63%,73%,44%,,,-29.0,-3.0,20,400,North York,43.73663,-79.3393,False
Don Mills Middle School,Toronto DSB,toronto,Elementary,English,63.0,15.0,10.0,4427.8,63%,73%,44%,,,-29.0,-3.0,20,400,North York,43.73663,-79.3393,False
Don Valley Middle School,Toronto DSB,toronto,Elementary,English,89.0,10.0,0.0,4427.8,89%,91%,67%,,,-6.0,-3.0,15,420,Toronto,43.78953,-79.355,False
Don Valley Middle School,Toronto DSB,toronto,Elementary,English,89.0,10.0,0.0,4427.8,89%,91%,67%,,,-6.0,-3.0,15,420,Toronto,43.78953,-79.355,False
Donview Middle School,Toronto DSB,toronto,Elementary,English,60.0,20.0,10.0,4427.8,60%,60%,21%,,,-14.0,-17.0,25,275,North York,43.76434,-79.3315,False
Donview Middle School,Toronto DSB,toronto,Elementary,English,60.0,20.0,10.0,4427.8,60%,60%,21%,,,-14.0,-17.0,25,275,North York,43.76434,-79.3315,False
Donwood Park Public School,Toronto DSB,toronto,Elementary,English,74.0,20.0,19.0,4427.8,74%,82%,46%,78%,69%,-16.0,6.0,10,665,Scarborough,43.757,-79.2622,False
Donwood Park Public School,Toronto DSB,toronto,Elementary,English,74.0,20.0,19.0,4427.8,74%,82%,46%,78%,69%,-16.0,6.0,10,665,Scarborough,43.757,-79.2622,False
Dorset Park Public School,Toronto DSB,toronto,Elementary,English,79.0,10.0,10.0,4427.8,79%,75%,29%,33%,17%,6.0,2.0,15,245,Scarborough,43.75016,-79.2797,False
Dorset Park Public School,Toronto DSB,toronto,Elementary,English,79.0,10.0,10.0,4427.8,79%,75%,29%,33%,17%,6.0,2.0,15,245,Scarborough,43.75016,-79.2797,False
Dovercourt Public School,Toronto DSB,toronto,Elementary,English,70.0,5.0,10.0,4427.8,70%,68%,36%,67%,39%,-12.0,9.0,15,335,Toronto,43.66701,-79.4361,False
Dovercourt Public School,Toronto DSB,toronto,Elementary,English,70.0,5.0,10.0,4427.8,70%,68%,36%,67%,39%,-12.0,9.0,15,335,Toronto,43.66701,-79.4361,False
Downtown Alternative School,Toronto DSB,toronto,Elementary,English,92.0,20.0,5.0,4427.8,92%,83%,50%,92%,100%,9.0,0.0,10,120,Toronto,43.64773,-79.3704,False
Downtown Alternative School,Toronto DSB,toronto,Elementary,English,92.0,20.0,5.0,4427.8,92%,83%,50%,92%,100%,9.0,0.0,10,120,Toronto,43.64773,-79.3704,False
Dr. Rita Cox – Kina Minogok Public School,Toronto DSB,toronto,Elementary,English,77.0,17.0,10.0,4427.8,77%,72%,55%,55%,40%,-11.0,-5.0,7,805,Toronto,43.63657,-79.4351,False
Dr. Rita Cox – Kina Minogok Public School,Toronto DSB,toronto,Elementary,English,77.0,17.0,10.0,4427.8,77%,72%,55%,55%,40%,-11.0,-5.0,7,805,Toronto,43.63657,-79.4351,False
Dublin Heights Elementary and Middle School,Toronto DSB,toronto,Elementary,English,89.0,10.0,3.0,4427.8,89%,89%,67%,71%,61%,7.0,15.0,9,715,North York,43.74926,-79.4468,False
Dublin Heights Elementary and Middle School,Toronto DSB,toronto,Elementary,English,89.0,10.0,3.0,4427.8,89%,89%,67%,71%,61%,7.0,15.0,9,715,North York,43.74926,-79.4468,False
Duke of Connaught Junior and Senior Public School,Toronto DSB,toronto,Elementary,English,88.0,8.0,3.0,4427.8,88%,87%,55%,64%,66%,-4.0,-12.0,13,745,Toronto,43.66588,-79.3224,False
Duke of Connaught Junior and Senior Public School,Toronto DSB,toronto,Elementary,English,88.0,8.0,3.0,4427.8,88%,87%,55%,64%,66%,-4.0,-12.0,13,745,Toronto,43.66588,-79.3224,False
Earl Beatty Junior and Senior Public School,Toronto DSB,toronto,Elementary,English,87.0,0.0,0.0,4427.8,87%,78%,61%,88%,78%,-7.0,26.0,10,440,Toronto,43.68602,-79.3212,False
Earl Beatty Junior and Senior Public School,Toronto DSB,toronto,Elementary,English,87.0,0.0,0.0,4427.8,87%,78%,61%,88%,78%,-7.0,26.0,10,440,Toronto,43.68602,-79.3212,False
Earl Haig Public School,Toronto DSB,toronto,Elementary,English,92.0,6.0,2.0,4427.8,92%,85%,51%,83%,73%,1.0,4.0,8,655,Toronto,43.68132,-79.3212,False
Earl Haig Public School,Toronto DSB,toronto,Elementary,English,92.0,6.0,2.0,4427.8,92%,85%,51%,83%,73%,1.0,4.0,8,655,Toronto,43.68132,-79.3212,False
Eastview Public School,Toronto DSB,toronto,Elementary,English,43.0,20.0,10.0,4427.8,43%,44%,8%,42%,8%,-12.0,3.0,25,295,Scarborough,43.75898,-79.1912,True
Eastview Public School,Toronto DSB,toronto,Elementary,English,43.0,20.0,10.0,4427.8,43%,44%,8%,42%,8%,-12.0,3.0,25,295,Scarborough,43.75898,-79.1912,True
Edgewood Public School,Toronto DSB,toronto,Elementary,English,74.0,10.0,0.0,4427.8,74%,79%,26%,25%,31%,3.0,12.0,15,175,Scarborough,43.7663,-79.2658,False
Edgewood Public School,Toronto DSB,toronto,Elementary,English,74.0,10.0,0.0,4427.8,74%,79%,26%,25%,31%,3.0,12.0,15,175,Scarborough,43.7663,-79.2658,False
Elia Middle School,Toronto DSB,toronto,Elementary,English,59.0,15.0,10.0,4427.8,59%,57%,19%,,,2.0,-3.0,20,370,North York,43.75379,-79.4985,True
Elia Middle School,Toronto DSB,toronto,Elementary,English,59.0,15.0,10.0,4427.8,59%,57%,19%,,,2.0,-3.0,20,370,North York,43.75379,-79.4985,True
Elizabeth Simcoe Junior Public School,Toronto DSB,toronto,Elementary,English,89.0,0.0,0.0,4427.8,89%,96%,71%,79%,63%,-6.0,-7.0,5,275,Scarborough,43.73814,-79.206,False
Elizabeth Simcoe Junior Public School,Toronto DSB,toronto,Elementary,English,89.0,0.0,0.0,4427.8,89%,96%,71%,79%,63%,-6.0,-7.0,5,275,Scarborough,43.73814,-79.206,False
Ellesmere-Statton Public School,Toronto DSB,toronto,Elementary,English,86.0,12.0,10.0,4427.8,86%,83%,63%,61%,50%,-1.0,12.0,9,730,Toronto,43.76362,-79.2876,False
Ellesmere-Statton Public School,Toronto DSB,toronto,Elementary,English,86.0,12.0,10.0,4427.8,86%,83%,63%,61%,50%,-1.0,12.0,9,730,Toronto,43.76362,-79.2876,False
Elmbank Junior Middle Academy,Toronto DSB,toronto,Elementary,English,48.0,20.0,10.0,4427.8,48%,64%,25%,70%,52%,-43.0,-26.0,25,280,Etobicoke,43.7365,-79.59,True
Elmbank Junior Middle Academy,Toronto DSB,toronto,Elementary,English,48.0,20.0,10.0,4427.8,48%,64%,25%,70%,52%,-43.0,-26.0,25,280,Etobicoke,43.7365,-79.59,True
Emily Carr Public School,Toronto DSB,toronto,Elementary,English,68.0,10.0,10.0,4427.8,68%,75%,39%,78%,48%,-23.0,-9.0,10,260,Scarborough,43.80501,-79.2069,False
Emily Carr Public School,Toronto DSB,toronto,Elementary,English,68.0,10.0,10.0,4427.8,68%,75%,39%,78%,48%,-23.0,-9.0,10,260,Scarborough,43.80501,-79.2069,False
Equinox Holistic Alternative School,Toronto DSB,toronto,Elementary,English,100.0,10.0,0.0,4427.8,100%,81%,44%,83%,72%,5.0,-8.0,10,185,Toronto,43.67289,-79.3232,False
Equinox Holistic Alternative School,Toronto DSB,toronto,Elementary,English,100.0,10.0,0.0,4427.8,100%,81%,44%,83%,72%,5.0,-8.0,10,185,Toronto,43.67289,-79.3232,False
Essex Junior and Senior Public School,Toronto DSB,toronto,Elementary,English,71.0,10.0,0.0,4427.8,71%,64%,14%,46%,44%,2.0,-24.0,30,295,Toronto,43.66825,-79.4223,False
Essex Junior and Senior Public School,Toronto DSB,toronto,Elementary,English,71.0,10.0,0.0,4427.8,71%,64%,14%,46%,44%,2.0,-24.0,30,295,Toronto,43.66825,-79.4223,False
F H Miller Junior Public School,Toronto DSB,toronto,Elementary,English,71.0,10.0,15.0,4427.8,71%,79%,36%,79%,58%,-18.0,25.0,15,185,York,43.684,-79.4589,False
F H Miller Junior Public School,Toronto DSB,toronto,Elementary,English,71.0,10.0,15.0,4427.8,71%,79%,36%,79%,58%,-18.0,25.0,15,185,York,43.684,-79.4589,False
Fairbank Public School,Toronto DSB,toronto,Elementary,English,74.0,10.0,5.0,4427.8,74%,74%,45%,50%,43%,6.0,14.0,15,250,York,43.69438,-79.4492,False
Fairbank Public School,Toronto DSB,toronto,Elementary,English,74.0,10.0,5.0,4427.8,74%,74%,45%,50%,43%,6.0,14.0,15,250,York,43.69438,-79.4492,False
Fairglen Junior Public School,Toronto DSB,toronto,Elementary,English,95.0,15.0,10.0,4427.8,95%,92%,79%,56%,44%,5.0,5.0,10,325,Scarborough,43.78493,-79.3222,False
Fairglen Junior Public School,Toronto DSB,toronto,Elementary,English,95.0,15.0,10.0,4427.8,95%,92%,79%,56%,44%,5.0,5.0,10,325,Scarborough,43.78493,-79.3222,False
Fairmount Public School,Toronto DSB,toronto,Elementary,English,80.0,10.0,5.0,4427.8,80%,97%,60%,80%,62%,-10.0,-11.0,15,365,Scarborough,43.71975,-79.2309,False
Fairmount Public School,Toronto DSB,toronto,Elementary,English,80.0,10.0,5.0,4427.8,80%,97%,60%,80%,62%,-10.0,-11.0,15,365,Scarborough,43.71975,-79.2309,False
Faywood Arts-Based Curriculum School,Toronto DSB,toronto,Elementary,English,61.0,10.0,3.0,4427.8,61%,63%,37%,94%,83%,-28.0,-8.0,17,570,North York,43.73985,-79.4467,False
Faywood Arts-Based Curriculum School,Toronto DSB,toronto,Elementary,English,61.0,10.0,3.0,4427.8,61%,63%,37%,94%,83%,-28.0,-8.0,17,570,North York,43.73985,-79.4467,False
Fern Avenue Junior and Senior Public School,Toronto DSB,toronto,Elementary,English,91.0,4.0,1.0,4427.8,91%,79%,65%,71%,68%,-4.0,8.0,8,680,Toronto,43.64517,-79.4461,False
Fern Avenue Junior and Senior Public School,Toronto DSB,toronto,Elementary,English,91.0,4.0,1.0,4427.8,91%,79%,65%,71%,68%,-4.0,8.0,8,680,Toronto,43.64517,-79.4461,False
Fleming Public School,Toronto DSB,toronto,Elementary,English,75.0,10.0,10.0,4427.8,75%,75%,36%,81%,69%,-25.0,-7.0,5,280,Scarborough,43.8154,-79.2034,False
Fleming Public School,Toronto DSB,toronto,Elementary,English,75.0,10.0,10.0,4427.8,75%,75%,36%,81%,69%,-25.0,-7.0,5,280,Scarborough,43.8154,-79.2034,False
Forest Hill Junior and Senior Public School,Toronto DSB,toronto,Elementary,English,99.0,10.0,0.0,4427.8,99%,97%,82%,56%,50%,1.0,-1.0,6,655,Toronto,43.69534,-79.414,False
Forest Hill Junior and Senior Public School,Toronto DSB,toronto,Elementary,English,99.0,10.0,0.0,4427.8,99%,97%,82%,56%,50%,1.0,-1.0,6,655,Toronto,43.69534,-79.414,False
Frankland Community School Junior,Toronto DSB,toronto,Elementary,English,79.0,0.0,0.0,4427.8,79%,84%,51%,83%,62%,-18.0,-11.0,5,275,Toronto,43.67717,-79.3504,False
Frankland Community School Junior,Toronto DSB,toronto,Elementary,English,79.0,0.0,0.0,4427.8,79%,84%,51%,83%,62%,-18.0,-11.0,5,275,Toronto,43.67717,-79.3504,False
Galloway Road Public School,Toronto DSB,toronto,Elementary,English,58.0,15.0,5.0,4427.8,58%,63%,35%,57%,19%,-16.0,19.0,10,195,Scarborough,43.76493,-79.1965,True
Galloway Road Public School,Toronto DSB,toronto,Elementary,English,58.0,15.0,5.0,4427.8,58%,63%,35%,57%,19%,-16.0,19.0,10,195,Scarborough,43.76493,-79.1965,True
Garden Avenue Junior Public School,Toronto DSB,toronto,Elementary,English,96.0,5.0,0.0,4427.8,96%,85%,50%,91%,68%,2.0,3.0,10,190,Toronto,43.64319,-79.4491,False
Garden Avenue Junior Public School,Toronto DSB,toronto,Elementary,English,96.0,5.0,0.0,4427.8,96%,85%,50%,91%,68%,2.0,3.0,10,190,Toronto,43.64319,-79.4491,False
Gateway Public School,Toronto DSB,toronto,Elementary,English,68.0,20.0,13.0,4427.8,68%,69%,21%,54%,34%,-3.0,-6.0,9,890,North York,43.71172,-79.331,False
Gateway Public School,Toronto DSB,toronto,Elementary,English,68.0,20.0,13.0,4427.8,68%,69%,21%,54%,34%,-3.0,-6.0,9,890,North York,43.71172,-79.331,False
General Brock Public School,Toronto DSB,toronto,Elementary,English,79.0,10.0,5.0,4427.8,79%,81%,40%,62%,54%,-5.0,-9.0,5,500,Scarborough,43.71855,-79.2746,False
General Brock Public School,Toronto DSB,toronto,Elementary,English,79.0,10.0,5.0,4427.8,79%,81%,40%,62%,54%,-5.0,-9.0,5,500,Scarborough,43.71855,-79.2746,False
General Crerar Public School,Toronto DSB,toronto,Elementary,English,79.0,10.0,5.0,4427.8,79%,76%,44%,63%,36%,0.0,-3.0,20,360,Scarborough,43.74568,-79.2796,False
General Crerar Public School,Toronto DSB,toronto,Elementary,English,79.0,10.0,5.0,4427.8,79%,76%,44%,63%,36%,0.0,-3.0,20,360,Scarborough,43.74568,-79.2796,False
General Mercer Junior Public School,Toronto DSB,toronto,Elementary,English,41.0,10.0,15.0,4427.8,41%,55%,33%,67%,47%,-13.0,-3.0,25,220,Toronto,43.67895,-79.464,True
General Mercer Junior Public School,Toronto DSB,toronto,Elementary,English,41.0,10.0,15.0,4427.8,41%,55%,33%,67%,47%,-13.0,-3.0,25,220,Toronto,43.67895,-79.464,True
George B Little Public School,Toronto DSB,toronto,Elementary,English,54.0,10.0,5.0,4427.8,54%,60%,38%,54%,36%,-22.0,-4.0,20,350,Scarborough,43.77119,-79.2081,True
George B Little Public School,Toronto DSB,toronto,Elementary,English,54.0,10.0,5.0,4427.8,54%,60%,38%,54%,36%,-22.0,-4.0,20,350,Scarborough,43.77119,-79.2081,True
George P Mackie Junior Public School,Toronto DSB,toronto,Elementary,English,96.0,10.0,5.0,4427.8,96%,92%,42%,67%,45%,6.0,-3.0,10,170,Scarborough,43.7393,-79.2118,False
George P Mackie Junior Public School,Toronto DSB,toronto,Elementary,English,96.0,10.0,5.0,4427.8,96%,92%,42%,67%,45%,6.0,-3.0,10,170,Scarborough,43.7393,-79.2118,False
George Peck Public School,Toronto DSB,toronto,Elementary,English,84.0,15.0,0.0,4427.8,84%,79%,45%,61%,30%,-16.0,-26.0,10,275,Scarborough,43.73825,-79.2936,False
George Peck Public School,Toronto DSB,toronto,Elementary,English,84.0,15.0,0.0,4427.8,84%,79%,45%,61%,30%,-16.0,-26.0,10,275,Scarborough,43.73825,-79.2936,False
George Syme Community School,Toronto DSB,toronto,Elementary,English,51.0,20.0,20.0,4427.8,51%,71%,23%,69%,40%,-12.0,2.0,10,460,York,43.66924,-79.4911,True
George Syme Community School,Toronto DSB,toronto,Elementary,English,51.0,20.0,20.0,4427.8,51%,71%,23%,69%,40%,-12.0,2.0,10,460,York,43.66924,-79.4911,True
George Webster Elementary School,Toronto DSB,toronto,Elementary,English,76.0,20.0,10.0,4427.8,76%,70%,48%,59%,54%,-4.0,-6.0,14,775,East York,43.70195,-79.2995,False
George Webster Elementary School,Toronto DSB,toronto,Elementary,English,76.0,20.0,10.0,4427.8,76%,70%,48%,59%,54%,-4.0,-6.0,14,775,East York,43.70195,-79.2995,False
Givins/Shaw Junior Public School,Toronto DSB,toronto,Elementary,English,77.0,10.0,0.0,4427.8,77%,88%,46%,64%,61%,-12.0,-8.0,5,215,Toronto,43.64631,-79.4177,False
Givins/Shaw Junior Public School,Toronto DSB,toronto,Elementary,English,77.0,10.0,0.0,4427.8,77%,88%,46%,64%,61%,-12.0,-8.0,5,215,Toronto,43.64631,-79.4177,False
Glamorgan Junior Public School,Toronto DSB,toronto,Elementary,English,78.0,22.0,16.0,4427.8,78%,67%,33%,47%,40%,12.0,5.0,17,505,Scarborough,43.77139,-79.2893,False
Glamorgan Junior Public School,Toronto DSB,toronto,Elementary,English,78.0,22.0,16.0,4427.8,78%,67%,33%,47%,40%,12.0,5.0,17,505,Scarborough,43.77139,-79.2893,False
Glen Park Public School,Toronto DSB,toronto,Elementary,English,89.0,10.0,0.0,4427.8,89%,77%,54%,58%,49%,11.0,11.0,5,420,North York,43.71328,-79.4358,False
Glen Park Public School,Toronto DSB,toronto,Elementary,English,89.0,10.0,0.0,4427.8,89%,77%,54%,58%,49%,11.0,11.0,5,420,North York,43.71328,-79.4358,False
Glen Ravine Junior Public School,Toronto DSB,toronto,Elementary,English,69.0,15.0,10.0,4427.8,69%,69%,27%,74%,43%,2.0,8.0,5,265,Scarborough,43.73822,-79.2541,False
Glen Ravine Junior Public School,Toronto DSB,toronto,Elementary,English,69.0,15.0,10.0,4427.8,69%,69%,27%,74%,43%,2.0,8.0,5,265,Scarborough,43.73822,-79.2541,False
Golf Road Junior Public School,Toronto DSB,toronto,Elementary,English,88.0,10.0,15.0,4427.8,88%,92%,44%,79%,56%,6.0,15.0,10,260,Scarborough,43.76393,-79.2169,False
Golf Road Junior Public School,Toronto DSB,toronto,Elementary,English,88.0,10.0,15.0,4427.8,88%,92%,44%,79%,56%,6.0,15.0,10,260,Scarborough,43.76393,-79.2169,False
Gordon A Brown Middle School,Toronto DSB,toronto,Elementary,English,86.0,10.0,5.0,4427.8,86%,90%,64%,,,-5.0,5.0,25,380,East York,43.70759,-79.3053,False
Gordon A Brown Middle School,Toronto DSB,toronto,Elementary,English,86.0,10.0,5.0,4427.8,86%,90%,64%,,,-5.0,5.0,25,380,East York,43.70759,-79.3053,False
Greenholme Junior Middle School,Toronto DSB,toronto,Elementary,English,72.0,20.0,20.0,4427.8,72%,44%,16%,37%,32%,-22.0,-10.0,20,265,Etobicoke,43.73506,-79.5829,False
Greenholme Junior Middle School,Toronto DSB,toronto,Elementary,English,72.0,20.0,20.0,4427.8,72%,44%,16%,37%,32%,-22.0,-10.0,20,265,Etobicoke,43.73506,-79.5829,False
Grenoble Public School,Toronto DSB,toronto,Elementary,English,45.0,29.0,22.0,4427.8,45%,47%,27%,32%,21%,-17.0,4.0,12,940,Toronto,43.71545,-79.333,True
Grenoble Public School,Toronto DSB,toronto,Elementary,English,45.0,29.0,22.0,4427.8,45%,47%,27%,32%,21%,-17.0,4.0,12,940,Toronto,43.71545,-79.333,True
Grey Owl Junior Public School,Toronto DSB,toronto,Elementary,English,89.0,10.0,15.0,4427.8,89%,70%,44%,55%,18%,15.0,27.0,25,220,Scarborough,43.80398,-79.2133,False
Grey Owl Junior Public School,Toronto DSB,toronto,Elementary,English,89.0,10.0,15.0,4427.8,89%,70%,44%,55%,18%,15.0,27.0,25,220,Scarborough,43.80398,-79.2133,False
Guildwood Junior Public School,Toronto DSB,toronto,Elementary,English,88.0,5.0,0.0,4427.8,88%,82%,53%,68%,43%,-5.0,-4.0,15,175,Scarborough,43.75081,-79.2,False
Guildwood Junior Public School,Toronto DSB,toronto,Elementary,English,88.0,5.0,0.0,4427.8,88%,82%,53%,68%,43%,-5.0,-4.0,15,175,Scarborough,43.75081,-79.2,False
Gulfstream Public School,Toronto DSB,toronto,Elementary,English,71.0,12.0,10.0,4427.8,71%,76%,33%,86%,65%,-4.0,8.0,15,530,North York,43.73907,-79.542,False
Gulfstream Public School,Toronto DSB,toronto,Elementary,English,71.0,12.0,10.0,4427.8,71%,76%,33%,86%,65%,-4.0,8.0,15,530,North York,43.73907,-79.542,False
H A Halbert Junior Public School,Toronto DSB,toronto,Elementary,English,79.0,10.0,10.0,4427.8,79%,96%,61%,36%,32%,-4.0,-2.0,15,230,Scarborough,43.72748,-79.2318,False
H A Halbert Junior Public School,Toronto DSB,toronto,Elementary,English,79.0,10.0,10.0,4427.8,79%,96%,61%,36%,32%,-4.0,-2.0,15,230,Scarborough,43.72748,-79.2318,False
Harwood Public School,Toronto DSB,toronto,Elementary,English,83.0,15.0,15.0,4427.8,83%,75%,8%,63%,53%,2.0,-6.0,5,175,York,43.67618,-79.4784,False
Harwood Public School,Toronto DSB,toronto,Elementary,English,83.0,15.0,15.0,4427.8,83%,75%,8%,63%,53%,2.0,-6.0,5,175,York,43.67618,-79.4784,False
Hawthorne II Bilingual Alternative Junior School,Toronto DSB,toronto,Elementary,English,100.0,10.0,0.0,4427.8,100%,100%,67%,89%,78%,17.0,10.0,0,155,Toronto,43.66825,-79.4223,False
Hawthorne II Bilingual Alternative Junior School,Toronto DSB,toronto,Elementary,English,100.0,10.0,0.0,4427.8,100%,100%,67%,89%,78%,17.0,10.0,0,155,Toronto,43.66825,-79.4223,False
Heather Heights Junior Public School,Toronto DSB,toronto,Elementary,English,85.0,5.0,5.0,4427.8,85%,80%,50%,67%,67%,11.0,38.0,15,160,Scarborough,43.77515,-79.2151,False
Heather Heights Junior Public School,Toronto DSB,toronto,Elementary,English,85.0,5.0,5.0,4427.8,85%,80%,50%,67%,67%,11.0,38.0,15,160,Scarborough,43.77515,-79.2151,False
Heritage Park Public School,Toronto DSB,toronto,Elementary,English,95.0,5.0,10.0,4427.8,95%,95%,91%,86%,81%,-5.0,23.0,10,265,Scarborough,43.82134,-79.2077,False
Heritage Park Public School,Toronto DSB,toronto,Elementary,English,95.0,5.0,10.0,4427.8,95%,95%,91%,86%,81%,-5.0,23.0,10,265,Scarborough,43.82134,-79.2077,False
High Park Alternative School Junior,Toronto DSB,toronto,Elementary,English,100.0,10.0,5.0,4427.8,100%,100%,86%,94%,88%,0.0,36.0,5,150,Toronto,43.66142,-79.4728,False
High Park Alternative School Junior,Toronto DSB,toronto,Elementary,English,100.0,10.0,5.0,4427.8,100%,100%,86%,94%,88%,0.0,36.0,5,150,Toronto,43.66142,-79.4728,False
Highcastle Public School,Toronto DSB,toronto,Elementary,English,86.0,10.0,5.0,4427.8,86%,86%,41%,72%,54%,-11.0,15.0,15,360,Scarborough,43.78675,-79.2125,False
Highcastle Public School,Toronto DSB,toronto,Elementary,English,86.0,10.0,5.0,4427.8,86%,86%,41%,72%,54%,-11.0,15.0,15,360,Scarborough,43.78675,-79.2125,False
Highland Creek Public School,Toronto DSB,toronto,Elementary,English,85.0,10.0,0.0,4427.8,85%,75%,50%,82%,73%,-6.0,-11.0,5,200,West Hill,43.78349,-79.1784,False
Highland Creek Public School,Toronto DSB,toronto,Elementary,English,85.0,10.0,0.0,4427.8,85%,75%,50%,82%,73%,-6.0,-11.0,5,200,West Hill,43.78349,-79.1784,False
Highland Heights Junior Public School,Toronto DSB,toronto,Elementary,English,83.0,20.0,10.0,4427.8,83%,71%,48%,44%,44%,7.0,0.0,10,170,Scarborough,43.79441,-79.3003,False
Highland Heights Junior Public School,Toronto DSB,toronto,Elementary,English,83.0,20.0,10.0,4427.8,83%,71%,48%,44%,44%,7.0,0.0,10,170,Scarborough,43.79441,-79.3003,False
Highland Middle School,Toronto DSB,toronto,Elementary,English,84.0,10.0,0.0,4427.8,84%,80%,68%,,,-10.0,-7.0,15,370,North York,43.80685,-79.3554,False
Highland Middle School,Toronto DSB,toronto,Elementary,English,84.0,10.0,0.0,4427.8,84%,80%,68%,,,-10.0,-7.0,15,370,North York,43.80685,-79.3554,False
Hillcrest Community School,Toronto DSB,toronto,Elementary,English,97.0,5.0,0.0,4427.8,97%,82%,55%,94%,79%,-3.0,-17.0,10,335,Toronto,43.67904,-79.4158,False
Hillcrest Community School,Toronto DSB,toronto,Elementary,English,97.0,5.0,0.0,4427.8,97%,82%,55%,94%,79%,-3.0,-17.0,10,335,Toronto,43.67904,-79.4158,False
Hilltop Middle School,Toronto DSB,toronto,Elementary,English,82.0,15.0,5.0,4427.8,82%,80%,39%,,,6.0,3.0,20,390,Etobicoke,43.68908,-79.533,False
Hilltop Middle School,Toronto DSB,toronto,Elementary,English,82.0,15.0,5.0,4427.8,82%,80%,39%,,,6.0,3.0,20,390,Etobicoke,43.68908,-79.533,False
Hodgson Middle School,Toronto DSB,toronto,Elementary,English,84.0,10.0,1.0,4427.8,84%,88%,50%,,,-7.0,-16.0,15,570,Toronto,43.70115,-79.3849,False
Hodgson Middle School,Toronto DSB,toronto,Elementary,English,84.0,10.0,1.0,4427.8,84%,88%,50%,,,-7.0,-16.0,15,570,Toronto,43.70115,-79.3849,False
Hollycrest Middle School,Toronto DSB,toronto,Elementary,English,94.0,5.0,0.0,4427.8,94%,88%,79%,,,3.0,23.0,10,390,Etobicoke,43.6561,-79.5827,False
Hollycrest Middle School,Toronto DSB,toronto,Elementary,English,94.0,5.0,0.0,4427.8,94%,88%,79%,,,3.0,23.0,10,390,Etobicoke,43.6561,-79.5827,False
Howard Junior Public School,Toronto DSB,toronto,Elementary,English,95.0,5.0,0.0,4427.8,95%,91%,75%,100%,61%,-3.0,5.0,10,380,Toronto,43.65039,-79.4526,False
Howard Junior Public School,Toronto DSB,toronto,Elementary,English,95.0,5.0,0.0,4427.8,95%,91%,75%,100%,61%,-3.0,5.0,10,380,Toronto,43.65039,-79.4526,False
Humber Summit Middle School,Toronto DSB,toronto,Elementary,English,91.0,20.0,10.0,4427.8,91%,84%,36%,,,10.0,-7.0,10,425,North York,43.75056,-79.5645,False
Humber Summit Middle School,Toronto DSB,toronto,Elementary,English,91.0,20.0,10.0,4427.8,91%,84%,36%,,,10.0,-7.0,10,425,North York,43.75056,-79.5645,False
Humber Valley Village Junior Middle School,Toronto DSB,toronto,Elementary,English,92.0,10.0,0.0,4427.8,92%,97%,68%,81%,75%,-3.0,-7.0,5,415,Etobicoke,43.66556,-79.5263,False
Humber Valley Village Junior Middle School,Toronto DSB,toronto,Elementary,English,92.0,10.0,0.0,4427.8,92%,97%,68%,81%,75%,-3.0,-7.0,5,415,Etobicoke,43.66556,-79.5263,False
Humbercrest Public School,Toronto DSB,toronto,Elementary,English,96.0,4.0,1.0,4427.8,96%,94%,80%,85%,61%,-1.0,10.0,8,590,York,43.66045,-79.4911,False
Humbercrest Public School,Toronto DSB,toronto,Elementary,English,96.0,4.0,1.0,4427.8,96%,94%,80%,85%,61%,-1.0,10.0,8,590,York,43.66045,-79.4911,False
Humberwood Downs Junior Middle Academy,Toronto DSB,toronto,Elementary,English,93.0,8.0,5.0,4427.8,93%,96%,59%,89%,66%,-3.0,4.0,7,655,Etobicoke,43.72886,-79.6191,False
Humberwood Downs Junior Middle Academy,Toronto DSB,toronto,Elementary,English,93.0,8.0,5.0,4427.8,93%,96%,59%,89%,66%,-3.0,4.0,7,655,Etobicoke,43.72886,-79.6191,False
Humewood Community School,Toronto DSB,toronto,Elementary,English,86.0,6.0,1.0,4427.8,86%,88%,43%,54%,52%,7.0,-13.0,15,585,York,43.68663,-79.428,False
Humewood Community School,Toronto DSB,toronto,Elementary,English,86.0,6.0,1.0,4427.8,86%,88%,43%,54%,52%,7.0,-13.0,15,585,York,43.68663,-79.428,False
Hunter's Glen Junior Public School,Toronto DSB,toronto,Elementary,English,92.0,10.0,15.0,4427.8,92%,92%,70%,61%,61%,-1.0,7.0,10,375,Scarborough,43.74569,-79.2602,False
Hunter's Glen Junior Public School,Toronto DSB,toronto,Elementary,English,92.0,10.0,15.0,4427.8,92%,92%,70%,61%,61%,-1.0,7.0,10,375,Scarborough,43.74569,-79.2602,False
Huron Street Junior Public School,Toronto DSB,toronto,Elementary,English,75.0,10.0,0.0,4427.8,75%,75%,41%,83%,64%,-15.0,-9.0,10,310,Toronto,43.67049,-79.4024,False
Huron Street Junior Public School,Toronto DSB,toronto,Elementary,English,75.0,10.0,0.0,4427.8,75%,75%,41%,83%,64%,-15.0,-9.0,10,310,Toronto,43.67049,-79.4024,False
Indian Road Crescent Junior Public School,Toronto DSB,toronto,Elementary,English,96.0,10.0,0.0,4427.8,96%,100%,79%,71%,60%,2.0,24.0,10,245,Toronto,43.66252,-79.4601,False
Indian Road Crescent Junior Public School,Toronto DSB,toronto,Elementary,English,96.0,10.0,0.0,4427.8,96%,100%,79%,71%,60%,2.0,24.0,10,245,Toronto,43.66252,-79.4601,False
Inglewood Heights Junior Public School,Toronto DSB,toronto,Elementary,English,63.0,10.0,5.0,4427.8,63%,67%,17%,83%,62%,-20.0,-18.0,10,310,Scarborough,43.7794,-79.2923,False
Inglewood Heights Junior Public School,Toronto DSB,toronto,Elementary,English,63.0,10.0,5.0,4427.8,63%,67%,17%,83%,62%,-20.0,-18.0,10,310,Scarborough,43.7794,-79.2923,False
Ionview Public School,Toronto DSB,toronto,Elementary,English,74.0,10.0,5.0,4427.8,74%,89%,47%,60%,46%,26.0,33.0,15,455,Scarborough,43.73737,-79.2743,False
Ionview Public School,Toronto DSB,toronto,Elementary,English,74.0,10.0,5.0,4427.8,74%,89%,47%,60%,46%,26.0,33.0,15,455,Scarborough,43.73737,-79.2743,False
Iroquois Junior Public School,Toronto DSB,toronto,Elementary,English,99.0,10.0,5.0,4427.8,99%,99%,82%,100%,93%,9.0,11.0,5,320,Scarborough,43.80267,-79.2694,False
Iroquois Junior Public School,Toronto DSB,toronto,Elementary,English,99.0,10.0,5.0,4427.8,99%,99%,82%,100%,93%,9.0,11.0,5,320,Scarborough,43.80267,-79.2694,False
Island Public/Natural Science School,Toronto DSB,toronto,Elementary,English,75.0,5.0,0.0,4427.8,75%,75%,62%,83%,67%,-18.0,19.0,0,185,Toronto,43.61574,-79.3782,False
Island Public/Natural Science School,Toronto DSB,toronto,Elementary,English,75.0,5.0,0.0,4427.8,75%,75%,62%,83%,67%,-18.0,19.0,0,185,Toronto,43.61574,-79.3782,False
Islington Junior Middle School,Toronto DSB,toronto,Elementary,English,90.0,18.0,7.0,4427.8,90%,95%,54%,63%,37%,4.0,6.0,5,705,Etobicoke,43.64748,-79.5279,False
Islington Junior Middle School,Toronto DSB,toronto,Elementary,English,90.0,18.0,7.0,4427.8,90%,95%,54%,63%,37%,4.0,6.0,5,705,Etobicoke,43.64748,-79.5279,False
J G Workman Public School,Toronto DSB,toronto,Elementary,English,82.0,10.0,10.0,4427.8,82%,82%,9%,57%,64%,-7.0,-47.0,5,165,Toronto,43.70718,-79.2671,False
J G Workman Public School,Toronto DSB,toronto,Elementary,English,82.0,10.0,10.0,4427.8,82%,82%,9%,57%,64%,-7.0,-47.0,5,165,Toronto,43.70718,-79.2671,False
J R Wilcox Community School,Toronto DSB,toronto,Elementary,English,90.0,10.0,5.0,4427.8,90%,86%,79%,88%,81%,-10.0,32.0,15,365,York,43.69494,-79.4363,False
J R Wilcox Community School,Toronto DSB,toronto,Elementary,English,90.0,10.0,5.0,4427.8,90%,86%,79%,88%,81%,-10.0,32.0,15,365,York,43.69494,-79.4363,False
Jackman Avenue Junior Public School,Toronto DSB,toronto,Elementary,English,96.0,5.0,0.0,4427.8,96%,93%,63%,92%,83%,6.0,15.0,7,555,Toronto,43.68064,-79.3539,False
Jackman Avenue Junior Public School,Toronto DSB,toronto,Elementary,English,96.0,5.0,0.0,4427.8,96%,93%,63%,92%,83%,6.0,15.0,7,555,Toronto,43.68064,-79.3539,False
James S Bell Junior Middle School,Toronto DSB,toronto,Elementary,English,80.0,10.0,5.0,4427.8,80%,80%,37%,59%,46%,-8.0,3.0,10,370,Etobicoke,43.5939,-79.5301,False
James S Bell Junior Middle School,Toronto DSB,toronto,Elementary,English,80.0,10.0,5.0,4427.8,80%,80%,37%,59%,46%,-8.0,3.0,10,370,Etobicoke,43.5939,-79.5301,False
Jean Lumb Public School,Toronto DSB,toronto,Elementary,English,87.0,22.0,2.0,4427.8,87%,74%,59%,72%,76%,11.0,2.0,5,530,Toronto,43.63905,-79.3945,False
Jean Lumb Public School,Toronto DSB,toronto,Elementary,English,87.0,22.0,2.0,4427.8,87%,74%,59%,72%,76%,11.0,2.0,5,530,Toronto,43.63905,-79.3945,False
Jesse Ketchum Junior and Senior Public School,Toronto DSB,toronto,Elementary,English,75.0,15.0,0.0,4427.8,75%,75%,67%,80%,67%,10.0,14.0,10,495,Toronto,43.67298,-79.3921,False
Jesse Ketchum Junior and Senior Public School,Toronto DSB,toronto,Elementary,English,75.0,15.0,0.0,4427.8,75%,75%,67%,80%,67%,10.0,14.0,10,495,Toronto,43.67298,-79.3921,False
John A Leslie Public School,Toronto DSB,toronto,Elementary,English,63.0,10.0,5.0,4427.8,63%,67%,34%,51%,46%,-14.0,-1.0,5,475,Scarborough,43.71417,-79.249,False
John A Leslie Public School,Toronto DSB,toronto,Elementary,English,63.0,10.0,5.0,4427.8,63%,67%,34%,51%,46%,-14.0,-1.0,5,475,Scarborough,43.71417,-79.249,False
John English Junior Middle School,Toronto DSB,toronto,Elementary,English,85.0,9.0,4.0,4427.8,85%,81%,56%,60%,66%,-3.0,-1.0,8,790,Toronto,43.61185,-79.4944,False
John English Junior Middle School,Toronto DSB,toronto,Elementary,English,85.0,9.0,4.0,4427.8,85%,81%,56%,60%,66%,-3.0,-1.0,8,790,Toronto,43.61185,-79.4944,False
John Fisher Junior Public School,Toronto DSB,toronto,Elementary,English,83.0,10.0,0.0,4427.8,83%,87%,80%,N/D,90%,-15.0,3.0,5,340,Toronto,43.71192,-79.3975,False
John Fisher Junior Public School,Toronto DSB,toronto,Elementary,English,83.0,10.0,0.0,4427.8,83%,87%,80%,N/D,90%,-15.0,3.0,5,340,Toronto,43.71192,-79.3975,False
John G Althouse Middle School,Toronto DSB,toronto,Elementary,English,89.0,5.0,0.0,4427.8,89%,91%,68%,,,-3.0,-5.0,15,415,Etobicoke,43.66835,-79.5542,False
John G Althouse Middle School,Toronto DSB,toronto,Elementary,English,89.0,5.0,0.0,4427.8,89%,91%,68%,,,-3.0,-5.0,15,415,Etobicoke,43.66835,-79.5542,False
John G Diefenbaker Public School,Toronto DSB,toronto,Elementary,English,73.0,10.0,0.0,4427.8,73%,77%,27%,60%,37%,-8.0,-11.0,15,245,Scarborough,43.80229,-79.1719,False
John G Diefenbaker Public School,Toronto DSB,toronto,Elementary,English,73.0,10.0,0.0,4427.8,73%,77%,27%,60%,37%,-8.0,-11.0,15,245,Scarborough,43.80229,-79.1719,False
John McCrae Public School,Toronto DSB,toronto,Elementary,English,74.0,18.0,7.0,4427.8,74%,69%,31%,60%,42%,9.0,-1.0,10,675,Scarborough,43.74396,-79.2399,False
John McCrae Public School,Toronto DSB,toronto,Elementary,English,74.0,18.0,7.0,4427.8,74%,69%,31%,60%,42%,9.0,-1.0,10,675,Scarborough,43.74396,-79.2399,False
John Ross Robertson Junior Public School,Toronto DSB,toronto,Elementary,English,95.0,5.0,0.0,4427.8,95%,95%,74%,86%,84%,0.0,2.0,0,495,Toronto,43.71832,-79.4089,False
John Ross Robertson Junior Public School,Toronto DSB,toronto,Elementary,English,95.0,5.0,0.0,4427.8,95%,95%,74%,86%,84%,0.0,2.0,0,495,Toronto,43.71832,-79.4089,False
John Wanless Junior Public School,Toronto DSB,toronto,Elementary,English,89.0,4.0,1.0,4427.8,89%,88%,80%,96%,93%,-1.0,-2.0,6,625,Toronto,43.7288,-79.4122,False
John Wanless Junior Public School,Toronto DSB,toronto,Elementary,English,89.0,4.0,1.0,4427.8,89%,88%,80%,96%,93%,-1.0,-2.0,6,625,Toronto,43.7288,-79.4122,False
Joseph Brant Senior Public School,Toronto DSB,toronto,Elementary,English,59.0,15.0,9.0,4427.8,59%,74%,33%,63%,58%,2.0,12.0,20,515,Scarborough,43.76696,-79.1757,True
Joseph Brant Senior Public School,Toronto DSB,toronto,Elementary,English,59.0,15.0,9.0,4427.8,59%,74%,33%,63%,58%,2.0,12.0,20,515,Scarborough,43.76696,-79.1757,True
Joyce Public School,Toronto DSB,toronto,Elementary,English,95.0,10.0,20.0,4427.8,95%,90%,58%,71%,72%,45.0,46.0,15,180,North York,43.71083,-79.4643,False
Joyce Public School,Toronto DSB,toronto,Elementary,English,95.0,10.0,20.0,4427.8,95%,90%,58%,71%,72%,45.0,46.0,15,180,North York,43.71083,-79.4643,False
Karen Kain School of the Arts,Toronto DSB,toronto,Elementary,English,98.0,10.0,5.0,4427.8,98%,94%,51%,,,7.0,12.0,20,150,Etobicoke,43.63122,-79.5002,False
Karen Kain School of the Arts,Toronto DSB,toronto,Elementary,English,98.0,10.0,5.0,4427.8,98%,94%,51%,,,7.0,12.0,20,150,Etobicoke,43.63122,-79.5002,False
Keele Street Public School,Toronto DSB,toronto,Elementary,English,95.0,10.0,3.0,4427.8,95%,88%,68%,67%,62%,2.0,9.0,10,595,Toronto,43.6575,-79.4616,False
Keele Street Public School,Toronto DSB,toronto,Elementary,English,95.0,10.0,3.0,4427.8,95%,88%,68%,67%,62%,2.0,9.0,10,595,Toronto,43.6575,-79.4616,False
Keelesdale Junior Public School,Toronto DSB,toronto,Elementary,English,77.0,10.0,15.0,4427.8,77%,85%,23%,92%,50%,8.0,-2.0,20,135,York,43.68695,-79.4769,False
Keelesdale Junior Public School,Toronto DSB,toronto,Elementary,English,77.0,10.0,15.0,4427.8,77%,85%,23%,92%,50%,8.0,-2.0,20,135,York,43.68695,-79.4769,False
Kennedy Public School,Toronto DSB,toronto,Elementary,English,89.0,11.0,20.0,4427.8,89%,89%,82%,71%,68%,1.0,7.0,5,585,Scarborough,43.81883,-79.3082,False
Kennedy Public School,Toronto DSB,toronto,Elementary,English,89.0,11.0,20.0,4427.8,89%,89%,82%,71%,68%,1.0,7.0,5,585,Scarborough,43.81883,-79.3082,False
Kensington Community School School Junior,Toronto DSB,toronto,Elementary,English,76.0,15.0,5.0,4427.8,76%,81%,50%,N/R,N/R,-6.0,-9.0,25,125,Toronto,43.65639,-79.4057,False
Kensington Community School School Junior,Toronto DSB,toronto,Elementary,English,76.0,15.0,5.0,4427.8,76%,81%,50%,N/R,N/R,-6.0,-9.0,25,125,Toronto,43.65639,-79.4057,False
Kew Beach Junior Public School,Toronto DSB,toronto,Elementary,English,98.0,0.0,0.0,4427.8,98%,94%,79%,88%,70%,4.0,10.0,10,375,Toronto,43.66846,-79.3027,False
Kew Beach Junior Public School,Toronto DSB,toronto,Elementary,English,98.0,0.0,0.0,4427.8,98%,94%,79%,88%,70%,4.0,10.0,10,375,Toronto,43.66846,-79.3027,False
Kimberley Junior Public School,Toronto DSB,toronto,Elementary,English,85.0,10.0,0.0,4427.8,85%,81%,52%,83%,58%,-15.0,-16.0,10,315,Toronto,43.68261,-79.2991,False
Kimberley Junior Public School,Toronto DSB,toronto,Elementary,English,85.0,10.0,0.0,4427.8,85%,81%,52%,83%,58%,-15.0,-16.0,10,315,Toronto,43.68261,-79.2991,False
King Edward Junior and Senior Public School,Toronto DSB,toronto,Elementary,English,65.0,10.0,5.0,4427.8,65%,75%,45%,90%,40%,-27.0,3.0,10,490,Toronto,43.65824,-79.4074,False
King Edward Junior and Senior Public School,Toronto DSB,toronto,Elementary,English,65.0,10.0,5.0,4427.8,65%,75%,45%,90%,40%,-27.0,3.0,10,490,Toronto,43.65824,-79.4074,False
King George Junior Public School,Toronto DSB,toronto,Elementary,English,92.0,0.0,5.0,4427.8,92%,83%,58%,83%,80%,-8.0,-37.0,10,290,York,43.66316,-79.4869,False
King George Junior Public School,Toronto DSB,toronto,Elementary,English,92.0,0.0,5.0,4427.8,92%,83%,58%,83%,80%,-8.0,-37.0,10,290,York,43.66316,-79.4869,False
Knob Hill Public School,Toronto DSB,toronto,Elementary,English,78.0,14.0,11.0,4427.8,78%,73%,31%,68%,53%,7.0,-2.0,17,515,Scarborough,43.74529,-79.2498,False
Knob Hill Public School,Toronto DSB,toronto,Elementary,English,78.0,14.0,11.0,4427.8,78%,73%,31%,68%,53%,7.0,-2.0,17,515,Scarborough,43.74529,-79.2498,False
Lambton Kingsway Junior Middle School,Toronto DSB,toronto,Elementary,English,100.0,3.0,0.0,4427.8,100%,97%,85%,91%,90%,4.0,0.0,7,670,Etobicoke,43.65865,-79.5093,False
Lambton Kingsway Junior Middle School,Toronto DSB,toronto,Elementary,English,100.0,3.0,0.0,4427.8,100%,97%,85%,91%,90%,4.0,0.0,7,670,Etobicoke,43.65865,-79.5093,False
Lambton Park Community School,Toronto DSB,toronto,Elementary,English,58.0,15.0,5.0,4427.8,58%,42%,22%,59%,41%,-31.0,-11.0,25,180,York,43.66757,-79.4983,True
Lambton Park Community School,Toronto DSB,toronto,Elementary,English,58.0,15.0,5.0,4427.8,58%,42%,22%,59%,41%,-31.0,-11.0,25,180,York,43.66757,-79.4983,True
Lanor Junior Middle School,Toronto DSB,toronto,Elementary,English,84.0,5.0,0.0,4427.8,84%,77%,51%,65%,61%,-2.0,-14.0,10,380,Etobicoke,43.60945,-79.545,False
Lanor Junior Middle School,Toronto DSB,toronto,Elementary,English,84.0,5.0,0.0,4427.8,84%,77%,51%,65%,61%,-2.0,-14.0,10,380,Etobicoke,43.60945,-79.545,False
Lawrence Heights Middle School,Toronto DSB,toronto,Elementary,English,55.0,20.0,15.0,4427.8,55%,45%,5%,,,18.0,5.0,40,115,North York,43.72083,-79.4511,True
Lawrence Heights Middle School,Toronto DSB,toronto,Elementary,English,55.0,20.0,15.0,4427.8,55%,45%,5%,,,18.0,5.0,40,115,North York,43.72083,-79.4511,True
Ledbury Park Elementary and Middle School,Toronto DSB,toronto,Elementary,English,79.0,7.0,1.0,4427.8,79%,81%,53%,88%,88%,-5.0,-17.0,6,525,North York,43.72772,-79.427,False
Ledbury Park Elementary and Middle School,Toronto DSB,toronto,Elementary,English,79.0,7.0,1.0,4427.8,79%,81%,53%,88%,88%,-5.0,-17.0,6,525,North York,43.72772,-79.427,False
Leslieville Junior Public School,Toronto DSB,toronto,Elementary,English,86.0,5.0,5.0,4427.8,86%,81%,53%,68%,68%,3.0,0.0,30,255,Toronto,43.66731,-79.3324,False
Leslieville Junior Public School,Toronto DSB,toronto,Elementary,English,86.0,5.0,5.0,4427.8,86%,81%,53%,68%,68%,3.0,0.0,30,255,Toronto,43.66731,-79.3324,False
Lester B Pearson Elementary School,Toronto DSB,toronto,Elementary,English,100.0,15.0,0.0,4427.8,100%,92%,62%,N/D,82%,8.0,-18.0,0,360,Toronto,43.79233,-79.3873,False
Lester B Pearson Elementary School,Toronto DSB,toronto,Elementary,English,100.0,15.0,0.0,4427.8,100%,92%,62%,N/D,82%,8.0,-18.0,0,360,Toronto,43.79233,-79.3873,False
Lord Dufferin Junior and Senior Public School,Toronto DSB,toronto,Elementary,English,70.0,30.0,15.0,4427.8,70%,61%,9%,54%,34%,7.0,2.0,15,395,Toronto,43.66082,-79.3673,False
Lord Dufferin Junior and Senior Public School,Toronto DSB,toronto,Elementary,English,70.0,30.0,15.0,4427.8,70%,61%,9%,54%,34%,7.0,2.0,15,395,Toronto,43.66082,-79.3673,False
Lord Lansdowne Junior Public School,Toronto DSB,toronto,Elementary,English,100.0,15.0,0.0,4427.8,100%,97%,77%,N/D,85%,7.0,14.0,0,290,Toronto,43.65895,-79.4019,False
Lord Lansdowne Junior Public School,Toronto DSB,toronto,Elementary,English,100.0,15.0,0.0,4427.8,100%,97%,77%,N/D,85%,7.0,14.0,0,290,Toronto,43.65895,-79.4019,False
Lord Roberts Junior Public School,Toronto DSB,toronto,Elementary,English,91.0,10.0,5.0,4427.8,91%,81%,63%,85%,65%,8.0,21.0,5,385,Scarborough,43.74142,-79.2637,False
Lord Roberts Junior Public School,Toronto DSB,toronto,Elementary,English,91.0,10.0,5.0,4427.8,91%,81%,63%,85%,65%,8.0,21.0,5,385,Scarborough,43.74142,-79.2637,False
Lucy Maud Montgomery Public School,Toronto DSB,toronto,Elementary,English,79.0,5.0,15.0,4427.8,79%,74%,75%,47%,47%,-13.0,33.0,30,205,Scarborough,43.79691,-79.2094,False
Lucy Maud Montgomery Public School,Toronto DSB,toronto,Elementary,English,79.0,5.0,15.0,4427.8,79%,74%,75%,47%,47%,-13.0,33.0,30,205,Scarborough,43.79691,-79.2094,False
Lynngate Junior Public School,Toronto DSB,toronto,Elementary,English,60.0,15.0,10.0,4427.8,60%,47%,47%,69%,75%,-19.0,-10.0,15,150,Scarborough,43.77664,-79.3006,False
Lynngate Junior Public School,Toronto DSB,toronto,Elementary,English,60.0,15.0,10.0,4427.8,60%,47%,47%,69%,75%,-19.0,-10.0,15,150,Scarborough,43.77664,-79.3006,False
Lynnwood Heights Junior Public School,Toronto DSB,toronto,Elementary,English,100.0,15.0,10.0,4427.8,100%,96%,65%,88%,81%,0.0,-6.0,25,145,Toronto,43.79659,-79.2913,False
Lynnwood Heights Junior Public School,Toronto DSB,toronto,Elementary,English,100.0,15.0,10.0,4427.8,100%,96%,65%,88%,81%,0.0,-6.0,25,145,Toronto,43.79659,-79.2913,False
Macklin Public School,Toronto DSB,toronto,Elementary,English,90.0,20.0,10.0,4427.8,90%,80%,70%,68%,73%,-10.0,-30.0,10,425,Scarborough,43.82169,-79.2674,False
Macklin Public School,Toronto DSB,toronto,Elementary,English,90.0,20.0,10.0,4427.8,90%,80%,70%,68%,73%,-10.0,-30.0,10,425,Scarborough,43.82169,-79.2674,False
Malvern Junior Public School,Toronto DSB,toronto,Elementary,English,80.0,15.0,10.0,4427.8,80%,78%,43%,77%,62%,12.0,11.0,15,345,Toronto,43.79783,-79.2332,False
Malvern Junior Public School,Toronto DSB,toronto,Elementary,English,80.0,15.0,10.0,4427.8,80%,78%,43%,77%,62%,12.0,11.0,15,345,Toronto,43.79783,-79.2332,False
Maple Leaf Public School,Toronto DSB,toronto,Elementary,English,75.0,25.0,10.0,4427.8,75%,71%,21%,50%,23%,-4.0,3.0,10,345,North York,43.71484,-79.4903,False
Maple Leaf Public School,Toronto DSB,toronto,Elementary,English,75.0,25.0,10.0,4427.8,75%,71%,21%,50%,23%,-4.0,3.0,10,345,North York,43.71484,-79.4903,False
Market Lane Junior and Senior Public School,Toronto DSB,toronto,Elementary,English,85.0,15.0,5.0,4427.8,85%,81%,35%,65%,59%,20.0,-5.0,10,345,Toronto,43.64984,-79.3647,False
Market Lane Junior and Senior Public School,Toronto DSB,toronto,Elementary,English,85.0,15.0,5.0,4427.8,85%,81%,35%,65%,59%,20.0,-5.0,10,345,Toronto,43.64984,-79.3647,False
Mary Shadd Public School,Toronto DSB,toronto,Elementary,English,94.0,10.0,15.0,4427.8,94%,86%,36%,61%,64%,15.0,-9.0,5,385,Scarborough,43.81439,-79.2183,False
Mary Shadd Public School,Toronto DSB,toronto,Elementary,English,94.0,10.0,15.0,4427.8,94%,86%,36%,61%,64%,15.0,-9.0,5,385,Scarborough,43.81439,-79.2183,False
Maryvale Public School,Toronto DSB,toronto,Elementary,English,79.0,10.0,10.0,4427.8,79%,86%,43%,65%,40%,-8.0,-10.0,15,245,Scarborough,43.75478,-79.3079,False
Maryvale Public School,Toronto DSB,toronto,Elementary,English,79.0,10.0,10.0,4427.8,79%,86%,43%,65%,40%,-8.0,-10.0,15,245,Scarborough,43.75478,-79.3079,False
Mason Road Junior Public School,Toronto DSB,toronto,Elementary,English,56.0,20.0,10.0,4427.8,56%,55%,29%,28%,21%,-3.0,4.0,10,380,Scarborough,43.73914,-79.2256,True
Mason Road Junior Public School,Toronto DSB,toronto,Elementary,English,56.0,20.0,10.0,4427.8,56%,55%,29%,28%,21%,-3.0,4.0,10,380,Scarborough,43.73914,-79.2256,True
McMurrich Junior Public School,Toronto DSB,toronto,Elementary,English,91.0,5.0,5.0,4427.8,91%,88%,57%,82%,77%,-2.0,-14.0,20,495,Toronto,43.67807,-79.4311,False
McMurrich Junior Public School,Toronto DSB,toronto,Elementary,English,91.0,5.0,5.0,4427.8,91%,88%,57%,82%,77%,-2.0,-14.0,20,495,Toronto,43.67807,-79.4311,False
Meadowvale Public School,Toronto DSB,toronto,Elementary,English,89.0,10.0,5.0,4427.8,89%,82%,43%,83%,63%,-6.0,-19.0,5,310,Scarborough,43.7955,-79.1641,False
Meadowvale Public School,Toronto DSB,toronto,Elementary,English,89.0,10.0,5.0,4427.8,89%,82%,43%,83%,63%,-6.0,-19.0,5,310,Scarborough,43.7955,-79.1641,False
Melody Village Junior School,Toronto DSB,toronto,Elementary,English,92.0,10.0,10.0,4427.8,92%,77%,23%,N/D,54%,-8.0,-33.0,5,205,Etobicoke,43.73813,-79.5948,False
Melody Village Junior School,Toronto DSB,toronto,Elementary,English,92.0,10.0,10.0,4427.8,92%,77%,23%,N/D,54%,-8.0,-33.0,5,205,Etobicoke,43.73813,-79.5948,False
Military Trail Public School,Toronto DSB,toronto,Elementary,English,47.0,30.0,10.0,4427.8,47%,45%,25%,58%,42%,-24.0,-9.0,10,400,Scarborough,43.78911,-79.1971,True
Military Trail Public School,Toronto DSB,toronto,Elementary,English,47.0,30.0,10.0,4427.8,47%,45%,25%,58%,42%,-24.0,-9.0,10,400,Scarborough,43.78911,-79.1971,True
Milliken Public School,Toronto DSB,toronto,Elementary,English,94.0,15.0,25.0,4427.8,94%,97%,76%,73%,66%,14.0,29.0,5,295,Scarborough,43.81658,-79.2885,False
Milliken Public School,Toronto DSB,toronto,Elementary,English,94.0,15.0,25.0,4427.8,94%,97%,76%,73%,66%,14.0,29.0,5,295,Scarborough,43.81658,-79.2885,False
Milne Valley Middle School,Toronto DSB,toronto,Elementary,English,68.0,16.0,7.0,4427.8,68%,68%,29%,,,-10.0,-9.0,22,535,North York,43.74741,-79.3268,False
Milne Valley Middle School,Toronto DSB,toronto,Elementary,English,68.0,16.0,7.0,4427.8,68%,68%,29%,,,-10.0,-9.0,22,535,North York,43.74741,-79.3268,False
Montrose Junior Public School,Toronto DSB,toronto,Elementary,English,81.0,5.0,0.0,4427.8,81%,75%,75%,80%,93%,-19.0,8.0,5,190,Toronto,43.65867,-79.4188,False
Montrose Junior Public School,Toronto DSB,toronto,Elementary,English,81.0,5.0,0.0,4427.8,81%,75%,75%,80%,93%,-19.0,8.0,5,190,Toronto,43.65867,-79.4188,False
Morrish Public School,Toronto DSB,toronto,Elementary,English,75.0,10.0,5.0,4427.8,75%,75%,44%,81%,58%,-16.0,-29.0,20,330,Scarborough,43.7933,-79.1792,False
Morrish Public School,Toronto DSB,toronto,Elementary,English,75.0,10.0,5.0,4427.8,75%,75%,44%,81%,58%,-16.0,-29.0,20,330,Scarborough,43.7933,-79.1792,False
Morse Street Junior Public School,Toronto DSB,toronto,Elementary,English,93.0,5.0,0.0,4427.8,93%,81%,73%,85%,67%,-4.0,-1.0,10,395,Toronto,43.66016,-79.3402,False
Morse Street Junior Public School,Toronto DSB,toronto,Elementary,English,93.0,5.0,0.0,4427.8,93%,81%,73%,85%,67%,-4.0,-1.0,10,395,Toronto,43.66016,-79.3402,False
Mountview Alternative School School,Toronto DSB,toronto,Elementary,English,73.0,10.0,0.0,4427.8,73%,73%,64%,N/R,N/R,-27.0,-7.0,15,105,Toronto,43.6575,-79.4616,False
Mountview Alternative School School,Toronto DSB,toronto,Elementary,English,73.0,10.0,0.0,4427.8,73%,73%,64%,N/R,N/R,-27.0,-7.0,15,105,Toronto,43.6575,-79.4616,False
Nelson Mandela Park Public School,Toronto DSB,toronto,Elementary,English,48.0,25.0,15.0,4427.8,48%,48%,10%,43%,24%,-33.0,-23.0,20,400,Toronto,43.65816,-79.3607,True
Nelson Mandela Park Public School,Toronto DSB,toronto,Elementary,English,48.0,25.0,15.0,4427.8,48%,48%,10%,43%,24%,-33.0,-23.0,20,400,Toronto,43.65816,-79.3607,True
Niagara Street Junior Public School,Toronto DSB,toronto,Elementary,English,100.0,10.0,0.0,4427.8,100%,100%,80%,72%,66%,11.0,12.0,10,315,Toronto,43.64393,-79.4082,False
Niagara Street Junior Public School,Toronto DSB,toronto,Elementary,English,100.0,10.0,0.0,4427.8,100%,100%,80%,72%,66%,11.0,12.0,10,315,Toronto,43.64393,-79.4082,False
Norman Cook Junior Public School,Toronto DSB,toronto,Elementary,English,76.0,10.0,0.0,4427.8,76%,71%,53%,28%,44%,-10.0,-4.0,10,175,Scarborough,43.71903,-79.2578,False
Norman Cook Junior Public School,Toronto DSB,toronto,Elementary,English,76.0,10.0,0.0,4427.8,76%,71%,53%,28%,44%,-10.0,-4.0,10,175,Scarborough,43.71903,-79.2578,False
Norseman Junior Middle School,Toronto DSB,toronto,Elementary,English,90.0,5.0,0.0,4427.8,90%,92%,79%,85%,73%,-4.0,16.0,9,825,Etobicoke,43.6343,-79.5163,False
Norseman Junior Middle School,Toronto DSB,toronto,Elementary,English,90.0,5.0,0.0,4427.8,90%,92%,79%,85%,73%,-4.0,16.0,9,825,Etobicoke,43.6343,-79.5163,False
North Agincourt Junior Public School,Toronto DSB,toronto,Elementary,English,98.0,10.0,10.0,4427.8,98%,91%,80%,68%,61%,0.0,10.0,0,330,Scarborough,43.79645,-79.2761,False
North Agincourt Junior Public School,Toronto DSB,toronto,Elementary,English,98.0,10.0,10.0,4427.8,98%,91%,80%,68%,61%,0.0,10.0,0,330,Scarborough,43.79645,-79.2761,False
North Bendale Junior Public School,Toronto DSB,toronto,Elementary,English,92.0,10.0,0.0,4427.8,92%,69%,46%,83%,72%,4.0,-25.0,15,135,Scarborough,43.77045,-79.2476,False
North Bendale Junior Public School,Toronto DSB,toronto,Elementary,English,92.0,10.0,0.0,4427.8,92%,69%,46%,83%,72%,4.0,-25.0,15,135,Scarborough,43.77045,-79.2476,False
North Bridlewood Junior Public School,Toronto DSB,toronto,Elementary,English,81.0,15.0,10.0,4427.8,81%,85%,69%,78%,70%,-14.0,-2.0,10,235,Scarborough,43.78891,-79.3186,False
North Bridlewood Junior Public School,Toronto DSB,toronto,Elementary,English,81.0,15.0,10.0,4427.8,81%,85%,69%,78%,70%,-14.0,-2.0,10,235,Scarborough,43.78891,-79.3186,False
North Kipling Junior Middle School,Toronto DSB,toronto,Elementary,English,51.0,18.0,24.0,4427.8,51%,51%,24%,48%,29%,-31.0,-13.0,5,575,Etobicoke,43.75185,-79.5843,True
North Kipling Junior Middle School,Toronto DSB,toronto,Elementary,English,51.0,18.0,24.0,4427.8,51%,51%,24%,48%,29%,-31.0,-13.0,5,575,Etobicoke,43.75185,-79.5843,True
North Preparatory Junior Public School,Toronto DSB,toronto,Elementary,English,71.0,15.0,0.0,4427.8,71%,81%,52%,67%,71%,-8.0,5.0,5,235,Toronto,43.70569,-79.4202,False
North Preparatory Junior Public School,Toronto DSB,toronto,Elementary,English,71.0,15.0,0.0,4427.8,71%,81%,52%,67%,71%,-8.0,5.0,5,235,Toronto,43.70569,-79.4202,False
Northlea Elementary and Middle School,Toronto DSB,toronto,Elementary,English,93.0,6.0,0.0,4427.8,93%,89%,64%,87%,80%,-3.0,-9.0,12,755,East York,43.71444,-79.3695,False
Northlea Elementary and Middle School,Toronto DSB,toronto,Elementary,English,93.0,6.0,0.0,4427.8,93%,89%,64%,87%,80%,-3.0,-9.0,12,755,East York,43.71444,-79.3695,False
Norway Junior Public School,Toronto DSB,toronto,Elementary,English,94.0,10.0,0.0,4427.8,94%,89%,66%,79%,67%,6.0,16.0,10,330,Toronto,43.6765,-79.3063,False
Norway Junior Public School,Toronto DSB,toronto,Elementary,English,94.0,10.0,0.0,4427.8,94%,89%,66%,79%,67%,6.0,16.0,10,330,Toronto,43.6765,-79.3063,False
Oakdale Park Middle School,Toronto DSB,toronto,Elementary,English,67.0,20.0,20.0,4427.8,67%,66%,34%,,,-9.0,9.0,30,420,North York,43.74746,-79.512,False
Oakdale Park Middle School,Toronto DSB,toronto,Elementary,English,67.0,20.0,20.0,4427.8,67%,66%,34%,,,-9.0,9.0,30,420,North York,43.74746,-79.512,False
Ogden Junior Public School,Toronto DSB,toronto,Elementary,English,83.0,20.0,5.0,4427.8,83%,83%,54%,85%,47%,-17.0,4.0,0,200,Toronto,43.64986,-79.3954,False
Ogden Junior Public School,Toronto DSB,toronto,Elementary,English,83.0,20.0,5.0,4427.8,83%,83%,54%,85%,47%,-17.0,4.0,0,200,Toronto,43.64986,-79.3954,False
Orde Street Public School,Toronto DSB,toronto,Elementary,English,79.0,20.0,5.0,4427.8,79%,82%,64%,69%,59%,-15.0,-10.0,10,445,Toronto,43.65862,-79.3923,False
Orde Street Public School,Toronto DSB,toronto,Elementary,English,79.0,20.0,5.0,4427.8,79%,82%,64%,69%,59%,-15.0,-10.0,10,445,Toronto,43.65862,-79.3923,False
Ossington/Old Orchard Junior Public School,Toronto DSB,toronto,Elementary,English,97.0,0.0,5.0,4427.8,97%,97%,83%,90%,97%,5.0,18.0,10,240,Toronto,43.6527,-79.4226,False
Ossington/Old Orchard Junior Public School,Toronto DSB,toronto,Elementary,English,97.0,0.0,5.0,4427.8,97%,97%,83%,90%,97%,5.0,18.0,10,240,Toronto,43.6527,-79.4226,False
Palmerston Avenue Junior Public School,Toronto DSB,toronto,Elementary,English,91.0,5.0,0.0,4427.8,91%,94%,87%,67%,69%,-7.0,12.0,0,370,Toronto,43.66904,-79.4153,False
Palmerston Avenue Junior Public School,Toronto DSB,toronto,Elementary,English,91.0,5.0,0.0,4427.8,91%,94%,87%,67%,69%,-7.0,12.0,0,370,Toronto,43.66904,-79.4153,False
Pape Avenue Junior Public School,Toronto DSB,toronto,Elementary,English,100.0,10.0,5.0,4427.8,100%,95%,84%,95%,95%,2.0,4.0,10,305,Toronto,43.67045,-79.342,False
Pape Avenue Junior Public School,Toronto DSB,toronto,Elementary,English,100.0,10.0,5.0,4427.8,100%,95%,84%,95%,95%,2.0,4.0,10,305,Toronto,43.67045,-79.342,False
Park Lawn Junior and Middle School,Toronto DSB,toronto,Elementary,English,85.0,9.0,3.0,4427.8,85%,87%,64%,83%,72%,-4.0,-5.0,12,530,Etobicoke,43.6377,-79.4964,False
Park Lawn Junior and Middle School,Toronto DSB,toronto,Elementary,English,85.0,9.0,3.0,4427.8,85%,87%,64%,83%,72%,-4.0,-5.0,12,530,Etobicoke,43.6377,-79.4964,False
Parkdale Junior and Senior Public School,Toronto DSB,toronto,Elementary,English,64.0,10.0,10.0,4427.8,64%,70%,21%,36%,10%,-19.0,-14.0,10,475,Toronto,43.64339,-79.4371,False
Parkdale Junior and Senior Public School,Toronto DSB,toronto,Elementary,English,64.0,10.0,10.0,4427.8,64%,70%,21%,36%,10%,-19.0,-14.0,10,475,Toronto,43.64339,-79.4371,False
Pauline Johnson Junior Public School,Toronto DSB,toronto,Elementary,English,68.0,20.0,15.0,4427.8,68%,73%,27%,48%,47%,7.0,-6.0,10,340,Scarborough,43.78488,-79.3035,False
Pauline Johnson Junior Public School,Toronto DSB,toronto,Elementary,English,68.0,20.0,15.0,4427.8,68%,73%,27%,48%,47%,7.0,-6.0,10,340,Scarborough,43.78488,-79.3035,False
Pauline Junior Public School,Toronto DSB,toronto,Elementary,English,86.0,5.0,10.0,4427.8,86%,95%,52%,76%,62%,-14.0,7.0,10,215,Toronto,43.66258,-79.4392,False
Pauline Junior Public School,Toronto DSB,toronto,Elementary,English,86.0,5.0,10.0,4427.8,86%,95%,52%,76%,62%,-14.0,7.0,10,215,Toronto,43.66258,-79.4392,False
Percy Williams Junior Public School,Toronto DSB,toronto,Elementary,English,98.0,10.0,20.0,4427.8,98%,98%,78%,92%,82%,6.0,4.0,5,345,Toronto,43.81266,-79.2657,False
Percy Williams Junior Public School,Toronto DSB,toronto,Elementary,English,98.0,10.0,20.0,4427.8,98%,98%,78%,92%,82%,6.0,4.0,5,345,Toronto,43.81266,-79.2657,False
Perth Avenue Junior Public School,Toronto DSB,toronto,Elementary,English,92.0,9.0,2.0,4427.8,92%,81%,58%,65%,52%,11.0,25.0,9,545,Toronto,43.66282,-79.4524,False
Perth Avenue Junior Public School,Toronto DSB,toronto,Elementary,English,92.0,9.0,2.0,4427.8,92%,81%,58%,65%,52%,11.0,25.0,9,545,Toronto,43.66282,-79.4524,False
Pierre Laporte Middle School,Toronto DSB,toronto,Elementary,English,80.0,10.0,10.0,4427.8,80%,86%,49%,,,2.0,5.0,15,360,North York,43.72507,-79.4921,False
Pierre Laporte Middle School,Toronto DSB,toronto,Elementary,English,80.0,10.0,10.0,4427.8,80%,86%,49%,,,2.0,5.0,15,360,North York,43.72507,-79.4921,False
Pleasant Public School,Toronto DSB,toronto,Elementary,English,69.0,15.0,5.0,4427.8,69%,67%,48%,71%,59%,-29.0,-6.0,10,390,North York,43.79008,-79.4341,False
Pleasant Public School,Toronto DSB,toronto,Elementary,English,69.0,15.0,5.0,4427.8,69%,67%,48%,71%,59%,-29.0,-6.0,10,390,North York,43.79008,-79.4341,False
Pleasant View Middle School,Toronto DSB,toronto,Elementary,English,82.0,15.0,5.0,4427.8,82%,86%,51%,,,-12.0,-21.0,10,245,North York,43.78748,-79.3339,False
Pleasant View Middle School,Toronto DSB,toronto,Elementary,English,82.0,15.0,5.0,4427.8,82%,86%,51%,,,-12.0,-21.0,10,245,North York,43.78748,-79.3339,False
Poplar Road Junior Public School,Toronto DSB,toronto,Elementary,English,100.0,5.0,0.0,4427.8,100%,94%,81%,100%,100%,6.0,-4.0,15,210,Scarborough,43.75373,-79.1872,False
Poplar Road Junior Public School,Toronto DSB,toronto,Elementary,English,100.0,5.0,0.0,4427.8,100%,94%,81%,100%,100%,6.0,-4.0,15,210,Scarborough,43.75373,-79.1872,False
Port Royal Public School,Toronto DSB,toronto,Elementary,English,100.0,10.0,20.0,4427.8,100%,93%,63%,84%,79%,10.0,-8.0,10,370,Scarborough,43.82463,-79.29,False
Port Royal Public School,Toronto DSB,toronto,Elementary,English,100.0,10.0,20.0,4427.8,100%,93%,63%,84%,79%,10.0,-8.0,10,370,Scarborough,43.82463,-79.29,False
Portage Trail Community School,Toronto DSB,toronto,Elementary,English,64.0,20.0,20.0,4427.8,64%,48%,22%,42%,33%,5.0,10.0,10,490,North York,43.69276,-79.5098,False
Portage Trail Community School,Toronto DSB,toronto,Elementary,English,64.0,20.0,20.0,4427.8,64%,48%,22%,42%,33%,5.0,10.0,10,490,North York,43.69276,-79.5098,False
Queen Alexandra Middle School,Toronto DSB,toronto,Elementary,English,86.0,15.0,10.0,4427.8,86%,87%,62%,,,5.0,9.0,20,415,Toronto,43.66153,-79.3499,False
Queen Alexandra Middle School,Toronto DSB,toronto,Elementary,English,86.0,15.0,10.0,4427.8,86%,87%,62%,,,5.0,9.0,20,415,Toronto,43.66153,-79.3499,False
R J Lang Elementary and Middle School,Toronto DSB,toronto,Elementary,English,69.0,15.0,0.0,4427.8,69%,66%,41%,68%,59%,-19.0,-23.0,15,480,North York,43.78348,-79.4265,False
R J Lang Elementary and Middle School,Toronto DSB,toronto,Elementary,English,69.0,15.0,0.0,4427.8,69%,66%,41%,68%,59%,-19.0,-23.0,15,480,North York,43.78348,-79.4265,False
Rawlinson Community School,Toronto DSB,toronto,Elementary,English,88.0,8.0,7.0,4427.8,88%,79%,40%,35%,41%,4.0,-1.0,8,685,York,43.68382,-79.4399,False
Rawlinson Community School,Toronto DSB,toronto,Elementary,English,88.0,8.0,7.0,4427.8,88%,79%,40%,35%,41%,4.0,-1.0,8,685,York,43.68382,-79.4399,False
Regal Road Junior Public School,Toronto DSB,toronto,Elementary,English,89.0,5.0,0.0,4427.8,89%,92%,61%,84%,70%,-1.0,19.0,10,450,Toronto,43.67377,-79.4401,False
Regal Road Junior Public School,Toronto DSB,toronto,Elementary,English,89.0,5.0,0.0,4427.8,89%,92%,61%,84%,70%,-1.0,19.0,10,450,Toronto,43.67377,-79.4401,False
Regent Heights Public School,Toronto DSB,toronto,Elementary,English,79.0,20.0,0.0,4427.8,79%,75%,40%,60%,54%,-12.0,-13.0,5,490,Scarborough,43.70707,-79.2892,False
Regent Heights Public School,Toronto DSB,toronto,Elementary,English,79.0,20.0,0.0,4427.8,79%,75%,40%,60%,54%,-12.0,-13.0,5,490,Scarborough,43.70707,-79.2892,False
Rockford Public School,Toronto DSB,toronto,Elementary,English,67.0,12.0,2.0,4427.8,67%,80%,43%,58%,50%,-11.0,-2.0,5,750,North York,43.78611,-79.4525,False
Rockford Public School,Toronto DSB,toronto,Elementary,English,67.0,12.0,2.0,4427.8,67%,80%,43%,58%,50%,-11.0,-2.0,5,750,North York,43.78611,-79.4525,False
Roden Public School,Toronto DSB,toronto,Elementary,English,63.0,10.0,0.0,4427.8,63%,76%,37%,68%,56%,-13.0,0.0,10,440,Toronto,43.67387,-79.3231,False
Roden Public School,Toronto DSB,toronto,Elementary,English,63.0,10.0,0.0,4427.8,63%,76%,37%,68%,56%,-13.0,0.0,10,440,Toronto,43.67387,-79.3231,False
Rolph Road Elementary School,Toronto DSB,toronto,Elementary,English,95.0,0.0,0.0,4427.8,95%,98%,71%,71%,79%,5.0,30.0,5,315,East York,43.69982,-79.366,False
Rolph Road Elementary School,Toronto DSB,toronto,Elementary,English,95.0,0.0,0.0,4427.8,95%,98%,71%,71%,79%,5.0,30.0,5,315,East York,43.69982,-79.366,False
Rose Avenue Junior Public School,Toronto DSB,toronto,Elementary,English,62.0,24.0,11.0,4427.8,62%,76%,18%,39%,29%,-3.0,-4.0,4,690,Toronto,43.67021,-79.3727,False
Rose Avenue Junior Public School,Toronto DSB,toronto,Elementary,English,62.0,24.0,11.0,4427.8,62%,76%,18%,39%,29%,-3.0,-4.0,4,690,Toronto,43.67021,-79.3727,False
Rosedale Junior Public School,Toronto DSB,toronto,Elementary,English,87.0,10.0,0.0,4427.8,87%,87%,57%,83%,74%,-8.0,-25.0,5,215,Toronto,43.67765,-79.3817,False
Rosedale Junior Public School,Toronto DSB,toronto,Elementary,English,87.0,10.0,0.0,4427.8,87%,87%,57%,83%,74%,-8.0,-25.0,5,215,Toronto,43.67765,-79.3817,False
Roselands Junior Public School,Toronto DSB,toronto,Elementary,English,62.0,15.0,15.0,4427.8,62%,55%,37%,26%,21%,-10.0,23.0,10,355,York,43.68122,-79.4991,False
Roselands Junior Public School,Toronto DSB,toronto,Elementary,English,62.0,15.0,15.0,4427.8,62%,55%,37%,26%,21%,-10.0,23.0,10,355,York,43.68122,-79.4991,False
Rouge Valley Public School,Toronto DSB,toronto,Elementary,English,71.0,5.0,0.0,4427.8,71%,64%,43%,47%,26%,-8.0,11.0,10,200,Scarborough,43.7994,-79.151,False
Rouge Valley Public School,Toronto DSB,toronto,Elementary,English,71.0,5.0,0.0,4427.8,71%,64%,43%,47%,26%,-8.0,11.0,10,200,Scarborough,43.7994,-79.151,False
Runnymede Junior and Senior Public School,Toronto DSB,toronto,Elementary,English,91.0,3.0,1.0,4427.8,91%,94%,66%,87%,83%,-8.0,-3.0,5,955,Toronto,43.65592,-79.4775,False
Runnymede Junior and Senior Public School,Toronto DSB,toronto,Elementary,English,91.0,3.0,1.0,4427.8,91%,94%,66%,87%,83%,-8.0,-3.0,5,955,Toronto,43.65592,-79.4775,False
Ryerson Community School Junior Senior,Toronto DSB,toronto,Elementary,English,64.0,15.0,15.0,4427.8,64%,68%,9%,76%,68%,-20.0,-33.0,10,320,Toronto,43.65121,-79.4026,False
Ryerson Community School Junior Senior,Toronto DSB,toronto,Elementary,English,64.0,15.0,15.0,4427.8,64%,68%,9%,76%,68%,-20.0,-33.0,10,320,Toronto,43.65121,-79.4026,False
Samuel Hearne Public School,Toronto DSB,toronto,Elementary,English,75.0,25.0,10.0,4427.8,75%,72%,46%,,,-7.0,-3.0,15,320,Scarborough,43.69488,-79.2836,False
Samuel Hearne Public School,Toronto DSB,toronto,Elementary,English,75.0,25.0,10.0,4427.8,75%,72%,46%,,,-7.0,-3.0,15,320,Scarborough,43.69488,-79.2836,False
Scarborough Village Public School,Toronto DSB,toronto,Elementary,English,53.0,15.0,10.0,4427.8,53%,65%,19%,62%,62%,10.0,19.0,40,205,Scarborough,43.74407,-79.2221,True
Scarborough Village Public School,Toronto DSB,toronto,Elementary,English,53.0,15.0,10.0,4427.8,53%,65%,19%,62%,62%,10.0,19.0,40,205,Scarborough,43.74407,-79.2221,True
Second Street Junior Middle School,Toronto DSB,toronto,Elementary,English,72.0,11.0,3.0,4427.8,72%,75%,43%,40%,55%,-20.0,5.0,16,600,Etobicoke,43.60429,-79.5,False
Second Street Junior Middle School,Toronto DSB,toronto,Elementary,English,72.0,11.0,3.0,4427.8,72%,75%,43%,40%,55%,-20.0,5.0,16,600,Etobicoke,43.60429,-79.5,False
Shaughnessy Public School,Toronto DSB,toronto,Elementary,English,87.0,10.0,0.0,4427.8,87%,73%,33%,82%,82%,-2.0,-30.0,20,195,North York,43.77026,-79.3515,False
Shaughnessy Public School,Toronto DSB,toronto,Elementary,English,87.0,10.0,0.0,4427.8,87%,73%,33%,82%,82%,-2.0,-30.0,20,195,North York,43.77026,-79.3515,False
Shirley Street Junior Public School,Toronto DSB,toronto,Elementary,English,100.0,5.0,10.0,4427.8,100%,92%,75%,93%,73%,14.0,16.0,5,150,Toronto,43.64852,-79.4367,False
Shirley Street Junior Public School,Toronto DSB,toronto,Elementary,English,100.0,5.0,10.0,4427.8,100%,92%,75%,93%,73%,14.0,16.0,5,150,Toronto,43.64852,-79.4367,False
Silver Springs Public School,Toronto DSB,toronto,Elementary,English,85.0,10.0,10.0,4427.8,85%,82%,59%,55%,55%,39.0,42.0,20,350,Scarborough,43.80442,-79.3024,False
Silver Springs Public School,Toronto DSB,toronto,Elementary,English,85.0,10.0,10.0,4427.8,85%,82%,59%,55%,55%,39.0,42.0,20,350,Scarborough,43.80442,-79.3024,False
Silverthorn Community School,Toronto DSB,toronto,Elementary,English,76.0,10.0,20.0,4427.8,76%,59%,44%,71%,52%,-12.0,0.0,25,310,Toronto,43.68724,-79.4694,False
Silverthorn Community School,Toronto DSB,toronto,Elementary,English,76.0,10.0,20.0,4427.8,76%,59%,44%,71%,52%,-12.0,0.0,25,310,Toronto,43.68724,-79.4694,False
Sir Samuel B Steele Junior Public School,Toronto DSB,toronto,Elementary,English,85.0,10.0,10.0,4427.8,85%,90%,42%,62%,43%,-4.0,-12.0,10,325,Scarborough,43.80714,-79.3272,False
Sir Samuel B Steele Junior Public School,Toronto DSB,toronto,Elementary,English,85.0,10.0,10.0,4427.8,85%,90%,42%,62%,43%,-4.0,-12.0,10,325,Scarborough,43.80714,-79.3272,False
Smithfield Middle School,Toronto DSB,toronto,Elementary,English,77.0,10.0,20.0,4427.8,77%,76%,51%,,,-9.0,5.0,20,455,Etobicoke,43.74973,-79.5956,False
Smithfield Middle School,Toronto DSB,toronto,Elementary,English,77.0,10.0,20.0,4427.8,77%,76%,51%,,,-9.0,5.0,20,455,Etobicoke,43.74973,-79.5956,False
Sprucecourt Junior Public School,Toronto DSB,toronto,Elementary,English,81.0,20.0,0.0,4427.8,81%,85%,27%,68%,36%,9.0,3.0,20,320,Toronto,43.66448,-79.3638,False
Sprucecourt Junior Public School,Toronto DSB,toronto,Elementary,English,81.0,20.0,0.0,4427.8,81%,85%,27%,68%,36%,9.0,3.0,20,320,Toronto,43.66448,-79.3638,False
St Andrew's Middle School,Toronto DSB,toronto,Elementary,English,89.0,10.0,0.0,4427.8,89%,90%,78%,,,-1.0,15.0,10,380,North York,43.75159,-79.3903,False
St Andrew's Middle School,Toronto DSB,toronto,Elementary,English,89.0,10.0,0.0,4427.8,89%,90%,78%,,,-1.0,15.0,10,380,North York,43.75159,-79.3903,False
St Andrews Public School,Toronto DSB,toronto,Elementary,English,97.0,15.0,0.0,4427.8,97%,92%,64%,80%,69%,8.0,-3.0,10,495,Scarborough,43.76664,-79.2548,False
St Andrews Public School,Toronto DSB,toronto,Elementary,English,97.0,15.0,0.0,4427.8,97%,92%,64%,80%,69%,8.0,-3.0,10,495,Scarborough,43.76664,-79.2548,False
St Margaret's Public School,Toronto DSB,toronto,Elementary,English,61.0,30.0,10.0,4427.8,61%,74%,17%,78%,54%,-27.0,-11.0,15,275,Scarborough,43.76787,-79.1958,False
St Margaret's Public School,Toronto DSB,toronto,Elementary,English,61.0,30.0,10.0,4427.8,61%,74%,17%,78%,54%,-27.0,-11.0,15,275,Scarborough,43.76787,-79.1958,False
Summit Heights Public School,Toronto DSB,toronto,Elementary,English,86.0,10.0,0.0,4427.8,86%,92%,78%,73%,73%,-9.0,-4.0,10,390,North York,43.74131,-79.43,False
Summit Heights Public School,Toronto DSB,toronto,Elementary,English,86.0,10.0,0.0,4427.8,86%,92%,78%,73%,73%,-9.0,-4.0,10,390,North York,43.74131,-79.43,False
Swansea Junior and Senior Junior and Senior Public School,Toronto DSB,toronto,Elementary,English,94.0,8.0,2.0,4427.8,94%,90%,69%,86%,86%,2.0,7.0,5,970,Toronto,43.64345,-79.4771,False
Swansea Junior and Senior Junior and Senior Public School,Toronto DSB,toronto,Elementary,English,94.0,8.0,2.0,4427.8,94%,90%,69%,86%,86%,2.0,7.0,5,970,Toronto,43.64345,-79.4771,False
Tam O'Shanter Junior Public School,Toronto DSB,toronto,Elementary,English,57.0,15.0,10.0,4427.8,57%,64%,21%,61%,61%,-23.0,-12.0,5,290,Scarborough,43.78495,-79.2975,True
Tam O'Shanter Junior Public School,Toronto DSB,toronto,Elementary,English,57.0,15.0,10.0,4427.8,57%,64%,21%,61%,61%,-23.0,-12.0,5,290,Scarborough,43.78495,-79.2975,True
Taylor Creek Public School,Toronto DSB,toronto,Elementary,English,70.0,20.0,15.0,4427.8,70%,72%,25%,67%,32%,-15.0,-9.0,20,410,Scarborough,43.70003,-79.2773,False
Taylor Creek Public School,Toronto DSB,toronto,Elementary,English,70.0,20.0,15.0,4427.8,70%,72%,25%,67%,32%,-15.0,-9.0,20,410,Scarborough,43.70003,-79.2773,False
Terraview-Willowfield Public School,Toronto DSB,toronto,Elementary,English,77.0,10.0,10.0,4427.8,77%,81%,62%,69%,73%,-14.0,9.0,15,270,Scarborough,43.76378,-79.3086,False
Terraview-Willowfield Public School,Toronto DSB,toronto,Elementary,English,77.0,10.0,10.0,4427.8,77%,81%,62%,69%,73%,-14.0,9.0,15,270,Scarborough,43.76378,-79.3086,False
Terry Fox Public School,Toronto DSB,toronto,Elementary,English,79.0,10.0,20.0,4427.8,79%,82%,85%,46%,54%,-9.0,20.0,10,330,Scarborough,43.81589,-79.3187,False
Terry Fox Public School,Toronto DSB,toronto,Elementary,English,79.0,10.0,20.0,4427.8,79%,82%,85%,46%,54%,-9.0,20.0,10,330,Scarborough,43.81589,-79.3187,False
The Elms Junior Middle School,Toronto DSB,toronto,Elementary,English,59.0,20.0,15.0,4427.8,59%,61%,23%,67%,45%,7.0,8.0,20,465,Etobicoke,43.72222,-79.5521,True
The Elms Junior Middle School,Toronto DSB,toronto,Elementary,English,59.0,20.0,15.0,4427.8,59%,61%,23%,67%,45%,7.0,8.0,20,465,Etobicoke,43.72222,-79.5521,True
The Grove Community School,Toronto DSB,toronto,Elementary,English,100.0,10.0,0.0,4427.8,100%,75%,42%,70%,80%,0.0,-15.0,10,100,Toronto,43.64579,-79.4284,False
The Grove Community School,Toronto DSB,toronto,Elementary,English,100.0,10.0,0.0,4427.8,100%,75%,42%,70%,80%,0.0,-15.0,10,100,Toronto,43.64579,-79.4284,False
The Waterfront School,Toronto DSB,toronto,Elementary,English,75.0,10.0,0.0,4427.8,75%,75%,50%,79%,58%,30.0,32.0,5,195,Toronto,43.63586,-79.3971,False
The Waterfront School,Toronto DSB,toronto,Elementary,English,75.0,10.0,0.0,4427.8,75%,75%,50%,79%,58%,30.0,32.0,5,195,Toronto,43.63586,-79.3971,False
Thomas L Wells Public School,Toronto DSB,toronto,Elementary,English,96.0,5.0,10.0,4427.8,96%,98%,81%,97%,86%,0.0,16.0,5,480,Scarborough,43.82436,-79.2263,False
Thomas L Wells Public School,Toronto DSB,toronto,Elementary,English,96.0,5.0,10.0,4427.8,96%,98%,81%,97%,86%,0.0,16.0,5,480,Scarborough,43.82436,-79.2263,False
Timberbank Junior Public School,Toronto DSB,toronto,Elementary,English,86.0,10.0,10.0,4427.8,86%,86%,62%,72%,38%,7.0,5.0,5,205,Scarborough,43.79146,-79.3073,False
Timberbank Junior Public School,Toronto DSB,toronto,Elementary,English,86.0,10.0,10.0,4427.8,86%,86%,62%,72%,38%,7.0,5.0,5,205,Scarborough,43.79146,-79.3073,False
Tom Longboat Junior Public School,Toronto DSB,toronto,Elementary,English,90.0,10.0,5.0,4427.8,90%,84%,61%,83%,67%,8.0,16.0,5,265,Scarborough,43.81044,-79.2316,False
Tom Longboat Junior Public School,Toronto DSB,toronto,Elementary,English,90.0,10.0,5.0,4427.8,90%,84%,61%,83%,67%,8.0,16.0,5,265,Scarborough,43.81044,-79.2316,False
Tredway Woodsworth Public School,Toronto DSB,toronto,Elementary,English,67.0,16.0,10.0,4427.8,67%,61%,31%,46%,44%,-10.0,-10.0,13,610,Scarborough,43.76502,-79.2352,False
Tredway Woodsworth Public School,Toronto DSB,toronto,Elementary,English,67.0,16.0,10.0,4427.8,67%,61%,31%,46%,44%,-10.0,-10.0,13,610,Scarborough,43.76502,-79.2352,False
Valley Park Middle School,Toronto DSB,toronto,Elementary,English,47.0,28.0,16.0,4427.8,47%,50%,24%,,,-12.0,2.0,16,1030,East York,43.7102,-79.3354,True
Valley Park Middle School,Toronto DSB,toronto,Elementary,English,47.0,28.0,16.0,4427.8,47%,50%,24%,,,-12.0,2.0,16,1030,East York,43.7102,-79.3354,True
Valleyfield Junior School,Toronto DSB,toronto,Elementary,English,100.0,20.0,10.0,4427.8,100%,100%,75%,60%,50%,0.0,4.0,10,285,Etobicoke,43.69409,-79.5388,False
Valleyfield Junior School,Toronto DSB,toronto,Elementary,English,100.0,20.0,10.0,4427.8,100%,100%,75%,60%,50%,0.0,4.0,10,285,Etobicoke,43.69409,-79.5388,False
Vradenburg Junior Public School,Toronto DSB,toronto,Elementary,English,74.0,10.0,5.0,4427.8,74%,89%,57%,77%,62%,-20.0,-25.0,0,240,Scarborough,43.77434,-79.3083,False
Vradenburg Junior Public School,Toronto DSB,toronto,Elementary,English,74.0,10.0,5.0,4427.8,74%,89%,57%,77%,62%,-20.0,-25.0,0,240,Scarborough,43.77434,-79.3083,False
Walter Perry Junior Public School,Toronto DSB,toronto,Elementary,English,68.0,20.0,10.0,4427.8,68%,74%,39%,69%,49%,-6.0,-6.0,5,325,Scarborough,43.73345,-79.2512,False
Walter Perry Junior Public School,Toronto DSB,toronto,Elementary,English,68.0,20.0,10.0,4427.8,68%,74%,39%,69%,49%,-6.0,-6.0,5,325,Scarborough,43.73345,-79.2512,False
Warren Park Junior Public School,Toronto DSB,toronto,Elementary,English,88.0,10.0,5.0,4427.8,88%,94%,59%,87%,74%,6.0,42.0,10,175,York,43.66284,-79.4994,False
Warren Park Junior Public School,Toronto DSB,toronto,Elementary,English,88.0,10.0,5.0,4427.8,88%,94%,59%,87%,74%,6.0,42.0,10,175,York,43.66284,-79.4994,False
West Hill Public School,Toronto DSB,toronto,Elementary,English,67.0,10.0,10.0,4427.8,67%,67%,13%,95%,65%,8.0,-7.0,10,245,Scarborough,43.77255,-79.1868,False
West Hill Public School,Toronto DSB,toronto,Elementary,English,67.0,10.0,10.0,4427.8,67%,67%,13%,95%,65%,8.0,-7.0,10,245,Scarborough,43.77255,-79.1868,False
West Humber Junior Middle School,Toronto DSB,toronto,Elementary,English,73.0,10.0,5.0,4427.8,73%,79%,40%,56%,41%,3.0,-18.0,15,425,Toronto,43.72382,-79.5807,False
West Humber Junior Middle School,Toronto DSB,toronto,Elementary,English,73.0,10.0,5.0,4427.8,73%,79%,40%,56%,41%,3.0,-18.0,15,425,Toronto,43.72382,-79.5807,False
West Preparatory Junior Public School,Toronto DSB,toronto,Elementary,English,79.0,10.0,1.0,4427.8,79%,77%,53%,83%,73%,-4.0,-7.0,6,510,Toronto,43.7026,-79.4331,False
West Preparatory Junior Public School,Toronto DSB,toronto,Elementary,English,79.0,10.0,1.0,4427.8,79%,77%,53%,83%,73%,-4.0,-7.0,6,510,Toronto,43.7026,-79.4331,False
West Rouge Junior Public School,Toronto DSB,toronto,Elementary,English,94.0,0.0,0.0,4427.8,94%,87%,74%,68%,64%,3.0,18.0,15,250,Scarborough,43.79561,-79.1337,False
West Rouge Junior Public School,Toronto DSB,toronto,Elementary,English,94.0,0.0,0.0,4427.8,94%,87%,74%,68%,64%,3.0,18.0,15,250,Scarborough,43.79561,-79.1337,False
Westwood Middle School,Toronto DSB,toronto,Elementary,English,71.0,15.0,5.0,4427.8,71%,68%,48%,,,-7.0,-6.0,20,385,Toronto,43.68653,-79.3511,False
Westwood Middle School,Toronto DSB,toronto,Elementary,English,71.0,15.0,5.0,4427.8,71%,68%,48%,,,-7.0,-6.0,20,385,Toronto,43.68653,-79.3511,False
Wexford Public School,Toronto DSB,toronto,Elementary,English,50.0,20.0,10.0,4427.8,50%,67%,34%,72%,56%,-21.0,-1.0,15,360,Scarborough,43.73998,-79.3042,True
Wexford Public School,Toronto DSB,toronto,Elementary,English,50.0,20.0,10.0,4427.8,50%,67%,34%,72%,56%,-21.0,-1.0,15,360,Scarborough,43.73998,-79.3042,True
White Haven Junior Public School,Toronto DSB,toronto,Elementary,English,79.0,10.0,5.0,4427.8,79%,85%,55%,74%,66%,0.0,-1.0,10,460,Scarborough,43.7875,-79.2472,False
White Haven Junior Public School,Toronto DSB,toronto,Elementary,English,79.0,10.0,5.0,4427.8,79%,85%,55%,74%,66%,0.0,-1.0,10,460,Scarborough,43.7875,-79.2472,False
Whitney Junior Public School,Toronto DSB,toronto,Elementary,English,97.0,10.0,0.0,4427.8,97%,97%,84%,88%,90%,0.0,-2.0,0,460,Toronto,43.68715,-79.3784,False
Whitney Junior Public School,Toronto DSB,toronto,Elementary,English,97.0,10.0,0.0,4427.8,97%,97%,84%,88%,90%,0.0,-2.0,0,460,Toronto,43.68715,-79.3784,False
Wilkinson Junior Public School,Toronto DSB,toronto,Elementary,English,88.0,5.0,0.0,4427.8,88%,90%,54%,82%,73%,-6.0,0.0,10,445,Toronto,43.68203,-79.3375,False
Wilkinson Junior Public School,Toronto DSB,toronto,Elementary,English,88.0,5.0,0.0,4427.8,88%,90%,54%,82%,73%,-6.0,0.0,10,445,Toronto,43.68203,-79.3375,False
William G Davis Junior Public School,Toronto DSB,toronto,Elementary,English,75.0,0.0,0.0,4427.8,75%,83%,38%,88%,81%,-15.0,-10.0,10,265,Scarborough,43.78504,-79.1345,False
William G Davis Junior Public School,Toronto DSB,toronto,Elementary,English,75.0,0.0,0.0,4427.8,75%,83%,38%,88%,81%,-15.0,-10.0,10,265,Scarborough,43.78504,-79.1345,False
William G Miller Junior Public School,Toronto DSB,toronto,Elementary,English,75.0,5.0,0.0,4427.8,75%,73%,62%,25%,57%,-18.0,10.0,10,445,Scarborough,43.76859,-79.165,False
William G Miller Junior Public School,Toronto DSB,toronto,Elementary,English,75.0,5.0,0.0,4427.8,75%,73%,62%,25%,57%,-18.0,10.0,10,445,Scarborough,43.76859,-79.165,False
Williamson Road Junior Public School,Toronto DSB,toronto,Elementary,English,100.0,5.0,0.0,4427.8,100%,94%,71%,73%,66%,0.0,-2.0,4,540,Toronto,43.67445,-79.2975,False
Williamson Road Junior Public School,Toronto DSB,toronto,Elementary,English,100.0,5.0,0.0,4427.8,100%,94%,71%,73%,66%,0.0,-2.0,4,540,Toronto,43.67445,-79.2975,False
Willow Park Junior Public School,Toronto DSB,toronto,Elementary,English,46.0,30.0,20.0,4427.8,46%,54%,22%,31%,24%,-5.0,8.0,5,295,Scarborough,43.76119,-79.2096,True
Willow Park Junior Public School,Toronto DSB,toronto,Elementary,English,46.0,30.0,20.0,4427.8,46%,54%,22%,31%,24%,-5.0,8.0,5,295,Scarborough,43.76119,-79.2096,True
Willowdale Middle School,Toronto DSB,toronto,Elementary,English,86.0,12.0,1.0,4427.8,86%,89%,60%,,,0.0,2.0,14,525,North York,43.76963,-79.4259,False
Willowdale Middle School,Toronto DSB,toronto,Elementary,English,86.0,12.0,1.0,4427.8,86%,89%,60%,,,0.0,2.0,14,525,North York,43.76963,-79.4259,False
Winchester Junior and Senior Public School,Toronto DSB,toronto,Elementary,English,76.0,20.0,8.0,4427.8,76%,74%,44%,N/D,38%,0.0,10.0,8,515,Toronto,43.66588,-79.371,False
Winchester Junior and Senior Public School,Toronto DSB,toronto,Elementary,English,76.0,20.0,8.0,4427.8,76%,74%,44%,N/D,38%,0.0,10.0,8,515,Toronto,43.66588,-79.371,False
Windfields Middle School,Toronto DSB,toronto,Elementary,English,90.0,14.0,2.0,4427.8,90%,87%,78%,,,-4.0,-1.0,13,515,North York,43.75607,-79.3705,False
Windfields Middle School,Toronto DSB,toronto,Elementary,English,90.0,14.0,2.0,4427.8,90%,87%,78%,,,-4.0,-1.0,13,515,North York,43.75607,-79.3705,False
Withrow Avenue Junior Public School,Toronto DSB,toronto,Elementary,English,98.0,5.0,0.0,4427.8,98%,98%,67%,85%,73%,3.0,-1.0,5,495,Toronto,43.67045,-79.3521,False
Withrow Avenue Junior Public School,Toronto DSB,toronto,Elementary,English,98.0,5.0,0.0,4427.8,98%,98%,67%,85%,73%,3.0,-1.0,5,495,Toronto,43.67045,-79.3521,False
Woburn Junior Public School,Toronto DSB,toronto,Elementary,English,85.0,20.0,15.0,4427.8,85%,78%,49%,68%,58%,-7.0,-10.0,5,335,Scarborough,43.7795,-79.227,False
Woburn Junior Public School,Toronto DSB,toronto,Elementary,English,85.0,20.0,15.0,4427.8,85%,78%,49%,68%,58%,-7.0,-10.0,5,335,Scarborough,43.7795,-79.227,False
Woodbine Middle School,Toronto DSB,toronto,Elementary,English,63.0,20.0,10.0,4427.8,63%,71%,35%,,,-7.0,-3.0,10,445,Toronto,43.78232,-79.3499,False
Woodbine Middle School,Toronto DSB,toronto,Elementary,English,63.0,20.0,10.0,4427.8,63%,71%,35%,,,-7.0,-3.0,10,445,Toronto,43.78232,-79.3499,False
Zion Heights Middle School,Toronto DSB,toronto,Elementary,English,94.0,10.0,0.0,4427.8,94%,95%,89%,,,0.0,8.0,5,470,North York,43.79791,-79.3711,False
Zion Heights Middle School,Toronto DSB,toronto,Elementary,English,94.0,10.0,0.0,4427.8,94%,95%,89%,,,0.0,8.0,5,470,North York,43.79791,-79.3711,False
Alexandra Public School,Trillium Lakelands DSB,kawartha lakes,Elementary,English,75.0,15.0,0.0,26.1,75%,88%,31%,79%,43%,28.0,19.0,10,110,Lindsay,44.35875,-78.7453,False
Alexandra Public School,Trillium Lakelands DSB,kawartha lakes,Elementary,English,75.0,15.0,0.0,26.1,75%,88%,31%,79%,43%,28.0,19.0,10,110,Lindsay,44.35875,-78.7453,False
Archie Stouffer Elementary School,Trillium Lakelands DSB,minden hills,Elementary,English,67.0,10.0,5.0,8.2,67%,64%,31%,50%,43%,-9.0,-3.0,20,490,Minden,44.9298,-78.7295,False
Bobcaygeon Public School,Trillium Lakelands DSB,kawartha lakes,Elementary,English,75.0,10.0,0.0,26.1,75%,89%,64%,75%,72%,-17.0,14.0,20,465,Bobcaygeon,44.54582,-78.55,False
Bobcaygeon Public School,Trillium Lakelands DSB,kawartha lakes,Elementary,English,75.0,10.0,0.0,26.1,75%,89%,64%,75%,72%,-17.0,14.0,20,465,Bobcaygeon,44.54582,-78.55,False
Bracebridge Public School,Trillium Lakelands DSB,bracebridge,Elementary,English,78.0,5.0,0.0,28.1,78%,73%,32%,82%,58%,-1.0,3.0,20,385,Bracebridge,45.04141,-79.3156,False
Dr George Hall Public School,Trillium Lakelands DSB,kawartha lakes,Elementary,English,62.0,0.0,0.0,26.1,62%,73%,32%,82%,57%,-8.0,-5.0,15,335,Little Britain,44.28203,-78.8577,False
Dr George Hall Public School,Trillium Lakelands DSB,kawartha lakes,Elementary,English,62.0,0.0,0.0,26.1,62%,73%,32%,82%,57%,-8.0,-5.0,15,335,Little Britain,44.28203,-78.8577,False
Dunsford District Elementary School,Trillium Lakelands DSB,kawartha lakes,Elementary,English,88.0,10.0,5.0,26.1,88%,96%,62%,74%,70%,-5.0,7.0,25,270,Dunsford,44.44941,-78.646,False
Dunsford District Elementary School,Trillium Lakelands DSB,kawartha lakes,Elementary,English,88.0,10.0,5.0,26.1,88%,96%,62%,74%,70%,-5.0,7.0,25,270,Dunsford,44.44941,-78.646,False
Fenelon Twp Public School,Trillium Lakelands DSB,kawartha lakes,Elementary,English,96.0,10.0,0.0,26.1,96%,83%,50%,100%,90%,-4.0,-4.0,15,235,Cameron,44.44343,-78.7762,False
Fenelon Twp Public School,Trillium Lakelands DSB,kawartha lakes,Elementary,English,96.0,10.0,0.0,26.1,96%,83%,50%,100%,90%,-4.0,-4.0,15,235,Cameron,44.44343,-78.7762,False
Glen Orchard Public School,Trillium Lakelands DSB,muskoka lakes,Elementary,English,93.0,10.0,0.0,9.9,93%,87%,33%,92%,84%,10.0,-11.0,10,205,Port Carling,45.08563,-79.633,False
Gravenhurst Public School,Trillium Lakelands DSB,gravenhurst,Elementary,English,74.0,20.0,0.0,26.9,74%,67%,70%,89%,72%,-1.0,45.0,15,265,Gravenhurst,44.91805,-79.3772,False
Huntsville Public School,Trillium Lakelands DSB,huntsville,Elementary,English,86.0,5.0,0.0,30.0,86%,81%,65%,73%,64%,6.0,24.0,20,420,Huntsville,45.3269,-79.2205,False
Irwin Memorial Public School,Trillium Lakelands DSB,lake of bays,Elementary,English,55.0,5.0,0.0,5.6,55%,73%,27%,76%,76%,-15.0,-3.0,10,145,Dwight,45.32547,-79.0013,True
J Douglas Hodgson Elementary School,Trillium Lakelands DSB,dysart et al,Elementary,English,84.0,10.0,0.0,4.9,84%,77%,52%,,,10.0,10.0,25,335,Haliburton,45.04123,-78.5276,False
Jack Callaghan Public School,Trillium Lakelands DSB,kawartha lakes,Elementary,English,97.0,5.0,5.0,26.1,97%,97%,53%,95%,98%,8.0,3.0,20,335,Lindsay,44.33645,-78.6914,False
Jack Callaghan Public School,Trillium Lakelands DSB,kawartha lakes,Elementary,English,97.0,5.0,5.0,26.1,97%,97%,53%,95%,98%,8.0,3.0,20,335,Lindsay,44.33645,-78.6914,False
K P Manson Public School,Trillium Lakelands DSB,gravenhurst,Elementary,English,83.0,10.0,5.0,26.9,83%,73%,28%,82%,86%,14.0,-3.0,5,185,Severn Bridge,44.7808,-79.3512,False
King Albert Public School,Trillium Lakelands DSB,kawartha lakes,Elementary,English,53.0,25.0,10.0,26.1,53%,60%,13%,62%,46%,-40.0,-40.0,20,130,Lindsay,44.3518,-78.7377,True
King Albert Public School,Trillium Lakelands DSB,kawartha lakes,Elementary,English,53.0,25.0,10.0,26.1,53%,60%,13%,62%,46%,-40.0,-40.0,20,130,Lindsay,44.3518,-78.7377,True
Lady Mackenzie Public School,Trillium Lakelands DSB,kawartha lakes,Elementary,English,52.0,10.0,0.0,26.1,52%,48%,30%,89%,75%,-23.0,8.0,10,355,Kirkfield,44.5294,-78.9429,True
Lady Mackenzie Public School,Trillium Lakelands DSB,kawartha lakes,Elementary,English,52.0,10.0,0.0,26.1,52%,48%,30%,89%,75%,-23.0,8.0,10,355,Kirkfield,44.5294,-78.9429,True
Langton Public School,Trillium Lakelands DSB,kawartha lakes,Elementary,English,79.0,10.0,0.0,26.1,79%,67%,57%,89%,80%,-2.0,17.0,25,435,Fenelon Falls,44.52598,-78.7215,False
Langton Public School,Trillium Lakelands DSB,kawartha lakes,Elementary,English,79.0,10.0,0.0,26.1,79%,67%,57%,89%,80%,-2.0,17.0,25,435,Fenelon Falls,44.52598,-78.7215,False
Leslie Frost Public School,Trillium Lakelands DSB,kawartha lakes,Elementary,English,76.0,13.0,4.0,26.1,76%,75%,38%,65%,58%,-9.0,-7.0,7,515,Lindsay,44.34884,-78.7505,False
Leslie Frost Public School,Trillium Lakelands DSB,kawartha lakes,Elementary,English,76.0,13.0,4.0,26.1,76%,75%,38%,65%,58%,-9.0,-7.0,7,515,Lindsay,44.34884,-78.7505,False
Macaulay Public School,Trillium Lakelands DSB,bracebridge,Elementary,English,89.0,0.0,0.0,28.1,89%,86%,72%,91%,88%,2.0,27.0,20,315,Bracebridge,45.06029,-79.2992,False
Mariposa Elementary School,Trillium Lakelands DSB,kawartha lakes,Elementary,English,90.0,10.0,0.0,26.1,90%,95%,60%,62%,70%,14.0,29.0,25,385,Oakwood,44.31402,-78.8725,False
Mariposa Elementary School,Trillium Lakelands DSB,kawartha lakes,Elementary,English,90.0,10.0,0.0,26.1,90%,95%,60%,62%,70%,14.0,29.0,25,385,Oakwood,44.31402,-78.8725,False
Monck Public School,Trillium Lakelands DSB,bracebridge,Elementary,English,90.0,7.0,2.0,28.1,90%,87%,55%,76%,76%,-1.0,5.0,8,590,Bracebridge,45.04079,-79.321,False
Muskoka Beechgrove Public School,Trillium Lakelands DSB,gravenhurst,Elementary,English,81.0,5.0,0.0,26.9,81%,81%,59%,81%,50%,33.0,42.0,10,360,Gravenhurst,44.93496,-79.3709,False
Muskoka Falls Public School,Trillium Lakelands DSB,bracebridge,Elementary,English,100.0,0.0,0.0,28.1,100%,100%,53%,60%,72%,15.0,38.0,15,185,Bracebridge,44.99491,-79.299,False
Parkview Public School,Trillium Lakelands DSB,kawartha lakes,Elementary,English,91.0,10.0,5.0,26.1,91%,85%,81%,79%,83%,3.0,-1.0,15,420,Lindsay,44.36208,-78.7531,False
Parkview Public School,Trillium Lakelands DSB,kawartha lakes,Elementary,English,91.0,10.0,5.0,26.1,91%,85%,81%,79%,83%,3.0,-1.0,15,420,Lindsay,44.36208,-78.7531,False
Pine Glen Public School,Trillium Lakelands DSB,huntsville,Elementary,English,83.0,10.0,0.0,30.0,83%,70%,42%,62%,62%,12.0,13.0,25,245,Huntsville,45.33131,-79.2289,False
Queen Victoria Public School,Trillium Lakelands DSB,kawartha lakes,Elementary,English,84.0,15.0,5.0,26.1,84%,84%,42%,68%,50%,31.0,24.0,10,155,Lindsay,44.35899,-78.7328,False
Queen Victoria Public School,Trillium Lakelands DSB,kawartha lakes,Elementary,English,84.0,15.0,5.0,26.1,84%,84%,42%,68%,50%,31.0,24.0,10,155,Lindsay,44.35899,-78.7328,False
Ridgewood Public School,Trillium Lakelands DSB,kawartha lakes,Elementary,English,71.0,10.0,0.0,26.1,71%,71%,38%,52%,38%,48.0,38.0,20,275,Coboconk,44.66562,-78.8025,False
Ridgewood Public School,Trillium Lakelands DSB,kawartha lakes,Elementary,English,71.0,10.0,0.0,26.1,71%,71%,38%,52%,38%,48.0,38.0,20,275,Coboconk,44.66562,-78.8025,False
Riverside Public School,Trillium Lakelands DSB,huntsville,Elementary,English,68.0,10.0,5.0,30.0,68%,70%,53%,65%,75%,-21.0,21.0,15,480,Huntsville,45.29831,-79.2027,False
Rolling Hills Public School,Trillium Lakelands DSB,kawartha lakes,Elementary,English,90.0,0.0,0.0,26.1,90%,94%,58%,,,2.0,1.0,25,270,Bethany,44.18388,-78.5693,False
Rolling Hills Public School,Trillium Lakelands DSB,kawartha lakes,Elementary,English,90.0,0.0,0.0,26.1,90%,94%,58%,,,2.0,1.0,25,270,Bethany,44.18388,-78.5693,False
Scott Young Public School,Trillium Lakelands DSB,kawartha lakes,Elementary,English,75.0,5.0,0.0,26.1,75%,66%,30%,,,2.0,-20.0,35,240,Omemee,44.29932,-78.5655,False
Scott Young Public School,Trillium Lakelands DSB,kawartha lakes,Elementary,English,75.0,5.0,0.0,26.1,75%,66%,30%,,,2.0,-20.0,35,240,Omemee,44.29932,-78.5655,False
Spruce Glen Public School,Trillium Lakelands DSB,huntsville,Elementary,English,88.0,10.0,0.0,30.0,88%,81%,39%,76%,67%,6.0,-2.0,20,345,Huntsville,45.34427,-79.2019,False
V K Greer Memorial Public School,Trillium Lakelands DSB,huntsville,Elementary,English,80.0,5.0,5.0,30.0,80%,64%,52%,62%,46%,9.0,23.0,20,255,Utterson,45.21696,-79.3062,False
Watt Public School,Trillium Lakelands DSB,muskoka lakes,Elementary,English,91.0,5.0,0.0,9.9,91%,91%,73%,76%,65%,8.0,40.0,20,120,Utterson,45.2169,-79.509,False
Woodville Elementary School,Trillium Lakelands DSB,kawartha lakes,Elementary,English,71.0,5.0,0.0,26.1,71%,67%,19%,94%,81%,-8.0,-39.0,10,280,Woodville,44.39677,-78.993,False
Woodville Elementary School,Trillium Lakelands DSB,kawartha lakes,Elementary,English,71.0,5.0,0.0,26.1,71%,67%,19%,94%,81%,-8.0,-39.0,10,280,Woodville,44.39677,-78.993,False
Arklan Community Public School,Upper Canada DSB,carleton place,Elementary,English,61.0,5.0,0.0,1259.4,61%,66%,37%,52%,50%,-9.0,5.0,15,400,Carleton Place,45.14486,-76.1355,False
Avonmore Elementary School,Upper Canada DSB,north stormont,Elementary,English,91.0,5.0,0.0,14.4,91%,82%,36%,68%,39%,9.0,-3.0,15,355,Avonmore,45.17018,-74.9728,False
Beckwith Public School,Upper Canada DSB,beckwith,Elementary,English,95.0,3.0,1.0,37.7,95%,88%,63%,68%,55%,6.0,31.0,8,565,Carleton Place,45.11251,-76.0955,False
Bridgewood Public School,Upper Canada DSB,cornwall,Elementary,English,72.0,21.0,9.0,777.9,72%,65%,19%,53%,45%,2.0,2.0,18,540,Cornwall,45.03617,-74.7064,False
Caldwell Street Elementary School,Upper Canada DSB,carleton place,Elementary,English,87.0,5.0,5.0,1259.4,87%,85%,43%,68%,50%,-1.0,3.0,15,350,Carleton Place,45.13298,-76.1438,False
Centennial 67 Public School,Upper Canada DSB,edwardsburghcardinal,Elementary,English,100.0,0.0,0.0,24.2,100%,89%,33%,86%,76%,0.0,-21.0,15,160,Spencerville,44.8457,-75.5482,False
Central Public School,Upper Canada DSB,cornwall,Elementary,English,82.0,29.0,14.0,777.9,82%,66%,26%,59%,50%,22.0,20.0,36,505,Cornwall,45.01971,-74.7257,False
Chesterville Public School,Upper Canada DSB,north dundas,Elementary,English,100.0,5.0,0.0,22.5,100%,93%,33%,61%,54%,16.0,7.0,30,215,Chesterville,45.1002,-75.2325,False
Chimo Elementary School,Upper Canada DSB,smiths falls,Elementary,English,62.0,10.0,10.0,958.1,62%,53%,44%,54%,64%,-19.0,22.0,30,365,Smiths Falls,44.88622,-76.0173,False
Duncan J Schoular Public School,Upper Canada DSB,smiths falls,Elementary,English,36.0,15.0,10.0,958.1,36%,30%,19%,59%,38%,-7.0,16.0,30,375,Smiths Falls,44.89845,-76.0117,True
Eamer's Corners Public School,Upper Canada DSB,cornwall,Elementary,English,82.0,10.0,10.0,777.9,82%,84%,39%,59%,44%,-3.0,13.0,20,500,Cornwall,45.05713,-74.7613,False
Front of Yonge Elementary School,Upper Canada DSB,front of yonge,Elementary,English,50.0,10.0,5.0,20.7,50%,50%,0%,75%,58%,-31.0,-31.0,30,115,Mallorytown,44.4789,-75.8776,True
Glen Tay Public School,Upper Canada DSB,tay valley,Elementary,English,74.0,5.0,0.0,11.2,74%,89%,42%,N/R,N/R,-11.0,27.0,20,105,Perth,44.88707,-76.3145,False
Iroquois Public School,Upper Canada DSB,south dundas,Elementary,English,71.0,10.0,5.0,21.2,71%,75%,15%,56%,56%,-22.0,-22.0,15,280,Iroquois,44.84874,-75.3128,False
Kemptville Public School,Upper Canada DSB,north grenville,Elementary,English,88.0,3.0,1.0,51.0,88%,85%,58%,86%,80%,-4.0,7.0,8,535,Kemptville,45.01321,-75.6429,False
Laggan Public School,Upper Canada DSB,north glengarry,Elementary,English,96.0,10.0,0.0,15.8,96%,96%,44%,88%,52%,4.0,-16.0,15,210,Dalkeith,45.3902,-74.7052,False
Linklater Public School,Upper Canada DSB,gananoque,Elementary,English,85.0,10.0,0.0,768.4,85%,95%,55%,85%,75%,-15.0,-9.0,25,170,Gananoque,44.33147,-76.1655,False
Lombardy Public School,Upper Canada DSB,rideau lakes,Elementary,English,66.0,5.0,5.0,15.3,66%,59%,27%,69%,53%,-18.0,-3.0,10,325,Lombardy,44.83551,-76.0737,False
Longue Sault Public School,Upper Canada DSB,south stormont,Elementary,English,81.0,0.0,5.0,30.3,81%,71%,35%,64%,50%,-8.0,-4.0,20,235,Long Sault,45.03119,-74.8921,False
Lyn Public School,Upper Canada DSB,elizabethtown-kitley,Elementary,English,96.0,5.0,0.0,17.2,96%,96%,52%,85%,77%,0.0,9.0,15,190,Lyn,44.57834,-75.7784,False
Maple Grove Public School,Upper Canada DSB,lanark,Elementary,English,85.0,10.0,5.0,25.4,85%,54%,23%,31%,31%,52.0,16.0,20,150,Lanark,45.02363,-76.3706,False
Maynard Public School,Upper Canada DSB,augusta,Elementary,English,78.0,10.0,0.0,23.5,78%,78%,34%,72%,46%,-8.0,-2.0,20,260,Prescott,44.72517,-75.5824,False
Meadowview Public School,Upper Canada DSB,elizabethtown-kitley,Elementary,English,84.0,10.0,0.0,17.2,84%,100%,32%,56%,44%,4.0,-1.0,15,155,Addison,44.66639,-75.8761,False
Merrickville Public School,Upper Canada DSB,merrickville-wolford,Elementary,English,76.0,0.0,5.0,14.6,76%,81%,48%,80%,47%,-17.0,-16.0,15,130,Merrickville,44.91411,-75.8319,False
Montague Public School,Upper Canada DSB,smiths falls,Elementary,English,93.0,10.0,0.0,958.1,93%,79%,50%,74%,52%,-1.0,26.0,20,265,Smiths Falls,44.94263,-75.9635,False
Morrisburg Public School,Upper Canada DSB,south dundas,Elementary,English,69.0,10.0,0.0,21.2,69%,46%,15%,56%,44%,-16.0,-8.0,25,135,Morrisburg,44.89634,-75.1843,False
Naismith Memorial Public School,Upper Canada DSB,mississippi mills,Elementary,English,97.0,5.0,0.0,28.8,97%,84%,58%,69%,41%,14.0,15.0,10,305,Almonte,45.21788,-76.1942,False
Nationview Public School,Upper Canada DSB,north dundas,Elementary,English,74.0,0.0,0.0,22.5,74%,68%,32%,67%,44%,13.0,21.0,15,295,South Mountain,44.98517,-75.4541,False
Oxford on Rideau Public School,Upper Canada DSB,north grenville,Elementary,English,91.0,0.0,0.0,51.0,91%,73%,41%,75%,83%,-9.0,-21.0,20,105,Oxford Mills,44.96872,-75.6831,False
Pakenham Public School,Upper Canada DSB,mississippi mills,Elementary,English,79.0,0.0,0.0,28.8,79%,57%,29%,85%,77%,3.0,0.0,20,135,Pakenham,45.33044,-76.2903,False
Pineview Public School,Upper Canada DSB,athens,Elementary,English,91.0,10.0,0.0,23.5,91%,57%,17%,41%,56%,28.0,-2.0,15,215,Athens,44.62636,-75.9557,False
Pleasant Corners Public School,Upper Canada DSB,champlain,Elementary,English,90.0,16.0,5.0,41.9,90%,86%,55%,97%,94%,12.0,32.0,23,510,Vankleek Hill,45.54799,-74.6371,False
R Tait McKenzie Public School,Upper Canada DSB,mississippi mills,Elementary,English,88.0,0.0,0.0,28.8,88%,68%,53%,74%,66%,6.0,5.0,10,305,Almonte,45.22988,-76.1812,False
Rockland Public School,Upper Canada DSB,clarence-rockland,Elementary,English,76.0,4.0,2.0,89.1,76%,75%,37%,52%,42%,7.0,19.0,20,555,Rockland,45.54567,-75.2867,False
Rothwell-Osnabruck Elementary School,Upper Canada DSB,south stormont,Elementary,English,100.0,5.0,5.0,30.3,100%,65%,35%,53%,24%,7.0,22.0,15,120,Ingleside,44.9989,-74.9934,False
Russell Public Public School,Upper Canada DSB,russell,Elementary,English,76.0,0.0,0.0,98.6,76%,78%,48%,62%,53%,7.0,7.0,20,365,Russell,45.25712,-75.3629,False
South Branch Elementary School,Upper Canada DSB,north grenville,Elementary,English,97.0,5.0,0.0,51.0,97%,82%,72%,91%,72%,16.0,38.0,10,385,Kemptville,45.00786,-75.6449,False
South Crosby Public School,Upper Canada DSB,rideau lakes,Elementary,English,83.0,10.0,0.0,15.3,83%,92%,44%,50%,55%,0.0,4.0,20,315,Elgin,44.60896,-76.2173,False
South Edwardsburg Public School,Upper Canada DSB,edwardsburghcardinal,Elementary,English,80.0,10.0,0.0,24.2,80%,72%,60%,65%,29%,-1.0,48.0,20,165,Johnstown,44.74848,-75.4656,False
The Queen Elizabeth School,Upper Canada DSB,perth,Elementary,English,92.0,10.0,0.0,529.8,92%,100%,72%,93%,78%,-4.0,15.0,5,295,Perth,44.89281,-76.2432,False
The Queen Elizabeth School,Upper Canada DSB,perth,Elementary,English,92.0,10.0,0.0,36.8,92%,100%,72%,93%,78%,-4.0,15.0,5,295,Perth,44.89281,-76.2432,False
The Stewart Public School,Upper Canada DSB,perth,Elementary,English,80.0,15.0,0.0,529.8,80%,76%,49%,69%,51%,-3.0,4.0,10,355,Perth,44.9042,-76.2577,False
The Stewart Public School,Upper Canada DSB,perth,Elementary,English,80.0,15.0,0.0,36.8,80%,76%,49%,69%,51%,-3.0,4.0,10,355,Perth,44.9042,-76.2577,False
Vanier Public School,Upper Canada DSB,brockville,Elementary,English,83.0,15.0,10.0,1057.8,83%,67%,33%,63%,44%,21.0,5.0,25,250,Brockville,44.60708,-75.7077,False
Viscount Alexander Public School,Upper Canada DSB,cornwall,Elementary,English,86.0,10.0,0.0,777.9,86%,86%,45%,50%,34%,12.0,17.0,20,395,Cornwall,45.0152,-74.7664,False
Wellington Elementary Public School,Upper Canada DSB,prescott,Elementary,English,54.0,15.0,0.0,826.0,54%,52%,4%,38%,42%,-33.0,-46.0,30,185,Prescott,44.72212,-75.5123,True
Westminster Public School,Upper Canada DSB,brockville,Elementary,English,84.0,20.0,0.0,1057.8,84%,78%,25%,74%,68%,-7.0,-25.0,25,345,Brockville,44.59868,-75.6951,False
Williamstown Public School,Upper Canada DSB,south glengarry,Elementary,English,89.0,10.0,5.0,22.0,89%,89%,50%,83%,81%,3.0,19.0,15,360,Williamstown,45.14409,-74.5725,False
Winchester Public School,Upper Canada DSB,north dundas,Elementary,English,89.0,5.0,10.0,22.5,89%,85%,37%,68%,42%,18.0,13.0,15,285,Winchester,45.0901,-75.3532,False
Aberfoyle Public School,Upper Grand DSB,puslinch,Elementary,English,98.0,0.0,0.0,37.0,98%,95%,61%,89%,86%,0.0,-1.0,10,395,Puslinch,43.47228,-80.1474,False
Alma Public School,Upper Grand DSB,mapleton,Elementary,English,93.0,10.0,25.0,20.2,93%,86%,57%,100%,83%,-1.0,-12.0,5,110,Alma,43.73376,-80.5055,False
Arthur Public School,Upper Grand DSB,wellington north,Elementary,English,82.0,10.0,20.0,23.6,82%,87%,45%,84%,76%,-6.0,22.0,10,375,Arthur,43.83476,-80.5423,False
Brant Avenue Public School,Upper Grand DSB,guelph,Elementary,English,83.0,10.0,5.0,1644.1,83%,78%,47%,85%,88%,10.0,24.0,5,265,Guelph,43.57871,-80.253,False
Brisbane Public School,Upper Grand DSB,erin,Elementary,English,97.0,5.0,5.0,40.1,97%,97%,88%,90%,80%,-3.0,13.0,10,385,ERIN,43.7472,-80.07357,False
Centennial Hylands Elementary School,Upper Grand DSB,shelburne,Elementary,English,62.0,5.0,0.0,1370.8,62%,69%,13%,53%,33%,-23.0,-37.0,15,455,Shelburne,44.07806,-80.1987,False
Central Public School,Upper Grand DSB,guelph,Elementary,English,90.0,10.0,0.0,1644.1,90%,82%,67%,89%,74%,-5.0,20.0,10,285,Guelph,43.54432,-80.2535,False
Credit Meadows Elementary School,Upper Grand DSB,orangeville,Elementary,English,81.0,0.0,5.0,1989.5,81%,85%,48%,79%,70%,8.0,31.0,20,460,Orangeville,43.92213,-80.1163,False
Drayton Heights Public School,Upper Grand DSB,mapleton,Elementary,English,90.0,5.0,35.0,20.2,90%,86%,59%,80%,71%,6.0,35.0,15,405,Drayton,43.75137,-80.674,False
East Garafraxa Central Public School,Upper Grand DSB,east garafraxa,Elementary,English,85.0,5.0,0.0,16.8,85%,77%,46%,77%,46%,8.0,-8.0,15,190,Orton,43.83139,-80.2177,False
Ecole Arbour Vista Public School,Upper Grand DSB,guelph,Elementary,English,100.0,0.0,5.0,1644.1,100%,94%,82%,97%,94%,2.0,18.0,10,465,Guelph,43.53098,-80.2029,False
Ecole Guelph Lake Public School,Upper Grand DSB,guelph,Elementary,English,93.0,0.0,0.0,1644.1,93%,91%,66%,76%,64%,-7.0,3.0,10,470,Guelph,43.545,-80.235,False
Ecole King George Public School,Upper Grand DSB,guelph,Elementary,English,100.0,5.0,0.0,1644.1,100%,100%,76%,74%,56%,6.0,8.0,10,455,Guelph,43.55445,-80.2466,False
Edward Johnson Public School,Upper Grand DSB,guelph,Elementary,English,97.0,5.0,5.0,1644.1,97%,97%,68%,81%,65%,-3.0,7.0,10,300,Guelph,43.56566,-80.2563,False
Elora Public School,Upper Grand DSB,centre wellington,Elementary,English,93.0,3.0,5.0,75.9,93%,91%,57%,63%,54%,1.0,26.0,17,500,Elora,43.68789,-80.4195,False
Eramosa Public School,Upper Grand DSB,centre wellington,Elementary,English,93.0,5.0,0.0,75.9,93%,93%,64%,75%,81%,14.0,28.0,10,135,Rockwood,43.68341,-80.235,False
Erin Public School,Upper Grand DSB,erin,Elementary,English,70.0,0.0,0.0,40.1,70%,60%,30%,59%,56%,-22.0,-3.0,15,330,Erin,43.77489,-80.0676,False
Fred A Hamilton Public School,Upper Grand DSB,guelph,Elementary,English,95.0,10.0,0.0,1644.1,95%,92%,50%,77%,48%,-2.0,-28.0,5,230,Guelph,43.51404,-80.2333,False
Gateway Drive Public School,Upper Grand DSB,guelph,Elementary,English,100.0,10.0,0.0,1644.1,100%,93%,33%,63%,42%,26.0,11.0,10,330,Guelph,43.5178,-80.2753,False
Glenbrook Elementary School,Upper Grand DSB,shelburne,Elementary,English,65.0,5.0,5.0,1370.8,65%,53%,35%,44%,37%,-12.0,-9.0,20,445,Shelburne,44.08709,-80.2023,False
Hyland Heights Elementary School,Upper Grand DSB,shelburne,Elementary,English,68.0,10.0,5.0,1370.8,68%,62%,21%,57%,40%,0.0,3.0,20,495,Shelburne,44.082,-80.2098,False
Island Lake Public School,Upper Grand DSB,orangeville,Elementary,English,83.0,3.0,0.0,1989.5,83%,86%,54%,79%,61%,17.0,22.0,12,575,Orangeville,43.9216,-80.076,False
J Douglas Hogarth Public School,Upper Grand DSB,centre wellington,Elementary,English,84.0,3.0,1.0,75.9,84%,78%,44%,86%,59%,3.0,5.0,15,630,Fergus,43.70302,-80.3666,False
Jean Little Public School,Upper Grand DSB,guelph,Elementary,English,90.0,10.0,0.0,1644.1,90%,100%,100%,74%,65%,17.0,53.0,10,430,Guelph,43.51931,-80.2259,False
John Black Public School,Upper Grand DSB,centre wellington,Elementary,English,97.0,0.0,0.0,75.9,97%,84%,42%,70%,83%,12.0,7.0,20,345,Fergus,43.71447,-80.3614,False
John Galt Public School,Upper Grand DSB,guelph,Elementary,English,91.0,10.0,0.0,1644.1,91%,83%,52%,79%,61%,10.0,25.0,25,375,Guelph,43.5564,-80.2434,False
John McCrae Public School,Upper Grand DSB,guelph,Elementary,English,94.0,7.0,2.0,1644.1,94%,100%,78%,92%,87%,-6.0,9.0,8,550,Guelph,43.5347,-80.2475,False
June Avenue Public School,Upper Grand DSB,guelph,Elementary,English,100.0,5.0,5.0,1644.1,100%,95%,41%,89%,74%,6.0,-6.0,20,190,Guelph,43.55507,-80.2752,False
Ken Danby Public School,Upper Grand DSB,guelph,Elementary,English,98.0,3.0,4.0,1644.1,98%,95%,95%,75%,79%,6.0,13.0,21,570,Guelph,43.57064,-80.2216,False
Kenilworth Public School,Upper Grand DSB,wellington north,Elementary,English,67.0,20.0,50.0,23.6,67%,73%,47%,N/R,N/R,-12.0,26.0,20,95,Kenilworth,43.89712,-80.6329,False
Kortright Hills Public School,Upper Grand DSB,guelph,Elementary,English,85.0,4.0,2.0,1644.1,85%,82%,71%,86%,65%,-5.0,19.0,10,540,Guelph,43.49987,-80.2405,False
Laurelwoods Elementary School,Upper Grand DSB,amaranth,Elementary,English,96.0,0.0,0.0,16.3,96%,100%,86%,93%,100%,2.0,25.0,10,240,ORANGEVILLE,43.95064,-80.2244,False
Maryborough Public School,Upper Grand DSB,mapleton,Elementary,English,90.0,10.0,40.0,20.2,90%,100%,80%,74%,63%,-10.0,18.0,15,165,Moorefield,43.75506,-80.6713,False
Minto-Clifford Central Public School,Upper Grand DSB,minto,Elementary,English,81.0,10.0,20.0,30.3,81%,87%,60%,84%,66%,-16.0,6.0,20,460,Harriston,43.91787,-80.8676,False
Mitchell Woods Public School,Upper Grand DSB,guelph,Elementary,English,82.0,10.0,5.0,1644.1,82%,84%,56%,74%,47%,3.0,23.0,15,495,Guelph,43.5276,-80.2942,False
Mono-Amaranth Public School,Upper Grand DSB,mono,Elementary,English,87.0,5.0,0.0,33.8,87%,91%,46%,65%,53%,-9.0,-15.0,10,300,Mono,43.9475,-80.1004,False
Montgomery Village Public School,Upper Grand DSB,orangeville,Elementary,English,84.0,5.0,0.0,1989.5,84%,72%,42%,74%,59%,-3.0,-19.0,20,485,Orangeville,43.9074,-80.1263,False
Ottawa Crescent Public School,Upper Grand DSB,guelph,Elementary,English,61.0,5.0,10.0,1644.1,61%,58%,13%,81%,61%,-20.0,-18.0,15,240,Guelph,43.56266,-80.2442,False
Paisley Road Public School,Upper Grand DSB,guelph,Elementary,English,82.0,15.0,10.0,1644.1,82%,89%,45%,41%,43%,-7.0,10.0,10,395,Guelph,43.53779,-80.2667,False
Palmerston Public School,Upper Grand DSB,minto,Elementary,English,84.0,10.0,20.0,30.3,84%,71%,58%,69%,68%,3.0,23.0,10,490,Palmerston,43.8308,-80.8433,False
Parkinson Centennial School,Upper Grand DSB,orangeville,Elementary,English,31.0,10.0,5.0,1989.5,31%,34%,17%,60%,54%,-29.0,7.0,20,385,Orangeville,43.90952,-80.104,True
Ponsonby Public School,Upper Grand DSB,centre wellington,Elementary,English,76.0,5.0,0.0,75.9,76%,71%,52%,50%,69%,13.0,20.0,0,155,GUELPH,43.62298,-80.35432,False
Primrose Elementary School,Upper Grand DSB,mulmur,Elementary,English,91.0,7.0,8.0,12.5,91%,83%,52%,74%,62%,2.0,13.0,10,580,Mulmur,44.0973,-80.1411,False
Princess Elizabeth Public School,Upper Grand DSB,orangeville,Elementary,English,74.0,7.0,2.0,1989.5,74%,78%,35%,58%,42%,-21.0,6.0,13,525,Orangeville,43.91996,-80.1061,False
Princess Margaret Public School,Upper Grand DSB,orangeville,Elementary,English,83.0,10.0,0.0,1989.5,83%,89%,58%,69%,50%,-3.0,35.0,15,290,Orangeville,43.91505,-80.0904,False
Priory Park Public School,Upper Grand DSB,guelph,Elementary,English,83.0,15.0,10.0,1644.1,83%,75%,42%,57%,39%,-1.0,-6.0,20,205,Guelph,43.52113,-80.2415,False
Rickson Ridge Public School,Upper Grand DSB,guelph,Elementary,English,92.0,6.0,3.0,1644.1,92%,93%,63%,86%,74%,-4.0,-17.0,16,595,Guelph,43.5136,-80.2128,False
Rockwood Centennial Public School,Upper Grand DSB,centre wellington,Elementary,English,91.0,5.0,0.0,75.9,91%,88%,61%,N/R,N/R,1.0,11.0,20,370,Rockwood,43.61438,-80.1461,False
Salem Public School,Upper Grand DSB,centre wellington,Elementary,English,89.0,0.0,5.0,75.9,89%,78%,41%,82%,78%,10.0,-5.0,10,285,Elora,43.69496,-80.443,False
Sir Isaac Brock Public School,Upper Grand DSB,guelph,Elementary,English,93.0,4.0,1.0,1644.1,93%,96%,80%,69%,64%,-7.0,9.0,14,540,Guelph,43.52001,-80.1852,False
Spencer Avenue Elementary School,Upper Grand DSB,orangeville,Elementary,English,94.0,5.0,5.0,1989.5,94%,86%,51%,71%,71%,-3.0,-5.0,15,440,Orangeville,43.8979,-80.1282,False
Taylor Evans Public School,Upper Grand DSB,guelph,Elementary,English,92.0,0.0,5.0,1644.1,92%,82%,66%,73%,56%,-8.0,5.0,15,440,Guelph,43.52246,-80.2775,False
Victoria Cross Public School,Upper Grand DSB,wellington north,Elementary,English,86.0,10.0,20.0,23.6,86%,86%,67%,70%,67%,-1.0,27.0,20,440,Mount Forest,43.98175,-80.7428,False
Victoria Terrace Public School,Upper Grand DSB,centre wellington,Elementary,English,86.0,5.0,0.0,75.9,86%,82%,21%,88%,77%,-3.0,-15.0,15,210,Fergus,43.71131,-80.3784,False
Victory Public School,Upper Grand DSB,guelph,Elementary,English,88.0,0.0,0.0,1644.1,88%,96%,62%,88%,91%,-12.0,-7.0,10,285,Guelph,43.55201,-80.2635,False
Waverley Drive Public School,Upper Grand DSB,guelph,Elementary,English,99.0,6.0,3.0,1644.1,99%,88%,79%,67%,67%,4.0,5.0,16,570,Guelph,43.57306,-80.2595,False
Westminster Woods Public School,Upper Grand DSB,guelph,Elementary,English,98.0,4.0,2.0,1644.1,98%,98%,83%,83%,80%,3.0,19.0,6,670,Guelph,43.5099,-80.1798,False
Westwood Public School,Upper Grand DSB,guelph,Elementary,English,93.0,10.0,15.0,1644.1,93%,97%,77%,83%,67%,31.0,53.0,20,345,Guelph,43.53407,-80.2879,False
William C. Winegard Public School,Upper Grand DSB,guelph,Elementary,English,82.0,5.0,0.0,1644.1,82%,90%,56%,51%,66%,14.0,-6.0,15,495,Guelph,43.56403,-80.2216,False
Willow Road Public School,Upper Grand DSB,guelph,Elementary,English,56.0,15.0,10.0,1644.1,56%,62%,25%,58%,58%,-33.0,-19.0,25,375,Guelph,43.54285,-80.2756,True
Blessed Sacrament Catholic Elementary School,Waterloo CDSB,kitchener,Elementary,English,89.0,5.0,5.0,1877.6,89%,81%,70%,79%,69%,-3.0,28.0,15,285,Kitchener,43.40686,-80.4834,False
Canadian Martyrs Catholic Elementary School,Waterloo CDSB,kitchener,Elementary,English,85.0,10.0,10.0,1877.6,85%,90%,56%,72%,66%,-8.0,-5.0,10,475,Kitchener,43.4621,-80.4456,False
Christ The King Catholic Elementary School,Waterloo CDSB,cambridge,Elementary,English,65.0,10.0,5.0,1225.5,65%,50%,20%,47%,53%,-18.0,-8.0,20,230,Cambridge,43.38783,-80.3079,False
Holy Family Catholic Elementary School,Waterloo CDSB,wilmot,Elementary,English,71.0,0.0,5.0,81.2,71%,79%,59%,75%,71%,-17.0,7.0,5,390,New Hamburg,43.37634,-80.7143,False
Holy Spirit Catholic Elementary School,Waterloo CDSB,cambridge,Elementary,English,73.0,5.0,4.0,1225.5,73%,75%,43%,60%,44%,-13.0,-13.0,17,545,Cambridge,43.34277,-80.2845,False
John Sweeney Catholic Elementary School,Waterloo CDSB,kitchener,Elementary,English,83.0,7.0,7.0,1877.6,83%,83%,56%,56%,54%,-8.0,-3.0,14,700,Kitchener,43.38464,-80.4996,False
Monsignor Haller Catholic Elementary School,Waterloo CDSB,kitchener,Elementary,English,67.0,20.0,15.0,1877.6,67%,48%,24%,61%,58%,-21.0,7.0,10,375,Kitchener,43.41856,-80.4927,False
Our Lady of Fatima Catholic Elementary School,Waterloo CDSB,cambridge,Elementary,English,79.0,0.0,0.0,1225.5,79%,82%,41%,66%,54%,-6.0,-5.0,15,380,Cambridge,43.43246,-80.2993,False
Our Lady of Grace Catholic Elementary School,Waterloo CDSB,kitchener,Elementary,English,87.0,10.0,5.0,1877.6,87%,90%,53%,79%,86%,1.0,-13.0,10,315,Kitchener,43.42001,-80.4782,False
Saint John Paul II Catholic Elementary School,Waterloo CDSB,kitchener,Elementary,English,90.0,3.0,3.0,1877.6,90%,84%,72%,88%,73%,-2.0,6.0,11,700,Kitchener,43.44893,-80.4111,False
St Aloysius Catholic Elementary School,Waterloo CDSB,kitchener,Elementary,English,82.0,20.0,15.0,1877.6,82%,84%,42%,76%,55%,-18.0,-10.0,15,490,Kitchener,43.42867,-80.4449,False
St Anne Catholic Elementary School,Waterloo CDSB,cambridge,Elementary,English,69.0,15.0,10.0,1225.5,69%,67%,32%,49%,42%,-1.0,-13.0,10,435,Cambridge,43.36548,-80.2994,False
St Anne Catholic Elementary School,Waterloo CDSB,kitchener,Elementary,English,86.0,8.0,5.0,1877.6,86%,84%,56%,75%,55%,15.0,9.0,11,675,Kitchener,43.45109,-80.471,False
St Augustine Catholic Elementary School,Waterloo CDSB,cambridge,Elementary,English,87.0,5.0,0.0,1225.5,87%,87%,62%,79%,63%,-2.0,-2.0,10,480,Cambridge,43.37005,-80.3349,False
St Bernadette Catholic Elementary School,Waterloo CDSB,kitchener,Elementary,English,65.0,20.0,10.0,1877.6,65%,65%,26%,61%,39%,-28.0,-28.0,10,375,Kitchener,43.43413,-80.4923,False
St Brigid Catholic Elementary School,Waterloo CDSB,north dumfries,Elementary,English,88.0,5.0,0.0,56.5,88%,88%,54%,97%,80%,-2.0,-1.0,15,285,Ayr,43.29102,-80.4602,False
St Clement Catholic Elementary School,Waterloo CDSB,wellesley,Elementary,English,68.0,10.0,40.0,40.8,68%,76%,52%,77%,74%,-6.0,30.0,20,250,St Clements,43.52391,-80.6542,False
St Daniel Catholic Elementary School,Waterloo CDSB,kitchener,Elementary,English,72.0,17.0,12.0,1877.6,72%,76%,43%,50%,41%,10.0,14.0,16,540,Kitchener,43.44838,-80.4484,False
St Dominic Savio Catholic Elementary School,Waterloo CDSB,kitchener,Elementary,English,78.0,10.0,6.0,1877.6,78%,76%,57%,63%,50%,-5.0,-12.0,15,545,Kitchener,43.43398,-80.5395,False
St Elizabeth Catholic Elementary School,Waterloo CDSB,cambridge,Elementary,English,83.0,0.0,0.0,1225.5,83%,78%,54%,74%,74%,-7.0,-3.0,10,395,Cambridge,43.42612,-80.293,False
St Gregory Catholic Elementary School,Waterloo CDSB,cambridge,Elementary,English,40.0,20.0,10.0,1225.5,40%,47%,13%,54%,23%,-14.0,-2.0,15,140,Cambridge,43.34997,-80.3275,True
St John Catholic Elementary School,Waterloo CDSB,kitchener,Elementary,English,58.0,20.0,25.0,1877.6,58%,61%,18%,44%,41%,-31.0,-16.0,10,455,Kitchener,43.44884,-80.509,True
St Joseph Catholic Elementary School,Waterloo CDSB,cambridge,Elementary,English,78.0,10.0,5.0,1225.5,78%,78%,38%,73%,68%,-15.0,11.0,15,265,Cambridge,43.3894,-80.3658,False
St Josephine Bakhita Catholic Elementary School,Waterloo CDSB,kitchener,Elementary,English,87.0,8.0,4.0,1877.6,87%,82%,72%,86%,78%,,,10,640,Kitchener,43.3822,-80.48211,False
St Kateri Tekakwitha Catholic Elementary School,Waterloo CDSB,kitchener,Elementary,English,81.0,6.0,4.0,1877.6,81%,81%,59%,79%,77%,-7.0,-4.0,11,515,Kitchener,43.39362,-80.4499,False
St Margaret Catholic Elementary School,Waterloo CDSB,cambridge,Elementary,English,85.0,5.0,0.0,1225.5,85%,79%,54%,88%,88%,-3.0,12.0,10,320,Cambridge,43.38927,-80.2981,False
St Mark Catholic Elementary School,Waterloo CDSB,kitchener,Elementary,English,86.0,5.0,0.0,1877.6,86%,86%,52%,86%,64%,-14.0,-28.0,10,370,Kitchener,43.42072,-80.5308,False
St Michael Catholic Elementary School,Waterloo CDSB,cambridge,Elementary,English,76.0,10.0,5.0,1225.5,76%,61%,39%,83%,63%,-9.0,-5.0,10,315,Cambridge,43.39602,-80.3453,False
St Paul Catholic Elementary School,Waterloo CDSB,kitchener,Elementary,English,81.0,10.0,10.0,1877.6,81%,78%,46%,56%,47%,-7.0,-16.0,15,450,Kitchener,43.42536,-80.5162,False
St Peter Catholic Elementary School,Waterloo CDSB,cambridge,Elementary,English,58.0,15.0,15.0,1225.5,58%,58%,26%,81%,71%,-14.0,5.0,20,295,Cambridge,43.37793,-80.3106,True
St Teresa Catholic Elementary School,Waterloo CDSB,kitchener,Elementary,English,96.0,10.0,0.0,1877.6,96%,71%,54%,91%,83%,15.0,-34.0,10,320,Kitchener,43.46766,-80.4879,False
St Teresa of Avila Catholic Elementary School,Waterloo CDSB,woolwich,Elementary,English,77.0,0.0,5.0,82.7,77%,68%,41%,79%,67%,-15.0,-26.0,15,210,Elmira,43.59265,-80.5712,False
St Teresa of Calcutta Catholic Elementary School,Waterloo CDSB,cambridge,Elementary,English,81.0,5.0,0.0,1225.5,81%,88%,71%,82%,79%,-14.0,35.0,15,375,Cambridge,43.39021,-80.2859,False
St Timothy Catholic Elementary School,Waterloo CDSB,kitchener,Elementary,English,73.0,10.0,5.0,1877.6,73%,73%,46%,64%,56%,-12.0,-8.0,10,350,Kitchener,43.392,-80.4386,False
St Vincent de Paul Catholic Elementary School,Waterloo CDSB,cambridge,Elementary,English,83.0,7.0,7.0,1225.5,83%,85%,54%,68%,65%,1.0,17.0,14,680,Cambridge,43.3467,-80.2906,False
Alpine Public School,Waterloo Region DSB,kitchener,Elementary,English,82.0,10.0,0.0,1877.6,82%,76%,39%,74%,62%,15.0,3.0,5,300,Kitchener,43.41979,-80.4811,False
Avenue Road Public School,Waterloo Region DSB,cambridge,Elementary,English,78.0,13.0,16.0,1225.5,78%,83%,27%,47%,29%,15.0,-3.0,19,500,Cambridge,43.37948,-80.3129,False
Ayr Public School,Waterloo Region DSB,north dumfries,Elementary,English,76.0,0.0,0.0,56.5,76%,76%,41%,74%,58%,-2.0,2.0,10,200,Ayr,43.28927,-80.4501,False
Baden Public School,Waterloo Region DSB,wilmot,Elementary,English,83.0,1.0,0.0,81.2,83%,86%,54%,80%,73%,-12.0,6.0,19,505,Baden,43.40765,-80.6718,False
Blair Road Public School,Waterloo Region DSB,cambridge,Elementary,English,81.0,5.0,0.0,1225.5,81%,81%,47%,51%,49%,2.0,9.0,10,365,Cambridge,43.37238,-80.3284,False
Blue Heron Public School,Waterloo Region DSB,cambridge,Elementary,English,87.0,10.0,0.0,1225.5,87%,84%,49%,48%,52%,-2.0,-3.0,10,440,Cambridge,43.39011,-80.3349,False
Breslau Public School,Waterloo Region DSB,woolwich,Elementary,English,74.0,5.0,3.0,82.7,74%,80%,42%,67%,67%,-3.0,2.0,12,565,Breslau,43.47805,-80.4164,False
Bridgeport Public School,Waterloo Region DSB,kitchener,Elementary,English,80.0,5.0,0.0,1877.6,80%,80%,55%,69%,60%,6.0,5.0,15,325,Kitchener,43.48316,-80.4862,False
Brigadoon Public School,Waterloo Region DSB,kitchener,Elementary,English,89.0,7.0,3.0,1877.6,89%,89%,62%,68%,62%,-2.0,6.0,14,565,Kitchener,43.38433,-80.4549,False
Cedar Creek Public School,Waterloo Region DSB,north dumfries,Elementary,English,68.0,2.0,2.0,56.5,68%,70%,50%,71%,52%,-13.0,-1.0,15,550,Ayr,43.28377,-80.4402,False
Centennial (Cambridge) Public School,Waterloo Region DSB,cambridge,Elementary,English,63.0,10.0,10.0,1225.5,63%,69%,31%,41%,27%,-17.0,-9.0,20,245,Cambridge,43.42333,-80.318,False
Central Public School,Waterloo Region DSB,cambridge,Elementary,English,79.0,10.0,0.0,1225.5,79%,82%,50%,63%,63%,-13.0,27.0,15,265,Cambridge,43.35731,-80.3093,False
Chalmers Street Public School,Waterloo Region DSB,cambridge,Elementary,English,68.0,15.0,15.0,1225.5,68%,66%,30%,44%,31%,17.0,4.0,25,400,Cambridge,43.35194,-80.2967,False
Chicopee Hills Public School,Waterloo Region DSB,kitchener,Elementary,English,92.0,4.0,2.0,1877.6,92%,84%,66%,74%,62%,-3.0,-8.0,14,780,Kitchener,43.44492,-80.4145,False
Clemens Mill Public School,Waterloo Region DSB,cambridge,Elementary,English,69.0,8.0,4.0,1225.5,69%,67%,37%,63%,46%,-13.0,6.0,15,625,Cambridge,43.3895,-80.2922,False
Conestogo Public School,Waterloo Region DSB,woolwich,Elementary,English,83.0,10.0,10.0,82.7,83%,71%,54%,81%,62%,-1.0,6.0,15,220,Conestogo,43.54219,-80.5082,False
Coronation Public School,Waterloo Region DSB,cambridge,Elementary,English,66.0,5.0,5.0,1225.5,66%,59%,34%,65%,42%,-11.0,1.0,20,325,Cambridge,43.40006,-80.3449,False
Country Hills Public School,Waterloo Region DSB,kitchener,Elementary,English,61.0,10.0,10.0,1877.6,61%,63%,34%,70%,59%,-9.0,2.0,15,390,Kitchener,43.41372,-80.4705,False
Crestview Public School,Waterloo Region DSB,kitchener,Elementary,English,88.0,10.0,10.0,1877.6,88%,92%,71%,60%,35%,5.0,21.0,15,425,Kitchener,43.4538,-80.4408,False
Driftwood Park Public School,Waterloo Region DSB,kitchener,Elementary,English,85.0,0.0,0.0,1877.6,85%,87%,43%,78%,71%,-15.0,-17.0,15,390,Kitchener,43.41479,-80.5367,False
Elgin Street Public School,Waterloo Region DSB,cambridge,Elementary,English,83.0,10.0,10.0,1225.5,83%,89%,43%,76%,55%,-2.0,-11.0,20,425,Cambridge,43.38546,-80.3122,False
Floradale Public School,Waterloo Region DSB,woolwich,Elementary,English,76.0,10.0,55.0,82.7,76%,90%,52%,82%,64%,2.0,30.0,15,205,Elmira,43.63563,-80.5759,False
Forest Glen Public School,Waterloo Region DSB,wilmot,Elementary,English,82.0,4.0,3.0,81.2,82%,82%,40%,78%,67%,-10.0,-6.0,18,535,New Hamburg,43.38832,-80.7097,False
Forest Hill Public School,Waterloo Region DSB,kitchener,Elementary,English,75.0,20.0,20.0,1877.6,75%,72%,44%,52%,33%,6.0,24.0,15,410,Kitchener,43.42624,-80.5059,False
Franklin Public School,Waterloo Region DSB,kitchener,Elementary,English,78.0,14.0,7.0,1877.6,78%,73%,42%,70%,44%,4.0,0.0,8,540,Kitchener,43.44426,-80.4475,False
Glencairn Public School,Waterloo Region DSB,kitchener,Elementary,English,87.0,5.0,0.0,1877.6,87%,91%,61%,74%,58%,-13.0,-9.0,20,325,Kitchener,43.41042,-80.4919,False
Grand View Public School,Waterloo Region DSB,cambridge,Elementary,English,91.0,10.0,0.0,1225.5,91%,84%,41%,51%,49%,12.0,-17.0,20,265,Cambridge,43.39152,-80.3551,False
Grandview Public School,Waterloo Region DSB,wilmot,Elementary,English,88.0,5.0,0.0,81.2,88%,92%,83%,88%,82%,-12.0,21.0,15,225,New Hamburg,43.37503,-80.7143,False
Groh Public School,Waterloo Region DSB,kitchener,Elementary,English,82.0,6.0,4.0,1877.6,82%,89%,58%,64%,72%,-11.0,-2.0,10,900,Kitchener,43.37275,-80.4385,False
Hespeler Public School,Waterloo Region DSB,cambridge,Elementary,English,86.0,3.0,3.0,1225.5,86%,88%,49%,72%,46%,-8.0,9.0,12,655,Cambridge,43.42069,-80.3053,False
Highland Public School,Waterloo Region DSB,cambridge,Elementary,English,67.0,10.0,5.0,1225.5,67%,59%,50%,58%,61%,-8.0,12.0,10,425,Cambridge,43.35752,-80.3274,False
Hillcrest Public School,Waterloo Region DSB,cambridge,Elementary,English,92.0,0.0,5.0,1225.5,92%,88%,72%,50%,45%,2.0,8.0,10,380,Cambridge,43.4353,-80.3008,False
Hillside Public School,Waterloo Region DSB,kitchener,Elementary,English,65.0,20.0,25.0,1877.6,65%,65%,48%,31%,39%,-21.0,17.0,30,310,Kitchener,43.4428,-80.5225,False
Howard Robertson Public School,Waterloo Region DSB,kitchener,Elementary,English,71.0,15.0,20.0,1877.6,71%,76%,27%,77%,46%,6.0,-8.0,10,355,Kitchener,43.42974,-80.4296,False
J F Carmichael Public School,Waterloo Region DSB,kitchener,Elementary,English,64.0,15.0,10.0,1877.6,64%,59%,29%,60%,38%,-4.0,-4.0,10,480,Kitchener,43.43995,-80.5044,False
John Darling Public School,Waterloo Region DSB,kitchener,Elementary,English,88.0,0.0,0.0,1877.6,88%,94%,69%,70%,78%,0.0,17.0,25,175,Kitchener,43.42012,-80.5472,False
John Mahood Public School,Waterloo Region DSB,woolwich,Elementary,English,83.0,5.0,5.0,82.7,83%,74%,43%,63%,61%,-3.0,-13.0,20,420,Elmira,43.5919,-80.563,False
King Edward Public School,Waterloo Region DSB,kitchener,Elementary,English,62.0,10.0,5.0,1877.6,62%,42%,30%,58%,33%,-12.0,-12.0,10,370,Kitchener,43.45463,-80.5058,False
Lackner Woods Public School,Waterloo Region DSB,kitchener,Elementary,English,85.0,3.0,4.0,1877.6,85%,89%,63%,77%,76%,-10.0,0.0,17,625,Kitchener,43.45226,-80.4189,False
Linwood Public School,Waterloo Region DSB,wellesley,Elementary,English,76.0,15.0,70.0,40.8,76%,84%,21%,58%,58%,-18.0,-16.0,10,355,Linwood,43.58044,-80.7329,False
Mackenzie King Public School,Waterloo Region DSB,kitchener,Elementary,English,87.0,0.0,5.0,1877.6,87%,93%,67%,61%,58%,11.0,-2.0,15,330,Kitchener,43.46595,-80.4476,False
Manchester Public School,Waterloo Region DSB,cambridge,Elementary,English,75.0,20.0,20.0,1225.5,75%,68%,32%,66%,36%,-6.0,15.0,10,340,Cambridge,43.37104,-80.3135,False
Meadowlane Public School,Waterloo Region DSB,kitchener,Elementary,English,96.0,10.0,0.0,1877.6,96%,89%,39%,53%,40%,34.0,24.0,10,230,Kitchener,43.41895,-80.5268,False
Millen Woods Public School,Waterloo Region DSB,kitchener,Elementary,English,100.0,0.0,0.0,1877.6,100%,100%,81%,78%,76%,5.0,-4.0,10,290,Waterloo,43.51343,-80.5042,False
New Dundee Public School,Waterloo Region DSB,wilmot,Elementary,English,100.0,0.0,0.0,81.2,100%,100%,89%,90%,75%,0.0,31.0,15,175,New Dundee,43.35046,-80.5321,False
Parkway Public School,Waterloo Region DSB,cambridge,Elementary,English,92.0,15.0,10.0,1225.5,92%,78%,27%,81%,68%,10.0,-28.0,10,350,Cambridge,43.3962,-80.3782,False
Pioneer Park Public School,Waterloo Region DSB,kitchener,Elementary,English,76.0,10.0,5.0,1877.6,76%,69%,38%,51%,41%,-7.0,-1.0,10,390,Kitchener,43.397,-80.4436,False
Preston Public School,Waterloo Region DSB,cambridge,Elementary,English,68.0,10.0,5.0,1225.5,68%,76%,41%,50%,50%,-11.0,3.0,20,300,Cambridge,43.3976,-80.3575,False
Prueter Public School,Waterloo Region DSB,kitchener,Elementary,English,56.0,5.0,0.0,1877.6,56%,65%,16%,38%,35%,-15.0,2.0,30,225,Kitchener,43.46833,-80.4907,True
Queen Elizabeth Public School,Waterloo Region DSB,kitchener,Elementary,English,85.0,20.0,10.0,1877.6,85%,95%,55%,48%,20%,17.0,50.0,20,235,Kitchener,43.43048,-80.4864,False
Riverside Public School,Waterloo Region DSB,woolwich,Elementary,English,71.0,5.0,5.0,82.7,71%,57%,43%,81%,60%,-14.0,5.0,5,450,Elmira,43.60211,-80.5592,False
Rockway Public School,Waterloo Region DSB,kitchener,Elementary,English,62.0,20.0,20.0,1877.6,62%,76%,29%,42%,38%,-20.0,-3.0,10,220,Kitchener,43.42917,-80.4642,False
Saginaw Public School,Waterloo Region DSB,cambridge,Elementary,English,82.0,0.0,0.0,1225.5,82%,80%,47%,66%,63%,-8.0,7.0,10,385,Cambridge,43.39369,-80.2789,False
Sandhills Public School,Waterloo Region DSB,kitchener,Elementary,English,85.0,8.0,4.0,1877.6,85%,87%,53%,81%,72%,10.0,15.0,12,645,Kitchener,43.43238,-80.5437,False
Sheppard Public School,Waterloo Region DSB,kitchener,Elementary,English,73.0,10.0,0.0,1877.6,73%,76%,46%,70%,70%,-17.0,-18.0,10,350,Kitchener,43.44665,-80.4719,False
Silverheights Public School,Waterloo Region DSB,cambridge,Elementary,English,87.0,5.0,3.0,1225.5,87%,81%,42%,78%,70%,0.0,10.0,11,700,Cambridge,43.4419,-80.3153,False
Sir Adam Beck Public School,Waterloo Region DSB,wilmot,Elementary,English,93.0,1.0,2.0,81.2,93%,87%,61%,64%,62%,-5.0,-16.0,17,515,Baden,43.40155,-80.6859,False
Smithson Public School,Waterloo Region DSB,kitchener,Elementary,English,83.0,5.0,5.0,1877.6,83%,66%,37%,80%,65%,-4.0,0.0,30,270,Kitchener,43.45406,-80.4614,False
Southridge Public School,Waterloo Region DSB,kitchener,Elementary,English,79.0,10.0,15.0,1877.6,79%,74%,24%,62%,44%,7.0,1.0,20,385,Kitchener,43.42918,-80.5183,False
St Jacobs Public School,Waterloo Region DSB,woolwich,Elementary,English,86.0,5.0,25.0,82.7,86%,71%,51%,75%,70%,-6.0,-16.0,20,290,St Jacobs,43.53692,-80.5557,False
Stewart Avenue Public School,Waterloo Region DSB,cambridge,Elementary,English,78.0,10.0,5.0,1225.5,78%,71%,39%,50%,41%,-13.0,9.0,24,535,Cambridge,43.34865,-80.3025,False
Suddaby Public School,Waterloo Region DSB,kitchener,Elementary,English,85.0,13.0,5.0,1877.6,85%,72%,39%,69%,50%,0.0,-10.0,11,510,Kitchener,43.45252,-80.4827,False
Tait Street Public School,Waterloo Region DSB,cambridge,Elementary,English,80.0,10.0,5.0,1225.5,80%,71%,47%,62%,40%,-8.0,14.0,15,485,Cambridge,43.33901,-80.3235,False
Trillium Public School,Waterloo Region DSB,kitchener,Elementary,English,68.0,15.0,15.0,1877.6,68%,68%,17%,62%,38%,-15.0,-8.0,20,225,Kitchener,43.41763,-80.4967,False
W.T. Townshend Public School,Waterloo Region DSB,kitchener,Elementary,English,84.0,8.0,7.0,1877.6,84%,90%,52%,72%,64%,-6.0,2.0,10,570,Kitchener,43.40641,-80.5158,False
Wellesley Public School,Waterloo Region DSB,wellesley,Elementary,English,88.0,4.0,18.0,40.8,88%,79%,68%,71%,61%,10.0,26.0,13,640,Wellesley,43.47751,-80.7559,False
Westmount Public School,Waterloo Region DSB,kitchener,Elementary,English,80.0,25.0,20.0,1877.6,80%,80%,41%,62%,56%,-10.0,-5.0,10,490,Kitchener,43.44971,-80.5214,False
Wilson Avenue Public School,Waterloo Region DSB,kitchener,Elementary,English,83.0,18.0,14.0,1877.6,83%,86%,57%,56%,40%,20.0,32.0,14,530,Kitchener,43.42641,-80.4532,False
Woodland Park Public School,Waterloo Region DSB,cambridge,Elementary,English,82.0,0.0,0.0,1225.5,82%,78%,58%,71%,58%,4.0,0.0,25,385,Cambridge,43.42857,-80.2946,False
Holy Rosary Catholic School,Wellington CDSB,guelph,Elementary,English,64.0,10.0,5.0,1644.1,64%,79%,36%,57%,61%,-3.0,-5.0,15,255,Guelph,43.5642,-80.2541,False
Holy Trinity Catholic School,Wellington CDSB,guelph,Elementary,English,87.0,5.0,5.0,1644.1,87%,90%,61%,78%,69%,-3.0,10.0,15,480,Guelph,43.56979,-80.2222,False
Mary Phelan Catholic School,Wellington CDSB,guelph,Elementary,English,100.0,5.0,0.0,1644.1,100%,90%,50%,90%,55%,13.0,3.0,10,180,Guelph,43.51261,-80.2465,False
Sacred Heart - Rockwood Catholic Elementary School,Wellington CDSB,guelpheramosa,Elementary,English,83.0,5.0,0.0,47.5,83%,73%,30%,78%,73%,25.0,13.0,10,315,Rockwood,43.62408,-80.1517,False
Sacred Heart Catholic School,Wellington CDSB,guelph,Elementary,English,79.0,10.0,5.0,1644.1,79%,88%,38%,83%,72%,-10.0,-6.0,15,275,Guelph,43.5474,-80.2358,False
St Francis of Assisi Catholic School,Wellington CDSB,guelph,Elementary,English,88.0,10.0,0.0,1644.1,88%,82%,66%,57%,38%,-4.0,19.0,15,450,Guelph,43.52549,-80.2826,False
St Ignatius of Loyola Catholic School,Wellington CDSB,guelph,Elementary,English,87.0,0.0,0.0,1644.1,87%,87%,68%,86%,81%,-5.0,2.0,10,435,Guelph,43.51672,-80.1809,False
St John Brebeuf Catholic School,Wellington CDSB,erin,Elementary,English,74.0,0.0,5.0,40.1,74%,74%,48%,46%,54%,4.0,8.0,5,250,Erin,43.795,-80.1408,False
St John Catholic School,Wellington CDSB,guelph,Elementary,English,76.0,10.0,10.0,1644.1,76%,74%,47%,64%,64%,-8.0,-3.0,10,370,Guelph,43.55998,-80.234,False
"St John Catholic School, Arthur School",Wellington CDSB,wellington north,Elementary,English,68.0,5.0,25.0,23.6,68%,77%,32%,36%,52%,16.0,6.0,15,205,Arthur,43.8399,-80.5356,False
St Joseph - Fergus Catholic Elementary School,Wellington CDSB,centre wellington,Elementary,English,100.0,5.0,1.0,75.9,100%,100%,88%,94%,90%,4.0,10.0,18,540,Fergus,43.71219,-80.387,False
St Joseph Catholic School,Wellington CDSB,guelph,Elementary,English,82.0,15.0,20.0,1644.1,82%,79%,36%,66%,70%,-12.0,1.0,10,370,Guelph,43.53825,-80.2674,False
St Mary - Elora Catholic Elementary School,Wellington CDSB,centre wellington,Elementary,English,93.0,5.0,10.0,75.9,93%,88%,61%,82%,77%,0.0,30.0,15,375,Elora,43.68979,-80.4275,False
St Mary - Mount Forest Catholic Elementary School,Wellington CDSB,wellington north,Elementary,English,88.0,15.0,25.0,23.6,88%,100%,38%,27%,53%,-1.0,-4.0,20,205,Mount Forest,43.97864,-80.7291,False
St Michael Catholic School,Wellington CDSB,guelph,Elementary,English,89.0,5.0,5.0,1644.1,89%,93%,56%,80%,63%,-4.0,-1.0,5,375,Guelph,43.51934,-80.2229,False
St Patrick Catholic School,Wellington CDSB,guelph,Elementary,English,76.0,5.0,5.0,1644.1,76%,95%,67%,82%,81%,-19.0,17.0,10,250,Guelph,43.57657,-80.2578,False
St Paul Catholic School,Wellington CDSB,guelph,Elementary,English,97.0,5.0,5.0,1644.1,97%,93%,60%,100%,79%,-3.0,-18.0,10,320,Guelph,43.5092,-80.187,False
St Peter Catholic School,Wellington CDSB,guelph,Elementary,English,78.0,15.0,15.0,1644.1,78%,65%,32%,62%,54%,-3.0,-27.0,5,460,Guelph,43.53239,-80.2834,False
Cardinal Carter Middle School,Windsor-Essex CDSB,leamington,Elementary,English,95.0,10.0,30.0,113.6,95%,93%,49%,,,,,20,295,Leamington,42.04174,-82.617,False
Christ the King Separate School,Windsor-Essex CDSB,windsor,Elementary,English,93.0,15.0,5.0,1572.8,93%,87%,60%,67%,56%,7.0,17.0,10,315,Windsor,42.26935,-83.0253,False
H J Lassaline Catholic School,Windsor-Essex CDSB,windsor,Elementary,English,88.0,19.0,12.0,1572.8,88%,92%,55%,78%,53%,22.0,38.0,16,510,Windsor,42.30203,-82.9203,False
Holy Cross Catholic Elementary School,Windsor-Essex CDSB,lasalle,Elementary,English,99.0,4.0,0.0,503.7,99%,97%,72%,94%,92%,10.0,13.0,14,695,LaSalle,42.23593,-83.0225,False
Holy Name Catholic School,Windsor-Essex CDSB,essex,Elementary,English,93.0,5.0,0.0,229.3,93%,93%,54%,85%,63%,0.0,5.0,30,370,Essex,42.16473,-82.8208,False
Holy Name Catholic School,Windsor-Essex CDSB,essex,Elementary,English,93.0,5.0,0.0,76.4,93%,93%,54%,85%,63%,0.0,5.0,30,370,Essex,42.16473,-82.8208,False
Immaculate Conception Catholic School,Windsor-Essex CDSB,windsor,Elementary,English,78.0,40.0,25.0,1572.8,78%,83%,9%,67%,52%,-10.0,-38.0,20,275,Windsor,42.31482,-83.0403,False
L A Desmarais Catholic School,Windsor-Essex CDSB,windsor,Elementary,English,87.0,10.0,10.0,1572.8,87%,83%,45%,71%,61%,12.0,16.0,15,475,Windsor,42.30975,-82.9095,False
Notre Dame Catholic School,Windsor-Essex CDSB,windsor,Elementary,English,89.0,10.0,5.0,1572.8,89%,82%,62%,66%,55%,-5.0,2.0,15,455,Windsor,42.26911,-83.0353,False
Our Lady of Mount Carmel Catholic School,Windsor-Essex CDSB,windsor,Elementary,English,89.0,10.0,0.0,1572.8,89%,96%,79%,92%,82%,1.0,23.0,20,435,Windsor,42.24338,-83.0121,False
Our Lady of Perpetual Help Catholic School,Windsor-Essex CDSB,windsor,Elementary,English,82.0,15.0,10.0,1572.8,82%,91%,41%,76%,52%,-10.0,-5.0,20,255,Windsor,42.2836,-83.0037,False
Our Lady of the Annunciation Catholic School,Windsor-Essex CDSB,lakeshore,Elementary,English,83.0,5.0,5.0,76.4,83%,92%,50%,70%,40%,-8.0,-14.0,10,105,Stoney Point,42.30442,-82.5457,False
Sacred Heart Catholic Elementary School,Windsor-Essex CDSB,lasalle,Elementary,English,93.0,5.0,0.0,503.7,93%,89%,79%,88%,67%,6.0,16.0,25,335,LaSalle,42.23335,-83.0988,False
St Angela Catholic School,Windsor-Essex CDSB,windsor,Elementary,English,87.0,25.0,20.0,1572.8,87%,91%,65%,79%,67%,15.0,33.0,20,375,Windsor,42.30625,-83.0178,False
St Anne French Immersion Catholic School,Windsor-Essex CDSB,windsor,Elementary,English,94.0,20.0,10.0,1572.8,94%,85%,38%,64%,52%,-2.0,-30.0,15,410,Windsor,42.31659,-83.005,False
St Anthony Catholic School,Windsor-Essex CDSB,essex,Elementary,English,84.0,5.0,0.0,229.3,84%,76%,40%,50%,64%,-16.0,-2.0,20,205,Harrow,42.03711,-82.9213,False
St Anthony Catholic School,Windsor-Essex CDSB,essex,Elementary,English,84.0,5.0,0.0,76.4,84%,76%,40%,50%,64%,-16.0,-2.0,20,205,Harrow,42.03711,-82.9213,False
St Christopher Catholic School,Windsor-Essex CDSB,windsor,Elementary,English,89.0,10.0,5.0,1572.8,89%,89%,47%,82%,64%,-5.0,9.0,20,420,WINDSOR,42.28045,-82.9931,False
St Gabriel Catholic School,Windsor-Essex CDSB,windsor,Elementary,English,98.0,10.0,5.0,1572.8,98%,96%,59%,77%,67%,12.0,3.0,20,480,Windsor,42.25686,-83.0207,False
St James Catholic School,Windsor-Essex CDSB,windsor,Elementary,English,81.0,35.0,10.0,1572.8,81%,88%,20%,71%,64%,-2.0,-4.0,30,415,Windsor,42.28389,-83.0613,False
St John Vianney Catholic School,Windsor-Essex CDSB,windsor,Elementary,English,91.0,11.0,6.0,1572.8,91%,91%,71%,80%,59%,4.0,17.0,16,870,Windsor,42.33702,-82.9397,False
St John de Brebeuf Catholic School,Windsor-Essex CDSB,kingsville,Elementary,English,82.0,6.0,12.0,89.9,82%,81%,53%,85%,84%,-16.0,-7.0,13,510,Kingsville,42.03665,-82.7345,False
St John the Baptist Catholic School,Windsor-Essex CDSB,lakeshore,Elementary,English,85.0,0.0,0.0,76.4,85%,82%,56%,78%,78%,-15.0,-14.0,15,415,Belle River,42.28987,-82.7067,False
St Joseph Catholic School,Windsor-Essex CDSB,amherstburg,Elementary,English,98.0,3.0,0.0,128.0,98%,95%,60%,89%,85%,0.0,-12.0,10,670,River Canard,42.18593,-83.0688,False
St Mary Catholic School,Windsor-Essex CDSB,lakeshore,Elementary,English,100.0,5.0,5.0,76.4,100%,100%,38%,74%,70%,7.0,-29.0,10,185,Maidstone,42.20889,-82.8848,False
St Peter Catholic School,Windsor-Essex CDSB,tecumseh,Elementary,English,94.0,5.0,0.0,246.3,94%,97%,71%,85%,73%,-2.0,11.0,20,240,Tecumseh,42.28122,-82.8819,False
St Pius X Catholic School,Windsor-Essex CDSB,tecumseh,Elementary,English,95.0,3.0,1.0,246.3,95%,97%,82%,92%,88%,2.0,17.0,14,660,Tecumseh,42.32095,-82.8834,False
St Rose Catholic School,Windsor-Essex CDSB,windsor,Elementary,English,95.0,10.0,0.0,1572.8,95%,95%,78%,92%,86%,1.0,4.0,30,320,Windsor,42.32997,-82.9542,False
St Teresa of CalcuttaCatholic School,Windsor-Essex CDSB,windsor,Elementary,English,93.0,18.0,7.0,1572.8,93%,89%,65%,70%,62%,3.0,3.0,21,515,Windsor,42.30762,-82.9855,False
St William Catholic School,Windsor-Essex CDSB,lakeshore,Elementary,English,93.0,4.0,2.0,76.4,93%,96%,59%,84%,78%,-4.0,-17.0,19,680,Emeryville,42.29428,-82.7607,False
St. André,Windsor-Essex CDSB,tecumseh,Elementary,English,98.0,10.0,5.0,246.3,98%,100%,65%,88%,84%,-2.0,3.0,10,460,Tecumseh,42.31441,-82.8583,False
Stella Maris Catholic School,Windsor-Essex CDSB,amherstburg,Elementary,English,77.0,10.0,0.0,128.0,77%,79%,75%,94%,75%,-10.0,14.0,20,405,Amherstburg,42.11563,-83.1067,False
W J Langlois Catholic School,Windsor-Essex CDSB,windsor,Elementary,English,92.0,10.0,10.0,1572.8,92%,92%,55%,82%,63%,4.0,11.0,20,370,Windsor,42.29413,-82.9524,False
All Saints Catholic Elementary School,York CDSB,markham,Elementary,English,97.0,10.0,0.0,1604.8,97%,97%,72%,94%,88%,7.0,12.0,20,240,Unionville,43.89633,-79.3075,False
Blessed Chiara Badano Catholic Elementary School,York CDSB,whitchurch-stouffville,Elementary,English,100.0,0.0,5.0,241.6,100%,97%,58%,N/D,60%,,,0,170,Stouffville,43.98152,-79.25821,False
Blessed Trinity Catholic Elementary School,York CDSB,aurora,Elementary,English,88.0,5.0,4.0,1241.1,88%,85%,58%,42%,48%,-4.0,3.0,10,545,Maple,43.84395,-79.5252,False
Canadian Martyrs Catholic Elementary School,York CDSB,newmarket,Elementary,English,81.0,8.0,4.0,2284.1,81%,87%,64%,68%,64%,-15.0,15.0,18,530,Newmarket,44.06412,-79.4743,False
Christ the King Catholic Elementary School,York CDSB,richmond hill,Elementary,English,98.0,11.0,1.0,2004.4,98%,97%,80%,92%,85%,3.0,3.0,9,575,Richmond Hill,43.85763,-79.3968,False
Corpus Christi Catholic Elementary School,York CDSB,richmond hill,Elementary,English,86.0,10.0,0.0,2004.4,86%,86%,71%,100%,92%,-9.0,0.0,20,135,Richmond Hill,43.89738,-79.4381,False
Divine Mercy Catholic Elementary School,York CDSB,vaughan,Elementary,English,100.0,0.0,0.0,1185.9,100%,100%,82%,86%,67%,11.0,30.0,25,190,Maple,43.85748,-79.5327,False
Father Frederick McGinn Catholic Elementary School,York CDSB,richmond hill,Elementary,English,85.0,5.0,0.0,2004.4,85%,85%,39%,87%,87%,15.0,3.0,20,380,Richmond Hill,43.93485,-79.4776,False
Father Henri J M Nouwen Catholic Elementary School,York CDSB,richmond hill,Elementary,English,89.0,5.0,0.0,2004.4,89%,83%,78%,100%,87%,10.0,25.0,10,160,Richmond Hill,43.89337,-79.4622,False
Father John Kelly Catholic Elementary School,York CDSB,vaughan,Elementary,English,94.0,0.0,0.0,1185.9,94%,91%,50%,90%,55%,10.0,7.0,10,260,Maple,43.84027,-79.5092,False
Good Shepherd Catholic Elementary School,York CDSB,east gwillimbury,Elementary,English,91.0,10.0,0.0,141.4,91%,84%,55%,51%,37%,-5.0,3.0,15,400,East Gwillimbury,44.09797,-79.4688,False
Guardian Angels,York CDSB,vaughan,Elementary,English,85.0,5.0,5.0,1185.9,85%,90%,51%,80%,76%,-15.0,-17.0,12,630,Vaughan,43.84863,-79.5686,False
Holy Jubilee Catholic Elementary School,York CDSB,vaughan,Elementary,English,84.0,5.0,5.0,1185.9,84%,79%,38%,60%,50%,-16.0,2.0,20,315,Maple,43.86987,-79.5236,False
Holy Name Catholic Elementary School,York CDSB,king,Elementary,English,81.0,5.0,0.0,82.3,81%,75%,53%,75%,65%,-7.0,4.0,8,515,King City,43.92978,-79.5087,False
Holy Spirit Catholic Elementary School,York CDSB,aurora,Elementary,English,93.0,10.0,0.0,1241.1,93%,95%,79%,84%,71%,-3.0,29.0,10,390,Aurora,43.99457,-79.4493,False
Immaculate Conception Catholic Elementary School,York CDSB,vaughan,Elementary,English,88.0,5.0,0.0,1185.9,88%,88%,34%,79%,65%,-9.0,-14.0,15,360,Woodbridge,43.79311,-79.5706,False
Light of Christ Catholic Elementary School,York CDSB,aurora,Elementary,English,83.0,10.0,0.0,1241.1,83%,94%,47%,53%,47%,2.0,-5.0,15,300,Aurora,43.97084,-79.4846,False
Notre Dame Catholic Elementary School,York CDSB,newmarket,Elementary,English,85.0,5.0,0.0,2284.1,85%,88%,56%,86%,65%,-11.0,2.0,20,440,Newmarket,44.03928,-79.4368,False
Our Lady Help of Christians Catholic Elementary School,York CDSB,richmond hill,Elementary,English,94.0,15.0,0.0,2004.4,94%,88%,61%,90%,86%,-6.0,-23.0,15,340,Richmond Hill,43.89191,-79.3997,False
Our Lady of Fatima Catholic Elementary School,York CDSB,vaughan,Elementary,English,87.0,0.0,0.0,1185.9,87%,87%,52%,71%,60%,-4.0,23.0,10,465,Woodbridge,43.81169,-79.6014,False
Our Lady of Good Counsel Catholic Elementary School,York CDSB,east gwillimbury,Elementary,English,85.0,7.0,4.0,141.4,85%,93%,41%,89%,83%,-1.0,-6.0,19,545,Sharon,44.10319,-79.433,False
Our Lady of Grace Catholic Elementary School,York CDSB,aurora,Elementary,English,84.0,10.0,5.0,1241.1,84%,88%,50%,72%,61%,5.0,-3.0,20,235,Aurora,44.00086,-79.4825,False
Our Lady of Hope Catholic Elementary School,York CDSB,richmond hill,Elementary,English,96.0,10.0,5.0,2004.4,96%,92%,80%,65%,61%,13.0,19.0,15,270,Richmond Hill,43.95479,-79.4762,False
Our Lady of the Annunciation Catholic Elementary School,York CDSB,richmond hill,Elementary,English,92.0,10.0,0.0,2004.4,92%,100%,33%,88%,62%,12.0,1.0,20,205,Richmond Hill,43.95252,-79.448,False
Our Lady of the Rosary Catholic Elementary School,York CDSB,vaughan,Elementary,English,87.0,10.0,5.0,1185.9,87%,90%,73%,93%,57%,-4.0,21.0,15,310,Concord,43.79392,-79.4814,False
Pope Francis Catholic Elementary School,York CDSB,vaughan,Elementary,English,92.0,5.0,3.0,1185.9,92%,92%,53%,80%,74%,2.0,5.0,11,870,Kleinburg,43.83015,-79.6556,False
Prince of Peace Catholic Elementary School,York CDSB,georgina,Elementary,English,73.0,10.0,0.0,165.6,73%,73%,40%,62%,44%,-3.0,4.0,25,255,Keswick,44.21274,-79.4596,False
San Lorenzo Ruiz Catholic Elementary School,York CDSB,markham,Elementary,English,89.0,10.0,5.0,1604.8,89%,97%,87%,84%,74%,-9.0,12.0,20,420,Markham,43.89704,-79.2826,False
San Marco Catholic Elementary School,York CDSB,vaughan,Elementary,English,93.0,0.0,5.0,1185.9,93%,93%,61%,38%,33%,11.0,-3.0,25,275,Woodbridge,43.79081,-79.6203,False
Sir Richard W Scott Catholic Elementary School,York CDSB,markham,Elementary,English,93.0,5.0,5.0,1604.8,93%,93%,52%,83%,78%,-4.0,-5.0,15,235,Markham,43.85889,-79.2468,False
St Agnes of Assisi Catholic Elementary School,York CDSB,vaughan,Elementary,English,100.0,0.0,10.0,1185.9,100%,100%,67%,100%,100%,9.0,23.0,15,285,Woodbridge,43.82976,-79.5621,False
St Andrew Catholic Elementary School,York CDSB,vaughan,Elementary,English,92.0,0.0,5.0,1185.9,92%,97%,61%,88%,77%,-3.0,6.0,15,280,Woodbridge,43.8183,-79.6122,False
St Angela Merici Catholic Elementary School,York CDSB,vaughan,Elementary,English,100.0,0.0,5.0,1185.9,100%,96%,48%,77%,50%,13.0,-13.0,10,265,Woodbridge,43.80079,-79.6233,False
St Anne Catholic Elementary School,York CDSB,richmond hill,Elementary,English,88.0,10.0,0.0,2004.4,88%,94%,64%,73%,61%,-10.0,-3.0,10,330,Richmond Hill,43.8643,-79.4537,False
St Anthony Catholic Elementary School,York CDSB,markham,Elementary,English,91.0,10.0,0.0,1604.8,91%,91%,77%,83%,77%,-6.0,-4.0,15,215,Thornhill,43.82915,-79.4153,False
St Benedict Catholic Elementary School,York CDSB,markham,Elementary,English,94.0,10.0,15.0,1604.8,94%,97%,67%,88%,88%,0.0,-14.0,10,360,Unionville,43.8315,-79.2905,False
St Bernadette's Catholic Elementary School,York CDSB,georgina,Elementary,English,70.0,10.0,0.0,165.6,70%,67%,41%,53%,40%,-17.0,20.0,25,235,Sutton West,44.30934,-79.3683,False
St Brendan Catholic School,York CDSB,whitchurch-stouffville,Elementary,English,91.0,0.0,5.0,241.6,91%,85%,54%,62%,58%,3.0,9.0,15,405,Stouffville,43.96295,-79.2543,False
St Brigid Catholic Elementary School,York CDSB,whitchurch-stouffville,Elementary,English,91.0,0.0,5.0,241.6,91%,93%,73%,62%,49%,12.0,38.0,10,315,Stouffville,43.97827,-79.2428,False
St Catherine of Siena Catholic Elementary School,York CDSB,vaughan,Elementary,English,92.0,0.0,5.0,1185.9,92%,96%,58%,58%,53%,-3.0,-10.0,10,235,Woodbridge,43.77843,-79.5727,False
St Cecilia Catholic Elementary School,York CDSB,vaughan,Elementary,English,88.0,4.0,2.0,1185.9,88%,85%,58%,92%,81%,-3.0,-11.0,13,515,Maple,43.84949,-79.494,False
St Charles Garnier Catholic Elementary School,York CDSB,richmond hill,Elementary,English,98.0,8.0,1.0,2004.4,98%,96%,83%,83%,90%,6.0,5.0,9,505,Richmond Hill,43.85272,-79.4469,False
St Clare Catholic Elementary School,York CDSB,vaughan,Elementary,English,89.0,0.0,0.0,1185.9,89%,84%,63%,53%,53%,-4.0,11.0,15,155,Woodbridge,43.81724,-79.5616,False
St Clement Catholic Elementary School,York CDSB,vaughan,Elementary,English,89.0,0.0,5.0,1185.9,89%,94%,78%,83%,61%,-5.0,0.0,10,335,Woodbridge,43.78542,-79.6081,False
St David Catholic Elementary School,York CDSB,vaughan,Elementary,English,91.0,0.0,5.0,1185.9,91%,87%,48%,87%,73%,1.0,-4.0,15,205,Maple,43.85799,-79.5192,False
St Edward Catholic Elementary School,York CDSB,markham,Elementary,English,95.0,10.0,0.0,1604.8,95%,92%,61%,N/D,87%,-3.0,-31.0,10,280,Markham,43.88123,-79.2791,False
St Elizabeth Seton Catholic Elementary School,York CDSB,newmarket,Elementary,English,82.0,7.0,2.0,2284.1,82%,80%,45%,56%,65%,-9.0,2.0,12,505,Newmarket,44.07726,-79.4402,False
St Emily Catholic Elementary School,York CDSB,vaughan,Elementary,English,91.0,0.0,10.0,1185.9,91%,93%,65%,67%,76%,11.0,18.0,10,450,Woodbridge,43.83027,-79.5519,False
St Francis Xavier Catholic Elementary School,York CDSB,markham,Elementary,English,94.0,10.0,10.0,1604.8,94%,98%,74%,77%,70%,4.0,24.0,10,500,Markham,43.84433,-79.2874,False
St Gabriel the Archangel Catholic Elementary School,York CDSB,vaughan,Elementary,English,98.0,5.0,0.0,1185.9,98%,93%,52%,74%,49%,13.0,17.0,10,370,Woodbridge,43.79869,-79.5611,False
St Giovanni Battista Scalabrini Catholic Elementary School,York CDSB,vaughan,Elementary,English,100.0,10.0,0.0,1185.9,100%,100%,69%,N/R,N/R,25.0,13.0,15,185,Thornhill,43.7995,-79.441,False
St Gregory the Great Catholic Academy,York CDSB,vaughan,Elementary,English,97.0,0.0,5.0,1185.9,97%,100%,71%,86%,67%,-3.0,2.0,15,285,Woodbridge,43.81038,-79.5581,False
St James Catholic Elementary School,York CDSB,vaughan,Elementary,English,83.0,5.0,10.0,1185.9,83%,86%,42%,78%,59%,-5.0,-22.0,20,240,Maple,43.85386,-79.5465,False
St Jerome Catholic Elementary School,York CDSB,aurora,Elementary,English,75.0,5.0,5.0,1241.1,75%,94%,47%,73%,53%,-11.0,17.0,25,265,Aurora,44.01464,-79.4526,False
St John Bosco Catholic Elementary School,York CDSB,vaughan,Elementary,English,89.0,0.0,5.0,1185.9,89%,87%,55%,N/D,87%,-7.0,9.0,0,285,Woodbridge,43.80504,-79.5573,False
St John Chrysostom Catholic Elementary School,York CDSB,newmarket,Elementary,English,89.0,5.0,5.0,2284.1,89%,89%,28%,83%,67%,0.0,-30.0,20,220,Newmarket,44.02969,-79.4773,False
St John Paul II Catholic Elementary School,York CDSB,richmond hill,Elementary,English,100.0,15.0,0.0,2004.4,100%,100%,70%,75%,70%,9.0,0.0,10,250,Richmond Hill,43.84508,-79.4241,False
St John XXIII Catholic Elementary School,York CDSB,markham,Elementary,English,90.0,15.0,5.0,1604.8,90%,90%,69%,N/R,81%,-10.0,-12.0,10,285,Unionville,43.86514,-79.3241,False
St Joseph Catholic Elementary School,York CDSB,aurora,Elementary,English,100.0,5.0,0.0,1241.1,100%,100%,68%,N/D,92%,0.0,-20.0,5,270,Aurora,43.98286,-79.475,False
St Joseph Catholic Elementary School,York CDSB,markham,Elementary,English,85.0,7.0,3.0,1604.8,85%,89%,64%,85%,74%,-15.0,-4.0,12,585,Markham,43.88301,-79.2537,False
St Joseph Catholic Elementary School,York CDSB,richmond hill,Elementary,English,94.0,15.0,0.0,2004.4,94%,88%,65%,59%,59%,11.0,39.0,20,220,Richmond Hill,43.86959,-79.4178,False
St Joseph The Worker Catholic Elementary School,York CDSB,vaughan,Elementary,English,91.0,10.0,0.0,1185.9,91%,89%,51%,73%,72%,-6.0,-10.0,10,485,Thornhill,43.80119,-79.4706,False
St Julia Billiart Catholic Elementary School,York CDSB,markham,Elementary,English,92.0,5.0,5.0,1604.8,92%,92%,68%,88%,92%,-2.0,15.0,20,340,Markham,43.9031,-79.2533,False
St Justin Martyr Catholic Elementary School,York CDSB,markham,Elementary,English,98.0,14.0,1.0,1604.8,98%,99%,89%,98%,93%,0.0,6.0,10,660,Unionville,43.86794,-79.3433,False
St Kateri Tekakwitha Catholic Elementary School,York CDSB,markham,Elementary,English,100.0,5.0,5.0,1604.8,100%,92%,67%,97%,93%,21.0,12.0,20,280,Markham,43.89064,-79.2474,False
St Margaret Mary Catholic Elementary School,York CDSB,vaughan,Elementary,English,71.0,5.0,0.0,1185.9,71%,89%,40%,75%,48%,-21.0,-23.0,15,320,Woodbridge,43.80097,-79.5876,False
St Marguerite D'Youville Catholic Elementary School,York CDSB,richmond hill,Elementary,English,98.0,10.0,0.0,2004.4,98%,93%,71%,90%,69%,4.0,3.0,20,405,RICHMOND HILL,43.91171,-79.4589,False
St Mark Catholic Elementary School,York CDSB,whitchurch-stouffville,Elementary,English,87.0,10.0,5.0,241.6,87%,96%,54%,76%,60%,-13.0,-11.0,10,320,Stouffville,43.97309,-79.2594,False
St Mary Catholic Elementary School,York CDSB,king,Elementary,English,88.0,3.0,2.0,82.3,88%,93%,77%,89%,79%,-4.0,41.0,11,630,Nobleton,43.90765,-79.6461,False
St Mary Immaculate Catholic Elementary School,York CDSB,richmond hill,Elementary,English,100.0,10.0,0.0,2004.4,100%,100%,73%,87%,77%,9.0,17.0,10,310,Richmond Hill,43.88285,-79.4509,False
St Mary of the Angels Catholic Elementary School,York CDSB,vaughan,Elementary,English,99.0,6.0,5.0,1185.9,99%,97%,73%,75%,66%,2.0,19.0,9,610,Woodbridge,43.85473,-79.5593,False
St Matthew Catholic Elementary School,York CDSB,markham,Elementary,English,75.0,10.0,5.0,1604.8,75%,94%,62%,64%,55%,-19.0,3.0,15,125,Unionville,43.87476,-79.306,False
St Michael Catholic Academy,York CDSB,vaughan,Elementary,English,91.0,5.0,0.0,1185.9,91%,85%,73%,96%,88%,-6.0,2.0,15,280,Thornhill,43.81345,-79.3652,False
St Michael the Archangel Catholic Elementary School,York CDSB,vaughan,Elementary,English,84.0,0.0,0.0,1185.9,84%,85%,49%,86%,81%,-15.0,-12.0,10,460,Vaughan,43.83014,-79.5762,False
St Monica Catholic Elementary School,York CDSB,markham,Elementary,English,98.0,10.0,0.0,1604.8,98%,98%,76%,52%,63%,1.0,4.0,10,375,Buttonville,43.87448,-79.3527,False
St Nicholas Catholic Elementary School,York CDSB,newmarket,Elementary,English,92.0,10.0,0.0,2284.1,92%,95%,62%,64%,67%,-1.0,17.0,15,380,Newmarket,44.03854,-79.4986,False
St Padre Pio Catholic Elementary School,York CDSB,toronto,Elementary,English,85.0,5.0,0.0,4427.8,85%,90%,46%,91%,82%,-11.0,17.0,20,380,WOODBRIDGE,43.82428,-79.6151,False
St Padre Pio Catholic Elementary School,York CDSB,toronto,Elementary,English,85.0,5.0,0.0,4427.8,85%,90%,46%,91%,82%,-11.0,17.0,20,380,WOODBRIDGE,43.82428,-79.6151,False
St Patrick Catholic Elementary School,York CDSB,markham,Elementary,English,100.0,10.0,0.0,1604.8,100%,96%,70%,88%,71%,0.0,16.0,20,275,Markham,43.87021,-79.2719,False
St Patrick Catholic Elementary School,York CDSB,king,Elementary,English,85.0,0.0,0.0,82.3,85%,100%,65%,76%,64%,-9.0,10.0,10,345,Schomberg,44.00108,-79.6875,False
St Peter Catholic Elementary School,York CDSB,vaughan,Elementary,English,42.0,10.0,5.0,1185.9,42%,61%,10%,68%,32%,-37.0,-11.0,20,260,Woodbridge,43.7791,-79.6061,True
St Raphael the Archangel Catholic Elementary School,York CDSB,aurora,Elementary,English,85.0,5.0,5.0,1241.1,85%,96%,62%,80%,76%,2.0,18.0,10,255,Maple,43.8915,-79.5145,False
St Rene Goupil-St Luke Catholic Elementary School,York CDSB,markham,Elementary,English,86.0,10.0,0.0,1604.8,86%,97%,76%,62%,67%,-14.0,16.0,20,245,Thornhill,43.82408,-79.3877,False
St Stephen Catholic Elementary School,York CDSB,vaughan,Elementary,English,81.0,0.0,0.0,1185.9,81%,84%,48%,84%,60%,-3.0,3.0,20,420,Woodbridge,43.82062,-79.6253,False
St Thomas Aquinas Catholic Elementary School,York CDSB,georgina,Elementary,English,62.0,5.0,0.0,165.6,62%,76%,18%,72%,49%,-16.0,-25.0,10,360,Keswick,44.24908,-79.4821,False
St Veronica Catholic Elementary School,York CDSB,vaughan,Elementary,English,80.0,5.0,0.0,1185.9,80%,80%,52%,83%,70%,-4.0,14.0,10,490,Woodbridge,43.83949,-79.5658,False
Adrienne Clarkson Public School,York Region DSB,richmond hill,Elementary,English,100.0,12.0,1.0,2004.4,100%,100%,81%,N/D,66%,9.0,19.0,3,555,Richmond Hill,43.84652,-79.4017,False
Aldergrove Public School,York Region DSB,markham,Elementary,English,80.0,15.0,20.0,1604.8,80%,76%,55%,68%,58%,-3.0,6.0,6,640,Unionville,43.82971,-79.2951,False
Alexander Muir Public School,York Region DSB,newmarket,Elementary,English,90.0,8.0,5.0,2284.1,90%,84%,69%,73%,73%,-2.0,14.0,15,540,Newmarket,44.05569,-79.4994,False
Anne Frank Public School,York Region DSB,vaughan,Elementary,English,80.0,7.0,1.0,1185.9,80%,91%,52%,62%,60%,2.0,-4.0,15,510,Maple,43.8594,-79.4652,False
Armadale Public School,York Region DSB,markham,Elementary,English,91.0,11.0,20.0,1604.8,91%,78%,53%,58%,56%,6.0,-10.0,9,615,Markham,43.83697,-79.2727,False
Armitage Village Public School,York Region DSB,newmarket,Elementary,English,79.0,10.0,0.0,2284.1,79%,76%,30%,85%,69%,-2.0,-17.0,10,375,Newmarket,44.03336,-79.4684,False
Ashton Meadows Public School,York Region DSB,markham,Elementary,English,99.0,10.0,5.0,1604.8,99%,97%,93%,73%,55%,23.0,30.0,10,365,Markham,43.87291,-79.3596,False
Aurora Grove Public School,York Region DSB,aurora,Elementary,English,80.0,8.0,2.0,1241.1,80%,74%,71%,68%,48%,-6.0,20.0,9,545,Aurora,43.99368,-79.4467,False
Aurora Heights Public School,York Region DSB,aurora,Elementary,English,64.0,5.0,5.0,1241.1,64%,76%,48%,72%,64%,-19.0,2.0,10,475,Aurora,44.00384,-79.4743,False
Bakersfield Public School,York Region DSB,vaughan,Elementary,English,79.0,10.0,0.0,1185.9,79%,77%,63%,83%,81%,-8.0,3.0,20,430,Thornhill,43.8279,-79.4695,False
Ballantrae Public School,York Region DSB,whitchurch-stouffville,Elementary,English,78.0,10.0,0.0,241.6,78%,85%,41%,62%,55%,-11.0,-3.0,10,230,Stouffville,44.04126,-79.2845,False
Barbara Reid Elementary Public School,York Region DSB,whitchurch-stouffville,Elementary,English,86.0,5.0,4.0,241.6,86%,94%,57%,87%,80%,-14.0,0.0,8,730,Stouffville,43.9687,-79.2252,False
Baythorn Public School,York Region DSB,markham,Elementary,English,89.0,11.0,2.0,1604.8,89%,92%,67%,39%,39%,-7.0,0.0,8,570,Thornhill,43.82708,-79.4207,False
Bayview Fairways Public School,York Region DSB,markham,Elementary,English,100.0,0.0,0.0,1604.8,100%,96%,96%,83%,83%,4.0,8.0,10,300,Thornhill,43.81859,-79.3834,False
Bayview Glen Public School,York Region DSB,markham,Elementary,English,100.0,0.0,0.0,1604.8,100%,95%,86%,82%,73%,0.0,11.0,5,180,Thornhill,43.81053,-79.3926,False
Bayview Hill Elementary School,York Region DSB,richmond hill,Elementary,English,82.0,13.0,0.0,2004.4,82%,89%,73%,72%,76%,-6.0,-13.0,5,695,Richmond Hill,43.86289,-79.4053,False
Beckett Farm Public School,York Region DSB,markham,Elementary,English,91.0,13.0,6.0,1604.8,91%,93%,74%,86%,87%,-2.0,11.0,7,825,Markham,43.88394,-79.3096,False
Beverley Acres Public School,York Region DSB,richmond hill,Elementary,English,94.0,10.0,0.0,2004.4,94%,91%,77%,,,-2.0,-2.0,5,430,Richmond Hill,43.889,-79.4229,False
Beynon Fields Public School,York Region DSB,richmond hill,Elementary,English,95.0,8.0,1.0,2004.4,95%,96%,73%,N/D,74%,-3.0,-4.0,3,615,Richmond Hill,43.916,-79.471,False
Black River Public School,York Region DSB,georgina,Elementary,English,58.0,5.0,5.0,165.6,58%,50%,21%,79%,71%,2.0,21.0,25,205,Sutton West,44.30849,-79.368,True
Black Walnut Public School,York Region DSB,markham,Elementary,English,98.0,7.0,5.0,1604.8,98%,95%,83%,84%,85%,2.0,6.0,8,740,Markham,43.89425,-79.2221,False
Blue Willow Public School,York Region DSB,vaughan,Elementary,English,77.0,8.0,4.0,1185.9,77%,84%,39%,74%,74%,-5.0,6.0,8,725,Woodbridge,43.792,-79.5577,False
Bogart Public School,York Region DSB,newmarket,Elementary,English,92.0,8.0,1.0,2284.1,92%,91%,72%,88%,79%,-7.0,5.0,12,705,Newmarket,44.04813,-79.4381,False
Bond Lake Public School,York Region DSB,richmond hill,Elementary,English,94.0,9.0,2.0,2004.4,94%,92%,75%,89%,94%,6.0,8.0,11,565,Richmond Hill,43.93866,-79.4397,False
Boxwood Public School,York Region DSB,markham,Elementary,English,88.0,5.0,5.0,1604.8,88%,76%,41%,69%,76%,-5.0,-32.0,10,360,Markham,43.8557,-79.244,False
Brownridge Public School,York Region DSB,vaughan,Elementary,English,71.0,10.0,0.0,1185.9,71%,72%,43%,68%,72%,-19.0,-27.0,20,305,Thornhill,43.80578,-79.4613,False
Buttonville Public School,York Region DSB,markham,Elementary,English,92.0,11.0,2.0,1604.8,92%,89%,82%,72%,74%,-5.0,3.0,8,510,Markham,43.86484,-79.3555,False
Carrville Mills Public School,York Region DSB,vaughan,Elementary,English,94.0,6.0,0.0,1185.9,94%,93%,61%,85%,80%,1.0,-3.0,14,550,Thornhill,43.8407,-79.4727,False
Castlemore Elementary Public School,York Region DSB,markham,Elementary,English,97.0,12.0,3.0,1604.8,97%,94%,79%,84%,87%,-1.0,0.0,5,780,Markham,43.89791,-79.3037,False
Cedarwood Public School,York Region DSB,markham,Elementary,English,93.0,9.0,9.0,1604.8,93%,92%,76%,73%,74%,2.0,23.0,6,710,Markham,43.84483,-79.2447,False
Central Park Public School,York Region DSB,markham,Elementary,English,91.0,11.0,4.0,1604.8,91%,91%,72%,89%,84%,-3.0,-1.0,7,595,Markham,43.87999,-79.2921,False
Charles Howitt Public School,York Region DSB,richmond hill,Elementary,English,90.0,15.0,4.0,2004.4,90%,91%,78%,64%,73%,5.0,9.0,7,550,Richmond Hill,43.84385,-79.4383,False
Charlton Public School,York Region DSB,vaughan,Elementary,English,95.0,5.0,0.0,1185.9,95%,95%,65%,83%,70%,8.0,-5.0,10,280,Thornhill,43.79634,-79.4641,False
Clearmeadow Public School,York Region DSB,newmarket,Elementary,English,82.0,7.0,2.0,2284.1,82%,79%,50%,64%,67%,25.0,15.0,10,600,Newmarket,44.0371,-79.4879,False
Coledale Public School,York Region DSB,markham,Elementary,English,86.0,21.0,2.0,1604.8,86%,93%,69%,88%,91%,1.0,9.0,5,605,Markham,43.86455,-79.3436,False
Coppard Glen Public School,York Region DSB,markham,Elementary,English,92.0,10.0,20.0,1604.8,92%,98%,58%,61%,65%,0.0,0.0,5,495,Markham,43.84556,-79.2737,False
Cornell Village Public School,York Region DSB,markham,Elementary,English,87.0,6.0,4.0,1604.8,87%,87%,66%,89%,80%,-6.0,-4.0,13,505,Markham,43.89115,-79.235,False
Crosby Heights Public School,York Region DSB,richmond hill,Elementary,English,76.0,16.0,3.0,2004.4,76%,74%,57%,56%,41%,-7.0,-8.0,7,705,Richmond Hill,43.8846,-79.4255,False
Crossland Public School,York Region DSB,newmarket,Elementary,English,87.0,10.0,0.0,2284.1,87%,90%,38%,76%,68%,-13.0,-9.0,10,465,Newmarket,44.04306,-79.4922,False
David Suzuki Public School,York Region DSB,markham,Elementary,English,91.0,6.0,5.0,1604.8,91%,94%,72%,82%,76%,-8.0,6.0,7,710,Markham,43.85748,-79.2221,False
Deer Park Public School,York Region DSB,georgina,Elementary,English,92.0,10.0,0.0,165.6,92%,75%,25%,60%,40%,28.0,4.0,20,155,Keswick,44.2781,-79.4783,False
Denne Public School,York Region DSB,newmarket,Elementary,English,73.0,5.0,0.0,2284.1,73%,76%,29%,60%,46%,-5.0,-10.0,10,440,Newmarket,44.07071,-79.4625,False
Devins Drive Public School,York Region DSB,aurora,Elementary,English,60.0,10.0,0.0,1241.1,60%,80%,27%,67%,50%,-28.0,-25.0,10,440,Aurora,44.00569,-79.4802,False
Discovery Public School,York Region DSB,vaughan,Elementary,English,86.0,10.0,5.0,1185.9,86%,86%,50%,79%,61%,5.0,20.0,15,455,Maple,43.8583,-79.5429,False
Donald Cousens Public School,York Region DSB,markham,Elementary,English,93.0,9.0,6.0,1604.8,93%,96%,80%,77%,81%,-3.0,-5.0,5,685,Markham,43.90455,-79.2767,False
Doncrest Public School,York Region DSB,richmond hill,Elementary,English,86.0,16.0,2.0,2004.4,86%,93%,65%,85%,89%,-11.0,-27.0,8,660,Richmond Hill,43.85325,-79.3972,False
Dr Roberta Bondar Public School,York Region DSB,vaughan,Elementary,English,95.0,4.0,2.0,1185.9,95%,90%,67%,82%,84%,9.0,7.0,11,730,Maple,43.8525,-79.4894,False
E J Sand Public School,York Region DSB,markham,Elementary,English,80.0,20.0,5.0,1604.8,80%,90%,43%,65%,73%,-12.0,-11.0,10,400,Thornhill,43.811224347,-79.41104265,False
E T Crowle Public School,York Region DSB,markham,Elementary,English,91.0,0.0,5.0,1604.8,91%,96%,74%,95%,89%,3.0,7.0,10,255,Markham,43.89098,-79.2566,False
Elder's Mills Public School,York Region DSB,vaughan,Elementary,English,93.0,5.0,5.0,1185.9,93%,92%,72%,N/D,71%,-2.0,0.0,3,600,Woodbridge,43.81412,-79.6202,False
Ellen Fairclough Public School,York Region DSB,markham,Elementary,English,95.0,10.0,15.0,1604.8,95%,100%,76%,57%,52%,9.0,22.0,10,355,Markham,43.84854,-79.2565,False
Fairwood Public School,York Region DSB,georgina,Elementary,English,64.0,5.0,0.0,165.6,64%,64%,36%,52%,45%,16.0,12.0,30,315,Keswick,44.222,-79.4492,False
Forest Run Elementary School,York Region DSB,vaughan,Elementary,English,79.0,5.0,0.0,1185.9,79%,84%,50%,62%,57%,-15.0,-13.0,15,395,Woodbridge,43.836,-79.4859,False
Fossil Hill Public School,York Region DSB,vaughan,Elementary,English,78.0,5.0,8.0,1185.9,78%,81%,60%,77%,70%,-8.0,29.0,8,625,Woodbridge,43.8368,-79.5651,False
Franklin Street Public School,York Region DSB,markham,Elementary,English,94.0,10.0,5.0,1604.8,94%,89%,86%,62%,50%,0.0,14.0,10,475,Markham,43.87985,-79.2587,False
Fred Varley Public School,York Region DSB,markham,Elementary,English,91.0,9.0,4.0,1604.8,91%,87%,79%,81%,67%,-5.0,18.0,4,685,Markham,43.89122,-79.2862,False
German Mills Public School,York Region DSB,markham,Elementary,English,100.0,5.0,0.0,1604.8,100%,100%,87%,73%,86%,4.0,11.0,10,270,Thornhill,43.81495,-79.3668,False
Glad Park Public School,York Region DSB,whitchurch-stouffville,Elementary,English,87.0,6.0,3.0,241.6,87%,91%,57%,55%,62%,-6.0,-4.0,10,820,Stouffville,43.9742,-79.2588,False
Glen Cedar Public School,York Region DSB,newmarket,Elementary,English,77.0,10.0,5.0,2284.1,77%,54%,26%,46%,38%,2.0,-15.0,10,265,Newmarket,44.06912,-79.4401,False
Glen Shields Public School,York Region DSB,vaughan,Elementary,English,95.0,0.0,5.0,1185.9,95%,89%,77%,71%,62%,13.0,8.0,5,410,Concord,43.79199,-79.4818,False
Glenn Gould Public School,York Region DSB,vaughan,Elementary,English,91.0,6.0,5.0,1185.9,91%,84%,61%,70%,55%,7.0,14.0,6,560,Vaughan,43.8605,-79.5574,False
Greensborough Public School,York Region DSB,markham,Elementary,English,90.0,6.0,5.0,1604.8,90%,94%,61%,87%,67%,-7.0,-8.0,7,650,Markham,43.9014,-79.2447,False
H G Bernard Public School,York Region DSB,richmond hill,Elementary,English,81.0,10.0,5.0,2004.4,81%,85%,48%,88%,58%,-8.0,-26.0,10,330,Richmond Hill,43.9008,-79.4338,False
Harry Bowes Public School,York Region DSB,whitchurch-stouffville,Elementary,English,93.0,4.0,2.0,241.6,93%,90%,46%,68%,55%,2.0,0.0,9,650,Stouffville,43.9807,-79.2424,False
Hartman Public School,York Region DSB,aurora,Elementary,English,95.0,8.0,2.0,1241.1,95%,95%,62%,82%,84%,3.0,-2.0,12,550,Aurora,44.0111,-79.4404,False
Henderson Avenue Public School,York Region DSB,markham,Elementary,English,79.0,15.0,0.0,1604.8,79%,84%,61%,79%,75%,-15.0,-27.0,5,365,Thornhill,43.80512,-79.4085,False
Herbert H Carnegie Public School,York Region DSB,vaughan,Elementary,English,86.0,6.0,2.0,1185.9,86%,93%,73%,91%,83%,-4.0,19.0,12,625,Maple,43.87652,-79.4772,False
Highgate Public School,York Region DSB,markham,Elementary,English,93.0,15.0,20.0,1604.8,93%,95%,74%,79%,78%,-1.0,-2.0,0,500,Markham,43.82691,-79.315,False
Highview Public School,York Region DSB,aurora,Elementary,English,88.0,10.0,0.0,1241.1,88%,84%,65%,87%,87%,-3.0,1.0,10,435,Aurora,43.97178,-79.4817,False
Holland Landing Public School,York Region DSB,east gwillimbury,Elementary,English,89.0,6.0,4.0,141.4,89%,76%,40%,72%,54%,3.0,3.0,11,535,Holland Landing,44.09604,-79.4777,False
James Robinson Public School,York Region DSB,markham,Elementary,English,89.0,10.0,10.0,1604.8,89%,79%,51%,84%,66%,4.0,-7.0,10,390,Markham,43.87575,-79.2682,False
Jersey Public School,York Region DSB,georgina,Elementary,English,50.0,10.0,10.0,165.6,50%,65%,15%,23%,24%,-26.0,-9.0,20,225,Keswick,44.21429,-79.4576,True
John McCrae Public School,York Region DSB,markham,Elementary,English,90.0,10.0,6.0,1604.8,90%,92%,80%,74%,76%,0.0,1.0,6,625,Markham,43.90185,-79.2874,False
Johnny Lombardi Public School,York Region DSB,vaughan,Elementary,English,85.0,6.0,5.0,1185.9,85%,85%,58%,73%,64%,-7.0,3.0,9,750,Woodbridge,43.85194,-79.5705,False
Johnsview Village Public School,York Region DSB,markham,Elementary,English,88.0,10.0,0.0,1604.8,88%,88%,73%,74%,81%,-6.0,-2.0,0,225,Thornhill,43.81707,-79.3969,False
Joseph A Gibson Public School,York Region DSB,vaughan,Elementary,English,83.0,0.0,5.0,1185.9,83%,74%,46%,92%,77%,0.0,-23.0,5,375,Maple,43.85008,-79.5192,False
Julliard Public School,York Region DSB,vaughan,Elementary,English,95.0,10.0,5.0,1185.9,95%,95%,73%,N/D,69%,4.0,1.0,0,475,Maple,43.8322,-79.5356,False
Keswick Public School,York Region DSB,georgina,Elementary,English,89.0,5.0,0.0,165.6,89%,80%,59%,N/D,40%,5.0,28.0,15,355,Keswick,44.24586,-79.4705,False
Kettle Lakes Public School,York Region DSB,richmond hill,Elementary,English,95.0,10.0,0.0,2004.4,95%,95%,64%,62%,80%,8.0,27.0,10,445,Richmond Hill,43.936,-79.4728,False
Kettleby Public School,York Region DSB,king,Elementary,English,78.0,10.0,0.0,82.3,78%,67%,17%,82%,64%,-16.0,-55.0,5,155,Kettleby,44.00378,-79.5824,False
King City Public School,York Region DSB,king,Elementary,English,60.0,5.0,0.0,82.3,60%,72%,40%,44%,38%,-4.0,20.0,15,270,King City,43.93218,-79.5185,False
Kleinburg Public School,York Region DSB,vaughan,Elementary,English,88.0,7.0,2.0,1185.9,88%,88%,58%,71%,57%,-6.0,15.0,9,625,Kleinburg,43.84153,-79.6252,False
Lake Simcoe Public School,York Region DSB,georgina,Elementary,English,68.0,7.0,3.0,165.6,68%,66%,29%,52%,45%,-10.0,9.0,15,620,Keswick,44.19737,-79.4578,False
Lake Wilcox Public School,York Region DSB,richmond hill,Elementary,English,78.0,10.0,0.0,2004.4,78%,89%,33%,61%,71%,-12.0,-29.0,10,435,Richmond Hill,43.9539,-79.4372,False
Lakeside Public School,York Region DSB,georgina,Elementary,English,54.0,10.0,5.0,165.6,54%,61%,8%,43%,39%,-32.0,-13.0,20,405,Keswick,44.24448,-79.4729,True
Legacy Public School,York Region DSB,markham,Elementary,English,90.0,5.0,5.0,1604.8,90%,95%,74%,74%,67%,-5.0,14.0,10,465,Markham,43.8647,-79.2338,False
Lester B Pearson Public School,York Region DSB,aurora,Elementary,English,97.0,7.0,1.0,1241.1,97%,99%,80%,N/D,56%,2.0,7.0,7,575,Aurora,44.00697,-79.465,False
Lincoln Alexander Public School,York Region DSB,markham,Elementary,English,95.0,5.0,5.0,1604.8,95%,95%,88%,96%,92%,1.0,3.0,10,455,Markham,43.87695,-79.3684,False
Little Rouge Public School,York Region DSB,markham,Elementary,English,92.0,9.0,4.0,1604.8,92%,85%,57%,65%,60%,2.0,3.0,9,620,Markham,43.9017,-79.2351,False
Lorna Jackson Public School,York Region DSB,vaughan,Elementary,English,97.0,5.0,0.0,1185.9,97%,92%,68%,71%,58%,-3.0,9.0,5,460,Woodbridge,43.8225,-79.6207,False
Louis-Honore Frechette Public School,York Region DSB,vaughan,Elementary,English,93.0,6.0,1.0,1185.9,93%,97%,75%,N/D,78%,3.0,3.0,7,585,Thornhill,43.79118,-79.4587,False
MacLeod's Landing Public School,York Region DSB,richmond hill,Elementary,English,85.0,9.0,0.0,2004.4,85%,83%,74%,74%,68%,-10.0,-6.0,10,545,Richmond Hill,43.9243,-79.4552,False
Mackenzie Glen Public School,York Region DSB,vaughan,Elementary,English,86.0,4.0,2.0,1185.9,86%,88%,67%,87%,78%,-10.0,-7.0,11,525,Maple,43.8648,-79.5308,False
Maple Creek Public School,York Region DSB,vaughan,Elementary,English,83.0,5.0,5.0,1185.9,83%,81%,46%,72%,70%,1.0,-3.0,10,485,Maple,43.843,-79.5258,False
Maple Leaf Public School,York Region DSB,newmarket,Elementary,English,90.0,10.0,5.0,2284.1,90%,75%,50%,50%,39%,8.0,27.0,10,415,Newmarket,44.06147,-79.4692,False
Markham Gateway Public School,York Region DSB,markham,Elementary,English,93.0,10.0,15.0,1604.8,93%,84%,60%,83%,73%,-5.0,-10.0,0,405,Markham,43.84486,-79.2591,False
Mazo De La Roche Public School,York Region DSB,newmarket,Elementary,English,99.0,6.0,2.0,2284.1,99%,98%,68%,N/D,81%,1.0,-5.0,6,585,Newmarket,44.061,-79.4401,False
Meadowbrook Public School,York Region DSB,newmarket,Elementary,English,85.0,5.0,0.0,2284.1,85%,79%,38%,52%,36%,-1.0,-7.0,15,495,Newmarket,44.06932,-79.4505,False
Michael Cranny Elementary School,York Region DSB,vaughan,Elementary,English,95.0,4.0,4.0,1185.9,95%,97%,84%,86%,77%,-3.0,3.0,8,580,Maple,43.85515,-79.5332,False
Milliken Mills Public School,York Region DSB,markham,Elementary,English,88.0,10.0,10.0,1604.8,88%,88%,81%,73%,65%,-9.0,2.0,5,430,Unionville,43.82654,-79.3178,False
Moraine Hills Public School,York Region DSB,richmond hill,Elementary,English,95.0,10.0,1.0,2004.4,95%,95%,74%,81%,76%,6.0,2.0,13,515,Richmond Hill,43.9103,-79.4556,False
Morning Glory Public School,York Region DSB,georgina,Elementary,English,77.0,10.0,0.0,165.6,77%,83%,31%,38%,38%,5.0,23.0,20,360,Pefferlaw,44.32515,-79.241,False
Mount Albert Public School,York Region DSB,east gwillimbury,Elementary,English,80.0,0.0,0.0,141.4,80%,79%,47%,,,-10.0,-6.0,25,395,Mount Albert,44.13248,-79.3114,False
Mount Joy Public School,York Region DSB,markham,Elementary,English,87.0,6.0,2.0,1604.8,87%,93%,70%,85%,85%,-10.0,2.0,8,580,Markham,43.9026,-79.2585,False
Nellie McClung Public School,York Region DSB,vaughan,Elementary,English,72.0,10.0,5.0,1185.9,72%,84%,38%,81%,84%,-17.0,-5.0,20,470,Vaughan,43.85502,-79.471,False
Nobleton Public School,York Region DSB,king,Elementary,English,70.0,5.0,0.0,82.3,70%,70%,25%,68%,59%,-14.0,-22.0,10,405,Nobleton,43.90899,-79.664,False
Nokiidaa Public School,York Region DSB,markham,Elementary,English,85.0,5.0,5.0,1604.8,85%,90%,73%,92%,96%,-15.0,-10.0,10,475,Markham,43.8906,-79.3722,False
Northern Lights Public School,York Region DSB,aurora,Elementary,English,89.0,5.0,2.0,1241.1,89%,89%,65%,86%,67%,5.0,14.0,15,525,Aurora,44.0156,-79.4539,False
O M MacKillop Public School,York Region DSB,richmond hill,Elementary,English,74.0,10.0,5.0,2004.4,74%,84%,35%,70%,70%,-17.0,-35.0,10,235,Richmond Hill,43.88147,-79.446,False
Oak Ridges Public School,York Region DSB,richmond hill,Elementary,English,76.0,7.0,1.0,2004.4,76%,81%,58%,64%,66%,-12.0,9.0,10,500,Richmond Hill,43.95188,-79.4689,False
Oscar Peterson Public School,York Region DSB,whitchurch-stouffville,Elementary,English,94.0,6.0,3.0,241.6,94%,87%,58%,73%,70%,1.0,-9.0,8,760,Stouffville,43.95968,-79.2648,False
Park Avenue Public School,York Region DSB,east gwillimbury,Elementary,English,87.0,7.0,4.0,141.4,87%,90%,52%,64%,45%,6.0,8.0,15,550,Holland Landing,44.11024,-79.5073,False
Parkland Public School,York Region DSB,markham,Elementary,English,97.0,10.0,22.0,1604.8,97%,94%,76%,65%,55%,8.0,4.0,6,790,Markham,43.83991,-79.2594,False
Parkview Public School,York Region DSB,markham,Elementary,English,88.0,22.0,3.0,1604.8,88%,86%,78%,77%,80%,-12.0,-9.0,8,550,Unionville,43.86713,-79.3139,False
Phoebe Gilman Public School,York Region DSB,east gwillimbury,Elementary,English,92.0,9.0,4.0,141.4,92%,93%,60%,67%,62%,9.0,22.0,10,725,East Gwillimbury,44.06774,-79.4962,False
Pierre Berton Public School,York Region DSB,vaughan,Elementary,English,88.0,4.0,4.0,1185.9,88%,95%,67%,85%,83%,-8.0,-4.0,9,675,Vaughan,43.83518,-79.5775,False
Pine Grove Public School,York Region DSB,vaughan,Elementary,English,83.0,0.0,0.0,1185.9,83%,90%,58%,80%,75%,-2.0,25.0,5,450,Woodbridge,43.79778,-79.5879,False
Pleasantville Public School,York Region DSB,richmond hill,Elementary,English,78.0,5.0,0.0,2004.4,78%,83%,57%,88%,88%,-20.0,-11.0,10,370,Richmond Hill,43.87439,-79.4573,False
Poplar Bank Public School,York Region DSB,newmarket,Elementary,English,94.0,7.0,4.0,2284.1,94%,94%,65%,N/D,77%,-3.0,1.0,8,565,Newmarket,44.06266,-79.4918,False
Prince Charles Public School,York Region DSB,newmarket,Elementary,English,78.0,10.0,0.0,2284.1,78%,91%,39%,40%,74%,-11.0,17.0,10,345,Newmarket,44.05607,-79.448,False
R L Graham Public School,York Region DSB,georgina,Elementary,English,71.0,10.0,5.0,165.6,71%,74%,41%,77%,65%,-20.0,6.0,20,485,Keswick,44.22379,-79.4596,False
Ramer Wood Public School,York Region DSB,markham,Elementary,English,91.0,10.0,0.0,1604.8,91%,88%,64%,78%,82%,3.0,-1.0,5,355,Markham,43.88025,-79.2776,False
Randall Public School,York Region DSB,markham,Elementary,English,89.0,10.0,13.0,1604.8,89%,95%,67%,66%,68%,-2.0,5.0,8,755,Markham,43.8415,-79.2867,False
Red Maple Public School,York Region DSB,richmond hill,Elementary,English,83.0,14.0,1.0,2004.4,83%,85%,64%,67%,67%,9.0,14.0,7,595,Richmond Hill,43.84433,-79.4239,False
Redstone Public School,York Region DSB,richmond hill,Elementary,English,90.0,5.0,0.0,2004.4,90%,92%,64%,85%,82%,2.0,-1.0,10,460,Richmond Hill,43.8901,-79.3991,False
Reesor Park Public School,York Region DSB,markham,Elementary,English,74.0,5.0,0.0,1604.8,74%,81%,58%,83%,72%,-20.0,9.0,10,465,Markham,43.88561,-79.2449,False
Regency Acres Public School,York Region DSB,aurora,Elementary,English,69.0,5.0,0.0,1241.1,69%,69%,44%,70%,61%,1.0,-10.0,10,355,Aurora,43.98385,-79.4758,False
Richmond Rose Public School,York Region DSB,richmond hill,Elementary,English,87.0,12.0,1.0,2004.4,87%,82%,82%,84%,89%,-6.0,4.0,10,505,Richmond Hill,43.88428,-79.4127,False
Rick Hansen Public School,York Region DSB,aurora,Elementary,English,82.0,8.0,2.0,1241.1,82%,86%,68%,84%,89%,-12.0,-6.0,9,655,Aurora,44.02079,-79.4413,False
Rogers Public School,York Region DSB,newmarket,Elementary,English,84.0,10.0,0.0,2284.1,84%,88%,68%,80%,64%,-12.0,-8.0,10,415,Newmarket,44.04584,-79.4659,False
Roméo Dallaire Public School,York Region DSB,vaughan,Elementary,English,86.0,5.0,2.0,1185.9,86%,92%,62%,N/D,80%,-12.0,-10.0,7,680,Maple,43.85542,-79.4984,False
Rosedale Heights Public School,York Region DSB,vaughan,Elementary,English,74.0,15.0,0.0,1185.9,74%,82%,47%,76%,67%,-9.0,0.0,10,425,Thornhill,43.81694,-79.449,False
Roselawn Public School,York Region DSB,richmond hill,Elementary,English,85.0,10.0,0.0,2004.4,85%,78%,62%,,,1.0,0.0,20,280,Richmond Hill,43.85069,-79.4465,False
Rouge Park Public School,York Region DSB,markham,Elementary,English,85.0,7.0,5.0,1604.8,85%,84%,69%,92%,87%,-7.0,9.0,7,625,Markham,43.88884,-79.2164,False
Roy H Crosby Public School,York Region DSB,markham,Elementary,English,100.0,5.0,5.0,1604.8,100%,98%,95%,67%,57%,3.0,0.0,5,240,Markham,43.86603,-79.2762,False
Sam Chapman Public School,York Region DSB,manitouwadge,Elementary,English,96.0,7.0,4.0,5.6,96%,98%,80%,N/D,76%,0.0,6.0,6,545,Markham,43.90918,-79.252,False
Schomberg Public School,York Region DSB,king,Elementary,English,100.0,0.0,0.0,82.3,100%,88%,53%,95%,86%,11.0,14.0,10,140,Schomberg,43.99928,-79.6767,False
Sharon Public School,York Region DSB,east gwillimbury,Elementary,English,88.0,5.0,0.0,141.4,88%,80%,60%,74%,74%,9.0,15.0,20,260,Sharon,44.09091,-79.4389,False
Silver Pines Public School,York Region DSB,richmond hill,Elementary,English,77.0,10.0,1.0,2004.4,77%,81%,46%,71%,72%,-7.0,-3.0,8,525,Richmond Hill,43.88899,-79.457,False
Silver Stream Public School,York Region DSB,richmond hill,Elementary,English,94.0,12.0,1.0,2004.4,94%,98%,89%,88%,88%,-2.0,1.0,5,650,Richmond Hill,43.8819,-79.4029,False
Sir Wilfrid Laurier Public School,York Region DSB,markham,Elementary,English,97.0,10.0,3.0,1604.8,97%,98%,88%,N/D,91%,-2.0,4.0,5,710,Markham,43.89044,-79.3728,False
Sixteenth Avenue Public School,York Region DSB,richmond hill,Elementary,English,86.0,15.0,0.0,2004.4,86%,79%,48%,74%,63%,-5.0,-19.0,5,485,Richmond Hill,43.85606,-79.4215,False
Stonebridge Public School,York Region DSB,markham,Elementary,English,98.0,11.0,5.0,1604.8,98%,97%,86%,82%,79%,8.0,6.0,5,790,Markham,43.89081,-79.2962,False
Stonehaven Elementary School,York Region DSB,newmarket,Elementary,English,85.0,6.0,2.0,2284.1,85%,85%,64%,75%,63%,-2.0,19.0,11,630,Newmarket,44.0362,-79.4393,False
Stuart Scott Public School,York Region DSB,newmarket,Elementary,English,82.0,10.0,0.0,2284.1,82%,89%,36%,93%,100%,19.0,20.0,20,190,Newmarket,44.04954,-79.4627,False
Summitview Public School,York Region DSB,whitchurch-stouffville,Elementary,English,81.0,5.0,0.0,241.6,81%,84%,59%,71%,61%,-8.0,7.0,10,365,Stouffville,43.97277,-79.2389,False
Sutton Public School,York Region DSB,georgina,Elementary,English,77.0,5.0,5.0,165.6,77%,71%,23%,67%,47%,-4.0,4.0,20,420,Sutton West,44.30205,-79.3676,False
Terry Fox Public School,York Region DSB,newmarket,Elementary,English,75.0,5.0,0.0,2284.1,75%,68%,39%,75%,56%,-14.0,-10.0,15,425,Newmarket,44.031,-79.485,False
Teston Village Public School,York Region DSB,vaughan,Elementary,English,69.0,10.0,5.0,1185.9,69%,73%,35%,41%,52%,-11.0,-15.0,15,375,Maple,43.86272,-79.5464,False
Thornhill Public School,York Region DSB,vaughan,Elementary,English,92.0,10.0,0.0,1185.9,92%,92%,56%,94%,75%,6.0,1.0,20,245,Thornhill,43.81114,-79.424,False
Thornhill Woods Public School,York Region DSB,vaughan,Elementary,English,93.0,5.0,0.0,1185.9,93%,95%,75%,92%,81%,13.0,32.0,20,355,Thornhill,43.83536,-79.4672,False
Trillium Woods Public School,York Region DSB,richmond hill,Elementary,English,90.0,11.0,1.0,2004.4,90%,91%,77%,75%,81%,0.0,10.0,7,720,Richmond Hill,43.90277,-79.4572,False
Unionville Meadows Public School,York Region DSB,markham,Elementary,English,84.0,14.0,7.0,1604.8,84%,81%,71%,77%,75%,-12.0,-11.0,8,740,Markham,43.85651,-79.2939,False
Unionville Public School,York Region DSB,markham,Elementary,English,85.0,10.0,0.0,1604.8,85%,85%,63%,78%,85%,-12.0,-5.0,10,350,Unionville,43.87454,-79.3134,False
Vellore Woods Public School,York Region DSB,vaughan,Elementary,English,80.0,0.0,5.0,1185.9,80%,76%,47%,68%,80%,-12.0,-2.0,10,430,Woodbridge,43.8381,-79.5561,False
Ventura Park Public School,York Region DSB,vaughan,Elementary,English,94.0,6.0,1.0,1185.9,94%,94%,75%,N/D,82%,-6.0,-9.0,6,545,Thornhill,43.8166,-79.4646,False
Victoria Square Public School,York Region DSB,markham,Elementary,English,94.0,10.0,0.0,1604.8,94%,97%,77%,74%,81%,6.0,6.0,5,440,Markham,43.9069,-79.3737,False
Viola Desmond Public School,York Region DSB,vaughan,Elementary,English,85.0,10.0,5.0,1185.9,85%,93%,56%,68%,76%,4.0,10.0,5,430,Maple,43.87131,-79.4716,False
W J Watson Public School,York Region DSB,georgina,Elementary,English,49.0,5.0,0.0,165.6,49%,51%,27%,60%,56%,-34.0,1.0,25,375,Keswick,44.24073,-79.4615,True
Walter Scott Public School,York Region DSB,richmond hill,Elementary,English,76.0,20.0,5.0,2004.4,76%,82%,47%,39%,32%,-2.0,0.0,10,455,Richmond Hill,43.87504,-79.4219,False
Wellington Public School,York Region DSB,aurora,Elementary,English,91.0,10.0,0.0,1241.1,91%,91%,76%,79%,76%,-5.0,-9.0,5,470,Aurora,43.99708,-79.4765,False
Wendat Village Public School,York Region DSB,whitchurch-stouffville,Elementary,English,88.0,5.0,5.0,241.6,88%,88%,57%,85%,73%,-5.0,9.0,12,650,Stouffville,43.96321,-79.2422,False
Westminster Public School,York Region DSB,vaughan,Elementary,English,82.0,5.0,0.0,1185.9,82%,76%,41%,69%,75%,-5.0,-9.0,20,200,Thornhill,43.79882,-79.4512,False
Whitchurch Highlands Public School,York Region DSB,whitchurch-stouffville,Elementary,English,100.0,10.0,0.0,241.6,100%,90%,77%,62%,69%,4.0,13.0,10,225,Stouffville,43.98569,-79.3627,False
Wilclay Public School,York Region DSB,markham,Elementary,English,87.0,9.0,21.0,1604.8,87%,90%,67%,69%,62%,-8.0,-4.0,7,605,Markham,43.83266,-79.2825,False
William Armstrong Public School,York Region DSB,markham,Elementary,English,90.0,10.0,0.0,1604.8,90%,97%,61%,73%,59%,-10.0,-12.0,10,230,Markham,43.87467,-79.2424,False
William Berczy Public School,York Region DSB,markham,Elementary,English,95.0,15.0,3.0,1604.8,95%,93%,92%,85%,80%,-5.0,5.0,4,590,Unionville,43.87166,-79.3257,False
Willowbrook Public School,York Region DSB,markham,Elementary,English,87.0,10.0,0.0,1604.8,87%,80%,62%,96%,77%,-10.0,0.0,10,345,Thornhill,43.82903,-79.3979,False
Wilshire Elementary School,York Region DSB,vaughan,Elementary,English,60.0,10.0,0.0,1185.9,60%,83%,35%,67%,58%,-19.0,-1.0,20,340,Thornhill,43.81369,-79.4668,False
Windham Ridge Public School,York Region DSB,richmond hill,Elementary,English,94.0,7.0,1.0,2004.4,94%,96%,72%,N/D,81%,6.0,11.0,3,585,Richmond Hill,43.93601,-79.473,False
Wismer Public School,York Region DSB,markham,Elementary,English,92.0,12.0,7.0,1604.8,92%,92%,71%,88%,79%,3.0,-3.0,8,690,Markham,43.8984,-79.2746,False
Woodbridge Public School,York Region DSB,vaughan,Elementary,English,88.0,7.0,6.0,1185.9,88%,81%,67%,81%,77%,14.0,32.0,8,535,Woodbridge,43.78062,-79.5956,False
Woodland Public School,York Region DSB,vaughan,Elementary,English,100.0,10.0,0.0,1185.9,100%,96%,78%,,,7.0,-2.0,10,215,Thornhill,43.82495,-79.4135,False
Yorkhill Elementary School,York Region DSB,vaughan,Elementary,English,83.0,5.0,0.0,1185.9,83%,92%,62%,89%,77%,-5.0,0.0,10,350,Thornhill,43.80399,-79.4368,False
